series,n,parameter,metric,mean,sd,delta,z_mean,ci_low,ci_high,p_value,q_bh,power,fpr_control,n_reps
s5a,100,0,mtd_PQ,3.660139497121175,1.0097079083950655,2.0724163126336256e-16,1.12419557530179e-15,-0.3430112266540524,0.35642975171407054,0.9999999999999991,0.9999999999999991,0.03333333333333333,0.0,30
s5a,100,0.25,mtd_PQ,5.101136557261149,0.8474220097642066,1.4409970601399749,7.816781354001212,1.124166467984518,1.7370050253470737,5.419111175901152e-15,1.6257333527703456e-14,0.26666666666666666,0.0,30
s5a,100,0.5,mtd_PQ,9.666736443837484,1.0404742924776245,6.006596946716308,32.58317196672964,5.672438488006591,6.37252332131068,7.101115893982512e-233,2.840446357593005e-232,1.0,0.0,30
s5a,100,0.75,mtd_PQ,10.956324418385824,1.0380535321841686,7.296184921264648,39.578624985082406,6.909723129272461,7.668874475161234,0.0,0.0,1.0,0.0,30
s5a,100,0,mtd_QP,4.331331650416057,0.8225964493211243,-2.9605947323337506e-16,-1.971300167728216e-15,-0.29391339798768396,0.2892467037836712,0.9999999999999984,0.9999999999999991,0.03333333333333333,0.0,30
s5a,100,0.25,mtd_QP,4.08862271308899,0.9870125640851493,-0.24270893732706736,-1.616067757051081,-0.5690414061148966,0.10920479416847202,0.10607966445398928,0.19583938053044173,0.06666666666666667,0.0,30
s5a,100,0.5,mtd_QP,3.9962381521860757,0.8642695925400303,-0.3350934982299808,-2.2312066628068608,-0.603560976982117,-0.03184461990992283,0.025667442840383914,0.05133488568076783,0.13333333333333333,0.0,30
s5a,100,0.75,mtd_QP,3.9142250299453734,0.8752611510316465,-0.41710662047068325,-2.77728775882222,-0.7100748280684155,-0.11075830161571533,0.005481462614901539,0.013155510275763694,0.1,0.0,30
s5a,100,0,ntd_PQ,55.73943677862265,25.7065168348949,-6.394884621840902e-15,-1.362542651157558e-15,-8.124255036073066,8.685754868588276,0.9999999999999989,0.9999999999999991,0.06666666666666667,0.0,30
s5a,100,0.25,ntd_PQ,90.43213197887518,37.89889008836719,34.692695200252516,7.391888937684291,22.139078365687457,47.47097448399589,1.4475741883146715e-13,3.8601978355057904e-13,0.36666666666666664,0.0,30
s5a,100,0.5,ntd_PQ,141.37461049614222,56.81208351110923,85.63517371751956,18.24608003573611,68.00860822148928,106.28356891623208,2.2229950945562453e-74,7.621697467049984e-74,0.5666666666666667,0.0,30
s5a,100,0.75,ntd_PQ,274.396897509707,109.90493289470493,218.65746073108437,46.58881807224004,180.9825905303145,258.30464026266526,0.0,0.0,1.0,0.0,30
s5a,100,0,ntd_QP,59.42074659701321,23.29361060387161,-1.0894988614988204e-14,-2.56183170984998e-15,-7.974897239296183,8.606156455911991,0.999999999999998,0.9999999999999991,0.03333333333333333,0.0,30
s5a,100,0.25,ntd_QP,57.88077352498433,22.77214155835274,-1.539973072028895,-0.3621070188922802,-9.32917454539819,6.9385390413240575,0.7172720587543284,0.9563627450057712,0.03333333333333333,0.0,30
s5a,100,0.5,ntd_QP,55.592160138562505,22.0243872288306,-3.828586458450705,-0.9002482278566263,-11.312666675553052,4.582563435372341,0.3679881659071058,0.6308368558407528,0.03333333333333333,0.0,30
s5a,100,0.75,ntd_QP,48.553174034608915,19.65900244129139,-10.867572562404284,-2.5553851392889264,-17.619919247211772,-3.487873290032437,0.010607036188436156,0.02314262441113343,0.03333333333333333,0.0,30
s5a,100,0,rtd,9.761291631062825,0.5860318658616728,4.736951571734001e-16,4.427293771489943e-15,-0.20624975919723512,0.1992060263951618,0.9999999999999964,,0.06666666666666667,0.0,30
s5a,100,0.25,rtd,8.707324568430582,0.4656384991487189,-1.0539670626322424,-9.850685068412401,-1.2148619778950998,-0.8990883485476177,6.807834549321826e-23,,0.43333333333333335,0.0,30
s5a,100,0.5,rtd,6.952873182296753,0.306553750934636,-2.8084184487660706,-26.24830192513033,-2.909525263706843,-2.698227169911066,7.4739100957898916e-152,,1.0,0.0,30
s5a,100,0.75,rtd,4.923151667912801,0.20769377669498518,-4.838139963150023,-45.2186740777883,-4.911024024089176,-4.765208382209142,0.0,,1.0,0.0,30
s5a,100,0,mmd,0.0,0.0,0.0,0.0,0.0,0.0,1.0,,0.0,0.0,30
s5a,100,0.25,mmd,0.021045859520655696,0.019974357015702306,0.021045859520655696,21045859520.655697,0.014341645990070652,0.028027974033281618,0.0,,0.6333333333333333,0.0,30
s5a,100,0.5,mmd,0.18898846897726368,0.008296432477249224,0.18898846897726368,188988468977.26367,0.18608272568508377,0.19191177638892976,0.0,,1.0,0.0,30
s5a,100,0.75,mmd,0.2891798861920235,0.0059981486974646095,0.2891798861920235,289179886192.0235,0.2871861891410124,0.29136799459789625,0.0,,1.0,0.0,30
s5a,100,0,frechet,0.27057108695275606,0.07311864509858916,-4.533410683886056e-17,-3.395920822199731e-15,-0.02441869038379815,0.025803758748522476,0.9999999999999973,,0.03333333333333333,0.0,30
s5a,100,0.25,frechet,1.3666358244130405,0.12019025158062298,1.0960647374602845,82.10482843856587,1.054283990795994,1.136901428721744,0.0,,1.0,0.0,30
s5a,100,0.5,frechet,3.0670886588285753,0.1222914963170778,2.7965175718758197,209.48360768938497,2.7546028272395096,2.837588448742913,0.0,,1.0,0.0,30
s5a,100,0.75,frechet,5.3133975023419024,0.11778045904090823,5.042826415389147,377.7517728016468,4.998633564127926,5.08367412123742,0.0,,1.0,0.0,30
s5a,100,0,js,0.0011474021749779786,0.006284580537659284,1.3010426069826053e-19,1.1339028583187695e-16,-0.0011474021749779786,0.0022948043499559567,0.9999999999999999,,0.03333333333333333,0.0,30
s5a,100,0.25,js,0.06238482700180439,0.04963156825994943,0.06123742482682641,53.37049737998903,0.04453159522106445,0.07812416297630495,0.0,,0.7666666666666667,0.0,30
s5a,100,0.5,js,0.2849499695963353,0.04140229985798205,0.28380256742135734,247.34358480666177,0.269940211903347,0.2981315435984636,0.0,,1.0,0.0,30
s5a,100,0.75,js,0.521428023567713,0.0398835077385783,0.5202806213927352,453.4422474397685,0.5071343585725259,0.5345495910744044,0.0,,1.0,0.0,30
s5a,100,0,energy,0.033934173834189944,0.00786688215512935,-4.625929269271486e-19,-3.2207496673726954e-16,-0.002711818282610076,0.003196036439940193,0.9999999999999998,,0.06666666666666667,0.0,30
s5a,100,0.25,energy,0.19664144167973654,0.02134419140647804,0.1627072678455466,113.28305045078923,0.15503114537610466,0.17049273070405851,0.0,,1.0,0.0,30
s5a,100,0.5,energy,0.6545071454157568,0.038145014533246244,0.6205729715815669,432.0667428009732,0.608008739281918,0.6334607505066269,0.0,,1.0,0.0,30
s5a,100,0.75,energy,1.4827506143291103,0.05223938968698041,1.4488164404949204,1008.7216637324367,1.4299525251991765,1.465476224412331,0.0,,1.0,0.0,30
s5a,100,0,precision@3,0.9309999999999999,0.035849301440796615,-5.921189464667501e-17,-9.046672895204831e-15,-0.01234166666666664,0.012341666666666634,0.9999999999999928,0.9999999999999991,0.03333333333333333,0.0,30
s5a,100,0.25,precision@3,0.926,0.03399797154192462,0.004999999999999941,0.7639236127460018,-0.017000000000000015,0.005999999999999897,0.44491276505188226,0.7118604240830116,0.06666666666666667,0.0,30
s5a,100,0.5,precision@3,0.9273333333333335,0.03867934790069486,0.0036666666666666146,0.5602106493470667,-0.018341666666666645,0.01000833333333355,0.5753357640280278,0.8122387256866274,0.06666666666666667,0.0,30
s5a,100,0.75,precision@3,0.9356666666666669,0.04166229862161688,-0.004666666666666734,-0.712995371896287,-0.010333333333333194,0.018666666666666942,0.4758486210039061,0.7137729315058592,0.03333333333333333,0.0,30
s5a,100,0,recall@3,0.9356666666666668,0.030702502799623985,1.0362081563168128e-16,1.8485612885971582e-14,-0.011675000000000046,0.01100833333333344,0.9999999999999852,0.9999999999999991,0.03333333333333333,0.0,30
s5a,100,0.25,recall@3,0.7163333333333333,0.03438958676926664,0.21933333333333346,39.12834567333915,-0.2306666666666668,-0.20700000000000018,0.0,0.0,1.0,0.0,30
s5a,100,0.5,recall@3,0.4836666666666666,0.02552663697791582,0.45200000000000007,80.63531418396332,-0.461,-0.4433333333333334,0.0,0.0,1.0,0.0,30
s5a,100,0.75,recall@3,0.251,0.021391264733450238,0.6846666666666666,122.14228269458746,-0.6920000000000002,-0.677,0.0,0.0,1.0,0.0,30
s5a,250,0,mtd_PQ,6.8391750653584795,0.920049697552489,2.9605947323337506e-16,1.7624966595111557e-15,-0.31343588948249823,0.31533947626749725,0.9999999999999986,0.9999999999999992,0.03333333333333333,0.0,30
s5a,250,0.25,mtd_PQ,8.380756298700968,0.9053900151058462,1.5415812333424883,9.17731746414838,1.2305991927782702,1.8467060263951627,4.419638014849568e-20,1.0607131235638963e-19,0.4,0.0,30
s5a,250,0.5,mtd_PQ,12.673371950785318,0.966056397773077,5.834196885426837,34.732050318111575,5.478601451714833,6.153822587331136,2.5870633410202313e-264,8.869931454926508e-264,1.0,0.0,30
s5a,250,0.75,mtd_PQ,14.480654048919678,1.1335855653322506,7.641478983561196,45.49113404533694,7.218442349433899,8.079702104727428,0.0,0.0,1.0,0.0,30
s5a,250,0,mtd_QP,7.135081100463867,0.9892588130804438,1.7763568394002506e-16,9.835148277153576e-16,-0.3289950891335803,0.3547366273403163,0.9999999999999992,0.9999999999999992,0.06666666666666667,0.0,30
s5a,250,0.25,mtd_QP,7.796259721120198,0.7827983846950202,0.6611786206563314,3.6607451991652904,0.37396021366119364,0.939646110137303,0.0002514827566222628,0.00043111329706673623,0.03333333333333333,0.0,30
s5a,250,0.5,mtd_QP,8.196465317408244,0.9769801273696932,1.0613842169443766,5.87656202917143,0.7247485625743867,1.413647261857986,4.1887449499308345e-09,9.139079890758185e-09,0.23333333333333334,0.0,30
s5a,250,0.75,mtd_QP,7.84188019434611,0.516820653733487,0.7067990938822428,3.9133319028606146,0.525616901318232,0.9015378904342654,9.103127703686402e-05,0.0001680577422219028,0.0,0.0,30
s5a,250,0,ntd_PQ,1.9947038598371782,0.195610061059177,-1.258252761241844e-16,-3.52320027213493e-15,-0.06821562539323886,0.06684785449243359,0.9999999999999972,0.9999999999999992,0.06666666666666667,0.0,30
s5a,250,0.25,ntd_PQ,3.0801726549790516,0.2691165197668868,1.0854687951418733,30.393924593206307,0.9945761759033582,1.1842124795173359,6.608350750526531e-203,1.9825052251579592e-202,1.0,0.0,30
s5a,250,0.5,ntd_PQ,5.042863961525466,0.3201639038364969,3.0481601016882873,85.3507246761754,2.9373719451340436,3.161456674777604,0.0,0.0,1.0,0.0,30
s5a,250,0.75,ntd_PQ,8.847005062535183,0.586600845911806,6.852301202698007,191.86947333434762,6.648851323451072,7.058245304420111,0.0,0.0,1.0,0.0,30
s5a,250,0,ntd_QP,2.08969791475092,0.21882563663385754,-8.881784197001253e-17,-2.223118657531206e-15,-0.07028366465718645,0.07176151794335732,0.9999999999999982,0.9999999999999992,0.1,0.0,30
s5a,250,0.25,ntd_QP,2.0291019712505416,0.22677675739809824,-0.06059594350037872,-1.5167219736309445,-0.13204158307093888,0.01420369510510146,0.12933689404853704,0.20693903047765927,0.06666666666666667,0.0,30
s5a,250,0.5,ntd_QP,1.908543907746947,0.20481494628066096,-0.18115400700397283,-4.534301261147991,-0.24899472769640404,-0.10648871897369741,5.779449017880009e-06,1.1558898035760018e-05,0.1,0.0,30
s5a,250,0.75,ntd_QP,1.7025842032275544,0.17837868246424204,-0.38711371152336554,-9.689491385799604,-0.44489599123091644,-0.326298642709433,3.341887155395898e-22,8.911699081055728e-22,0.43333333333333335,0.0,30
s5a,250,0,rtd,15.61451800664266,0.3664062762500666,-5.921189464667501e-16,-8.85129226006608e-15,-0.1387416712443033,0.12195613145828176,0.9999999999999929,,0.03333333333333333,0.0,30
s5a,250,0.25,rtd,13.722938060760498,0.4047697049398912,-1.8915799458821625,-28.276289813373136,-2.031463695367177,-1.7567527429262808,6.764117164415992e-176,,1.0,0.0,30
s5a,250,0.5,rtd,11.220359516143798,0.3428255132054366,-4.394158490498861,-65.68609443852726,-4.5078342008590715,-4.2768141690890005,0.0,,1.0,0.0,30
s5a,250,0.75,rtd,8.428131898244223,0.231875750762566,-7.186386108398439,-107.42571930635798,-7.268708223501842,-7.100347276528677,0.0,,1.0,0.0,30
s5a,250,0,mmd,0.0,0.0,0.0,0.0,0.0,0.0,1.0,,0.0,0.0,30
s5a,250,0.25,mmd,0.08198606198329879,0.0059363412696510735,0.08198606198329879,81986061983.2988,0.08000667419348652,0.08421428399448348,0.0,,1.0,0.0,30
s5a,250,0.5,mmd,0.20734454218875303,0.00531143996662972,0.20734454218875303,207344542188.75305,0.20546969662017076,0.20912843660318683,0.0,,1.0,0.0,30
s5a,250,0.75,mmd,0.30049338428987415,0.005148705254610498,0.30049338428987415,300493384289.87415,0.2986530093226313,0.3023485031941052,0.0,,1.0,0.0,30
s5a,250,0,frechet,0.182255066552677,0.052298622488843274,6.47630097698008e-18,6.78261867159112e-16,-0.01846473516479717,0.019786197503539632,0.9999999999999994,,0.03333333333333333,0.0,30
s5a,250,0.25,frechet,1.3667396491235988,0.07299504568909361,1.1844845825709218,124.05086290019189,1.159165020403277,1.2117623736735315,0.0,,1.0,0.0,30
s5a,250,0.5,frechet,3.085094769330307,0.08881335196086516,2.9028397027776287,304.0138937130827,2.8704818639140255,2.9335026954431616,0.0,,1.0,0.0,30
s5a,250,0.75,frechet,5.306978676988148,0.06852876349585639,5.1247236104354705,536.7114062554228,5.097809103193377,5.14668057343243,0.0,,1.0,0.0,30
s5a,250,0,js,0.011889596409866327,0.01838939819921059,-1.1564823173178713e-18,-3.4445469367745354e-16,-0.006101214719427591,0.007214197098916461,0.9999999999999998,,0.06666666666666667,0.0,30
s5a,250,0.25,js,0.1491028618247525,0.035857856680291296,0.13721326541488618,40.86854818202707,0.12484848825425268,0.14981235459418935,0.0,,1.0,0.0,30
s5a,250,0.5,js,0.32492375418175296,0.036545295948881625,0.31303415777188665,93.2362590514713,0.2998352286318482,0.3257307003403887,0.0,,1.0,0.0,30
s5a,250,0.75,js,0.5612340365033728,0.026087455751193804,0.5493444400935065,163.6205482801262,0.5402645985764366,0.5589069036011483,0.0,,1.0,0.0,30
s5a,250,0,energy,0.013853580584238046,0.002884444264881854,-3.4694469519536144e-19,-6.588077908733429e-16,-0.0009307190815783044,0.0010146635260984502,0.9999999999999994,,0.03333333333333333,0.0,30
s5a,250,0.25,energy,0.1811904882965966,0.01171197422552084,0.16733690771235862,317.75340573943254,0.1634381064807488,0.1717882565447436,0.0,,1.0,0.0,30
s5a,250,0.5,energy,0.6469059812153473,0.023973429041782797,0.6330524006311092,1202.0931847135028,0.6243799163239392,0.641524765735398,0.0,,1.0,0.0,30
s5a,250,0.75,energy,1.469730128107434,0.030628803741284568,1.4558765475231956,2764.540935027069,1.445041730207768,1.4671323531865965,0.0,,1.0,0.0,30
s5a,250,0,precision@3,0.9425333333333332,0.018569038623534012,-9.62193288008469e-17,-2.8381381451752947e-14,-0.006666666666666493,0.006536666666666823,0.9999999999999774,0.9999999999999992,0.03333333333333333,0.0,30
s5a,250,0.25,precision@3,0.9415999999999999,0.027724755525802496,0.0009333333333332305,0.275301123850007,-0.01093333333333324,0.00867000000000015,0.7830849011110177,0.9999999999999992,0.23333333333333334,0.0,30
s5a,250,0.5,precision@3,0.9441333333333333,0.02622940352343913,-0.001600000000000105,-0.4719447837429521,-0.007599999999999832,0.010266666666666757,0.6369662012499632,0.899246401764654,0.13333333333333333,0.0,30
s5a,250,0.75,precision@3,0.9454666666666666,0.03178346277149684,-0.0029333333333334283,-0.8652321035287168,-0.008403333333333296,0.012800000000000145,0.3869114082103189,0.5803671123154783,0.26666666666666666,0.0,30
s5a,250,0,recall@3,0.9526666666666667,0.014784272475968429,1.850371707708594e-17,6.855192403638995e-15,-0.004936666666666895,0.00520333333333331,0.9999999999999946,0.9999999999999992,0.0,0.0,30
s5a,250,0.25,recall@3,0.7209333333333333,0.012008426160433138,0.2317333333333333,85.8517550673006,-0.23627000000000017,-0.22746333333333338,0.0,0.0,1.0,0.0,30
s5a,250,0.5,recall@3,0.48146666666666665,0.01114089494743959,0.4712,174.5685284279864,-0.47493333333333343,-0.46719666666666665,0.0,0.0,1.0,0.0,30
s5a,250,0.75,recall@3,0.2462666666666667,0.015138289734707619,0.7064,261.7046020405976,-0.7113333333333334,-0.7009299999999999,0.0,0.0,1.0,0.0,30
s5a,500,0,mtd_PQ,11.822416210174561,0.7797909116349762,-3.552713678800501e-16,-2.495414338880389e-15,-0.28445415814717717,0.26518278916676813,0.999999999999998,1.0,0.06666666666666667,0.0,30
s5a,500,0.25,mtd_PQ,12.935499954223634,0.9715762213239314,1.1130837440490722,7.818263407628513,0.7738890957832335,1.4807748937606802,5.355703104114849e-15,1.0711406208229698e-14,0.36666666666666664,0.0,30
s5a,500,0.5,mtd_PQ,16.861875279744467,0.9480960465957999,5.0394590695699035,35.396993845705644,4.721001265048981,5.40158876101176,1.899354406429773e-274,5.698063219289318e-274,1.0,0.0,30
s5a,500,0.75,mtd_PQ,19.11079527537028,0.9595930690593389,7.288379065195717,51.19333352139335,6.938889582951864,7.599969978332518,0.0,0.0,1.0,0.0,30
s5a,500,0,mtd_QP,11.2282608350118,0.8692968433896467,-5.921189464667501e-16,-3.7307958284926175e-15,-0.31004644632339534,0.30881838480631363,0.999999999999997,1.0,0.03333333333333333,0.0,30
s5a,500,0.25,mtd_QP,12.23179588317871,0.8153300036484459,1.0035350481669099,6.323027482549041,0.7088260126113886,1.2989603535334266,2.5648766173866833e-10,4.3969313440914573e-10,0.23333333333333334,0.0,30
s5a,500,0.5,mtd_QP,13.116990216573079,0.9969104383140185,1.8887293815612785,11.900419231519974,1.5551857479413347,2.2599357096354162,1.177541056789385e-32,2.826098536294524e-32,0.5333333333333333,0.0,30
s5a,500,0.75,mtd_QP,12.60493122736613,0.7642508376806686,1.3766703923543284,8.67406150006253,1.125662591457367,1.6613977106412239,4.1697493948048574e-18,9.097635043210599e-18,0.26666666666666666,0.0,30
s5a,500,0,ntd_PQ,1.369547488606135,0.110194127978745,3.108624468950438e-16,1.5451492521456887e-14,-0.04006114754045658,0.035852570691339423,0.9999999999999877,1.0,0.03333333333333333,0.0,30
s5a,500,0.25,ntd_PQ,2.145581225128381,0.17567260976229587,0.7760337365222459,38.572943100844206,0.7172955494316748,0.833809823752822,0.0,0.0,1.0,0.0,30
s5a,500,0.5,ntd_PQ,3.40329647992614,0.297821963110215,2.033748991320005,101.08798165804617,1.9317471029010986,2.132236270368882,0.0,0.0,1.0,0.0,30
s5a,500,0.75,ntd_PQ,5.947054640986292,0.5700729567469606,4.577507152380155,227.52609148636617,4.380621122382613,4.774660769006346,0.0,0.0,1.0,0.0,30
s5a,500,0,ntd_QP,1.3573118880752908,0.08291109540515496,0.0,0.0,-0.031754426182027826,0.028159404843939796,1.0,1.0,0.06666666666666667,0.0,30
s5a,500,0.25,ntd_QP,1.3263969554228534,0.07988324067136937,-0.030914932652437395,-2.0422846777780705,-0.060104746252626524,-0.002682974368370521,0.04112330108497557,0.06579728173596092,0.06666666666666667,0.0,30
s5a,500,0.5,ntd_QP,1.2439839940653399,0.07609519684226644,-0.11332789400995083,-7.486602804652461,-0.1406555573356865,-0.08651198062812673,7.067918604972505e-14,1.3048465116872318e-13,0.23333333333333334,0.0,30
s5a,500,0.75,ntd_QP,1.1014401180046507,0.06837187887499874,-0.2558717700706401,-16.903255179823976,-0.28149602294047177,-0.23304789526479755,4.2574088436309806e-64,1.1353090249682616e-63,0.9666666666666667,0.0,30
s5a,500,0,mmd,0.0,0.0,0.0,0.0,0.0,0.0,1.0,,0.0,0.0,30
s5a,500,0.25,mmd,0.09220194663105019,0.003937366051708087,0.09220194663105019,92201946631.05019,0.09085412949265374,0.09349369190073493,0.0,,1.0,0.0,30
s5a,500,0.5,mmd,0.2098789939024413,0.0036125257354355277,0.2098789939024413,209878993902.4413,0.20856359960390677,0.21107175961852184,0.0,,1.0,0.0,30
s5a,500,0.75,mmd,0.30224799117214635,0.0033093191012707824,0.30224799117214635,302247991172.14636,0.30105724687376817,0.3034646364051096,0.0,,1.0,0.0,30
s5a,500,0,frechet,0.12974064845893496,0.03716621480254112,2.3129646346357427e-18,3.4086411856726784e-16,-0.013196580640904988,0.01290963864498288,0.9999999999999998,,0.03333333333333333,0.0,30
s5a,500,0.25,frechet,1.3551413663684264,0.05099331487970701,1.2254007179094915,180.58863907692077,1.2072848442477837,1.2424032253049648,0.0,,1.0,0.0,30
s5a,500,0.5,frechet,3.062986187687264,0.05435915997807198,2.9332455392283294,432.2755913766465,2.912270669047903,2.9508134629183442,0.0,,1.0,0.0,30
s5a,500,0.75,frechet,5.286854319046019,0.05829489256726073,5.157113670587083,760.0094611704741,5.136645630563652,5.177687405513964,0.0,,1.0,0.0,30
s5a,500,0,js,0.019762975851639504,0.016905076452721286,-1.908195823574488e-18,-6.18253279890976e-16,-0.005394333283760908,0.005629715395233223,0.9999999999999996,,0.03333333333333333,0.0,30
s5a,500,0.25,js,0.15506839571832323,0.02883957295023279,0.13530541986668373,43.83880238397209,0.12528550254290463,0.145828318574007,0.0,,1.0,0.0,30
s5a,500,0.5,js,0.32024381781918326,0.020124506734938118,0.30048084196754377,97.35545157144306,0.29332524586840547,0.3075579389890127,0.0,,1.0,0.0,30
s5a,500,0.75,js,0.5550697859082158,0.014722812540005173,0.5353068100565763,173.4387985639226,0.5301142646959605,0.5406221423826503,0.0,,1.0,0.0,30
s5a,500,0,energy,0.007233100120667935,0.0015059887461687587,-3.4694469519536144e-19,-1.2618250671365193e-15,-0.0004985639122521672,0.0005336946454110997,0.999999999999999,,0.03333333333333333,0.0,30
s5a,500,0.25,energy,0.16866350831376126,0.008353321844387997,0.16143040819309337,587.1164438511614,0.15842144533894426,0.16422020737678691,0.0,,1.0,0.0,30
s5a,500,0.5,energy,0.6262202911282405,0.017806211128875538,0.6189871910075726,2251.233596207521,0.6122863897948206,0.6248290144090656,0.0,,1.0,0.0,30
s5a,500,0.75,energy,1.4481732391827473,0.026304291528179865,1.4409401390620793,5240.646168946014,1.4317838527483349,1.4504398010953412,0.0,,1.0,0.0,30
s5a,500,0,precision@3,0.9580666666666665,0.011331778121826196,-1.2212453270876723e-16,-5.9029007308394e-14,-0.00426666666666653,0.003800000000000139,0.9999999999999529,1.0,0.03333333333333333,0.0,30
s5a,500,0.25,precision@3,0.9576,0.01141565772872111,0.00046666666666653753,0.22556377057289934,-0.004599999999999829,0.0031350000000002084,0.8215407215331871,1.0,0.1,0.0,30
s5a,500,0.5,precision@3,0.9558666666666668,0.01568599932145362,0.0021999999999998687,1.0633720612724704,-0.007599999999999718,0.0034016666666667372,0.28761325758879164,0.43141988638318746,0.13333333333333333,0.0,30
s5a,500,0.75,precision@3,0.9581999999999999,0.01980839250906299,-0.00013333333333347407,-0.0644467915923428,-0.006801666666666581,0.00680000000000025,0.9486144731347085,1.0,0.26666666666666666,0.0,30
s5a,500,0,recall@3,0.9578666666666666,0.010801447327456453,1.1102230246251566e-17,5.629747345013005e-15,-0.0038683333333333486,0.0036666666666667095,0.9999999999999956,1.0,0.03333333333333333,0.0,30
s5a,500,0.25,recall@3,0.7274666666666667,0.009867163702920411,0.2304,116.83182203223832,-0.23366666666666658,-0.22673333333333334,0.0,0.0,1.0,0.0,30
s5a,500,0.5,recall@3,0.4880666666666666,0.007619997888194724,0.46979999999999994,238.22738711261093,-0.47253333333333336,-0.46693333333333337,0.0,0.0,1.0,0.0,30
s5a,500,0.75,recall@3,0.2536,0.012944443622251795,0.7042666666666667,357.1213448925248,-0.7083349999999999,-0.6992666666666667,0.0,0.0,1.0,0.0,30
s5a,1000,0,mtd_PQ,17.984384218851726,0.9089900618009726,-1.1842378929335002e-15,-7.135763466137638e-15,-0.3090066973368336,0.3078428061803156,0.9999999999999943,0.9999999999999963,0.03333333333333333,0.0,30
s5a,1000,0.25,mtd_PQ,19.587698682149252,1.0974908473901563,1.6033144632975243,9.6609581910845,1.2037684122721337,1.984196953773499,4.417129068265486e-22,8.834258136530972e-22,0.43333333333333335,0.0,30
s5a,1000,0.5,mtd_PQ,23.328487841288247,1.1100296275927575,5.344103622436524,32.20151931954583,4.944345870018003,5.751518505414324,1.680557887711397e-227,5.041673663134191e-227,1.0,0.0,30
s5a,1000,0.75,mtd_PQ,26.920446840922036,1.1810086039498282,8.936062622070313,53.84528697332281,8.541831576029457,9.340793164571126,0.0,0.0,1.0,0.0,30
s5a,1000,0,mtd_QP,17.790874512990317,1.1038342578916098,-1.6579330501069005e-15,-8.226663775654943e-15,-0.40733584165573145,0.38947340011596465,0.9999999999999934,0.9999999999999963,0.03333333333333333,0.0,30
s5a,1000,0.25,mtd_QP,19.236684163411457,1.191118645205649,1.4458096504211417,7.174107468842018,1.0601970179875686,1.8436524502436307,7.278042341256571e-13,1.2476644013582692e-12,0.23333333333333334,0.0,30
s5a,1000,0.5,mtd_QP,20.596482785542808,0.9420468692022806,2.8056082725524893,13.921428216294498,2.486973444620768,3.1258527310689272,4.694289765418818e-44,1.1266295437005165e-43,0.7666666666666667,0.0,30
s5a,1000,0.75,mtd_QP,19.776846186319986,0.8294472807697262,1.9859716733296702,9.854391420331835,1.7098763100306178,2.2926331122716257,6.561297094229489e-23,1.4315557296500704e-22,0.3333333333333333,0.0,30
s5a,1000,0,ntd_PQ,1.1854335689785187,0.07982588854236837,6.661338147750939e-17,4.570653998428108e-15,-0.026137944875134395,0.02946163690138499,0.9999999999999963,0.9999999999999963,0.06666666666666667,0.0,30
s5a,1000,0.25,ntd_PQ,1.8299008039380769,0.1299775412225149,0.6444672349595583,44.21989514701854,0.5989978073377829,0.6913015806955995,0.0,0.0,1.0,0.0,30
s5a,1000,0.5,ntd_PQ,2.913451581720292,0.19766722512744322,1.7280180127417732,118.56735484837431,1.6603732764718029,1.8016316031270274,0.0,0.0,1.0,0.0,30
s5a,1000,0.75,ntd_PQ,5.141392897474138,0.30393400972572365,3.955959328495619,271.43677323320173,3.846876181648251,4.059136154190051,0.0,0.0,1.0,0.0,30
s5a,1000,0,ntd_QP,1.1641499935877022,0.07118251813087487,7.401486830834377e-17,5.695164209504271e-15,-0.024753966166569757,0.02601649014210551,0.9999999999999954,0.9999999999999963,0.0,0.0,30
s5a,1000,0.25,ntd_QP,1.1254298737673174,0.07132866788649742,-0.03872011982038483,-2.9793667897928757,-0.06447046312505918,-0.013059166683435113,0.002888447913780764,0.004621516662049223,0.03333333333333333,0.0,30
s5a,1000,0.5,ntd_QP,1.0631728087119592,0.0640751518402705,-0.10097718487574318,-7.76981250422625,-0.12272147698681465,-0.07896272968938794,7.860238871793859e-15,1.4511210224850203e-14,0.26666666666666666,0.0,30
s5a,1000,0.75,ntd_QP,0.9411109024861776,0.05280577869750291,-0.22303909110152473,-17.16201457888118,-0.24188679322170922,-0.20350014914888617,5.110960017532118e-66,1.3629226713418984e-65,0.9333333333333333,0.0,30
s5a,1000,0,mmd,0.0,0.0,0.0,0.0,0.0,0.0,1.0,,0.0,0.0,30
s5a,1000,0.25,mmd,0.09697453832993838,0.002749979236661162,0.09697453832993838,96974538329.93839,0.0959906489725494,0.09790431771926245,0.0,,1.0,0.0,30
s5a,1000,0.5,mmd,0.21256991913880688,0.00301826710113891,0.21256991913880688,212569919138.8069,0.21154749296086742,0.21359932561157127,0.0,,1.0,0.0,30
s5a,1000,0.75,mmd,0.30453060886891026,0.0023681064565194516,0.30453060886891026,304530608868.9103,0.30364280784503966,0.30534654830443997,0.0,,1.0,0.0,30
s5a,1000,0,frechet,0.08853847122571185,0.03245809474576554,-5.088522196198634e-18,-8.586759058360957e-16,-0.012241665024821448,0.010983266657981194,0.9999999999999993,,0.03333333333333333,0.0,30
s5a,1000,0.25,frechet,1.3402646841749792,0.0387638749767403,1.2517262129492674,211.22579372178907,1.2382157252992434,1.264516681192119,0.0,,1.0,0.0,30
s5a,1000,0.5,frechet,3.05261657665757,0.04470137641342243,2.964078105431858,500.1810651532601,2.9483455224094195,2.979521720563858,0.0,,1.0,0.0,30
s5a,1000,0.75,frechet,5.272535304943436,0.03567946222973806,5.183996833717725,874.7870217347985,5.170818292544115,5.196790131844427,0.0,,1.0,0.0,30
s5a,1000,0,js,0.02361613869832034,0.01465527297549508,-3.989863994746656e-18,-1.4911619279543646e-15,-0.00530139906788457,0.005329980683645503,0.9999999999999988,,0.03333333333333333,0.0,30
s5a,1000,0.25,js,0.1562450304875987,0.016522516092219632,0.13262889178927834,49.56839487344704,0.12645177206646446,0.13823080067178017,0.0,,1.0,0.0,30
s5a,1000,0.5,js,0.3238556025467378,0.013345482017765952,0.30023946384841743,112.21075664475596,0.29549168729644176,0.3047392712609768,0.0,,1.0,0.0,30
s5a,1000,0.75,js,0.5544435540571935,0.012108891866527385,0.5308274153588731,198.39012887150568,0.5266093983365066,0.5350284857646523,0.0,,1.0,0.0,30
s5a,1000,0,energy,0.003467985944301629,0.0006848463782326205,-5.782411586589357e-20,-4.624624350934852e-16,-0.00023815730115115533,0.00024106149785703423,0.9999999999999997,,0.0,0.0,30
s5a,1000,0.25,energy,0.1639258503272893,0.00597001542687238,0.16045786438298762,1283.3008093812548,0.1583560432643816,0.1624383999702334,0.0,,1.0,0.0,30
s5a,1000,0.5,energy,0.6252487050511166,0.014187468822686629,0.621780719106815,4972.842578677833,0.6165414801909243,0.6264578986518359,0.0,,1.0,0.0,30
s5a,1000,0.75,energy,1.4498275325648697,0.01811096962349588,1.446359546620568,11567.612369588987,1.439571330292337,1.4525220280813147,0.0,,1.0,0.0,30
s5a,1000,0,precision@3,0.9681333333333332,0.0071810734637625115,-1.258252761241844e-16,-9.597080761357021e-14,-0.002434166666666504,0.0025341666666669335,0.9999999999999234,0.9999999999999963,0.03333333333333333,0.0,30
s5a,1000,0.25,precision@3,0.9681,0.00745260889288744,3.333333333320754e-05,0.02542435843560525,-0.002533333333333168,0.002567500000000266,0.9797164821636837,0.9999999999999963,0.03333333333333333,0.0,30
s5a,1000,0.5,precision@3,0.9683333333333333,0.010175471973577327,-0.000200000000000126,-0.1525461506143033,-0.0034683333333332873,0.003900833333333461,0.8787561934035947,0.9999999999999963,0.23333333333333334,0.0,30
s5a,1000,0.75,precision@3,0.9693333333333333,0.011937577104523221,-0.001200000000000127,-0.91527690368534,-0.002801666666666472,0.005568333333333601,0.3600462809167574,0.540069421375136,0.3,0.0,30
s5a,1000,0,recall@3,0.9694999999999999,0.006956763020553311,-5.551115123125783e-17,-4.370525430961708e-14,-0.002533333333333168,0.002433333333333293,0.9999999999999651,0.9999999999999963,0.03333333333333333,0.0,30
s5a,1000,0.25,recall@3,0.7427333333333335,0.015442738128956947,0.22676666666666662,178.53880915426046,-0.23233499999999985,-0.2211666666666665,0.0,0.0,1.0,0.0,30
s5a,1000,0.5,recall@3,0.4982,0.012685587803922796,0.4713,371.06573903161683,-0.47533583333333324,-0.46669333333333324,0.0,0.0,1.0,0.0,30
s5a,1000,0.75,recall@3,0.2542666666666667,0.010563219641539333,0.7152333333333332,563.1202745881179,-0.7185341666666666,-0.7107999999999999,0.0,0.0,1.0,0.0,30
s5b,100,0,mtd_PQ,3.660139497121175,1.0097079083950655,2.0724163126336256e-16,1.12419557530179e-15,-0.3430112266540524,0.35642975171407054,0.9999999999999991,0.9999999999999992,0.03333333333333333,0.0,30
s5b,100,0.01,mtd_PQ,3.6081304788589477,0.9120566666462766,-0.05200901826222717,-0.28212626898253024,-0.35535424888133976,0.27839361647764854,0.7778466913013315,0.9999999999999992,0.03333333333333333,0.0,30
s5b,100,0.05,mtd_PQ,3.917977960904439,0.9704201814895288,0.2578384637832643,1.3986613517792743,-0.05793507238229106,0.6270252585411072,0.16191455902522855,0.34287788970048405,0.03333333333333333,0.0,30
s5b,100,0.12,mtd_PQ,3.9948800961176554,0.9013268051925765,0.3347405989964805,1.815821936797509,-0.0026966333389279555,0.6604775879780447,0.06939769108841169,0.1561448049489263,0.06666666666666667,0.0,30
s5b,100,0.25,mtd_PQ,4.460504770278931,0.9838016229312535,0.8003652731577557,4.341632968357279,0.44279973447322896,1.1577296159664787,1.4142764661183372e-05,4.242829398355011e-05,0.23333333333333334,0.0,30
s5b,100,0.5,mtd_PQ,5.638779473304749,1.1325312185277576,1.9786399761835745,10.733259976679468,1.575413471857707,2.3573228422800705,7.104471641446291e-27,5.115219581841329e-26,0.5,0.0,30
s5b,100,0,mtd_QP,4.331331650416057,0.8225964493211243,-2.9605947323337506e-16,-1.971300167728216e-15,-0.29391339798768396,0.2892467037836712,0.9999999999999984,0.9999999999999992,0.03333333333333333,0.0,30
s5b,100,0.01,mtd_QP,4.267496959368388,0.8650364620835872,-0.06383469104766876,-0.4250407385882038,-0.3891862893104556,0.2365130607287088,0.6708069772290732,0.9999999999999992,0.03333333333333333,0.0,30
s5b,100,0.05,mtd_QP,3.8169946829477945,0.9132122645806695,-0.5143369674682622,-3.424692137581997,-0.8259541902939482,-0.18268061935901653,0.0006154964528459219,0.001582705164460942,0.13333333333333333,0.0,30
s5b,100,0.12,mtd_QP,3.4712912599245707,1.1269846157302568,-0.8600403904914861,-5.726544560499418,-1.2534004877010982,-0.45612046937147804,1.024968488624071e-08,3.354442326406051e-08,0.3333333333333333,0.0,30
s5b,100,0.25,mtd_QP,3.052827739715576,1.0872830138207241,-1.2785039107004803,-8.512867181987945,-1.6417243668437005,-0.8711515325307849,1.696843982146884e-17,1.0181063892881304e-16,0.5333333333333333,0.0,30
s5b,100,0.5,mtd_QP,2.2236047347386676,0.7987601501969048,-2.107726915677388,-14.034215412944665,-2.3658477629224466,-1.806387942035993,9.625579542284686e-45,8.663021588056218e-44,0.7333333333333333,0.0,30
s5b,100,0,ntd_PQ,55.73943677862265,25.7065168348949,-6.394884621840902e-15,-1.362542651157558e-15,-8.124255036073066,8.685754868588276,0.9999999999999989,0.9999999999999992,0.06666666666666667,0.0,30
s5b,100,0.01,ntd_PQ,53.97709471711071,26.238040960780758,-1.7623420615119323,-0.37549797482471065,-9.834518061993464,7.4114993178097155,0.7072901522969143,0.9999999999999992,0.1,0.0,30
s5b,100,0.05,ntd_PQ,54.34960556896979,27.80731007682198,-1.3898312096528558,-0.296127985576818,-10.069243195229005,8.073820457153666,0.7671323425312025,0.9999999999999992,0.1,0.0,30
s5b,100,0.12,ntd_PQ,55.55827255582736,29.168600698066186,-0.18116422279528285,-0.038600224244753296,-9.40379426354974,10.005569384460596,0.9692091235059528,0.9999999999999992,0.06666666666666667,0.0,30
s5b,100,0.25,ntd_PQ,53.944894997940246,27.20104571992588,-1.7945417806823967,-0.38235869136918266,-10.936940888080924,7.634862843654493,0.7021953262928834,0.9999999999999992,0.06666666666666667,0.0,30
s5b,100,0.5,ntd_PQ,67.41677110361049,29.530840285370623,11.677334324987829,2.4880614757740216,2.1215694107507783,21.983073035671804,0.012844152868075808,0.03082596688338194,0.1,0.0,30
s5b,100,0,ntd_QP,59.42074659701321,23.29361060387161,-1.0894988614988204e-14,-2.56183170984998e-15,-7.974897239296183,8.606156455911991,0.999999999999998,0.9999999999999992,0.03333333333333333,0.0,30
s5b,100,0.01,ntd_QP,63.4410830507807,25.20455899804571,4.020336453767492,0.9453360416878722,-4.450563775857811,13.38802457502111,0.3444873435560485,0.5905497318103688,0.03333333333333333,0.0,30
s5b,100,0.05,ntd_QP,76.10221097584721,31.18911811301367,16.681464378833997,3.922455169309611,5.745386388018338,28.337668227746498,8.765120603610772e-05,0.00024272641671537523,0.16666666666666666,0.0,30
s5b,100,0.12,ntd_QP,88.04594017998122,35.47957439456579,28.625193582968,6.730886209514501,16.659183738670464,41.80783734791843,1.6863281102107903e-11,6.745312440843161e-11,0.2,0.0,30
s5b,100,0.25,ntd_QP,91.93257563867132,34.29830548651664,32.51182904165812,7.64478399450181,20.874568893906755,45.54181020355356,2.0929638053508916e-14,9.418337124079012e-14,0.26666666666666666,0.0,30
s5b,100,0.5,ntd_QP,93.92539224645546,36.79306804253858,34.504645649442246,8.113371980974211,21.865497951411722,48.19210503191483,4.923406075749924e-16,2.532037410385675e-15,0.3333333333333333,0.0,30
s5b,100,0,rtd,9.761291631062825,0.5860318658616728,4.736951571734001e-16,4.427293771489943e-15,-0.20624975919723512,0.1992060263951618,0.9999999999999964,,0.06666666666666667,0.0,30
s5b,100,0.01,rtd,9.76830399831136,0.5861101018090462,0.00701236724853563,0.06553963951858027,-0.19757602850596007,0.19473098913828532,0.9477443463914106,,0.06666666666666667,0.0,30
s5b,100,0.05,rtd,10.084586588541667,0.59129668529056,0.3232949574788416,3.0216094252283736,0.12403513193130458,0.5462939771016447,0.0025143474361592156,,0.06666666666666667,0.0,30
s5b,100,0.12,rtd,10.156680647532145,0.533749617208569,0.3953890164693201,3.695421630180123,0.21277785460154344,0.5859293572107961,0.0002195221872230146,,0.1,0.0,30
s5b,100,0.25,rtd,9.458554363250732,0.4289796500249026,-0.30273726781209265,-2.8294712324697255,-0.4544646644592278,-0.1549824674924208,0.004662499146572621,,0.03333333333333333,0.0,30
s5b,100,0.5,rtd,7.7330830256144205,0.26317401697417364,-2.0282086054484045,-18.956232062336692,-2.1153421497344964,-1.9355113196372982,3.9225915737721445e-80,,1.0,0.0,30
s5b,100,0,mmd,0.0,0.0,0.0,0.0,0.0,0.0,1.0,,0.0,0.0,30
s5b,100,0.01,mmd,0.0,0.0,0.0,0.0,0.0,0.0,1.0,,0.0,0.0,30
s5b,100,0.05,mmd,0.0,0.0,0.0,0.0,0.0,0.0,1.0,,0.0,0.0,30
s5b,100,0.12,mmd,0.0,0.0,0.0,0.0,0.0,0.0,1.0,,0.0,0.0,30
s5b,100,0.25,mmd,0.12477851343843144,0.010413683864063604,0.12477851343843144,124778513438.43144,0.12094561484827361,0.12817811829786926,0.0,,1.0,0.0,30
s5b,100,0.5,mmd,0.3022122642990086,0.006503512399170397,0.3022122642990086,302212264299.0086,0.29996386402935976,0.3045362496227172,0.0,,1.0,0.0,30
s5b,100,0,frechet,0.27057108695275606,0.07311864509858916,-4.533410683886056e-17,-3.395920822199731e-15,-0.02441869038379815,0.025803758748522476,0.9999999999999973,,0.03333333333333333,0.0,30
s5b,100,0.01,frechet,0.3392892801096579,0.09305871868605811,0.06871819315690182,5.147593264271121,0.03652447986428939,0.10088943571115543,2.638498287136471e-07,,0.26666666666666666,0.0,30
s5b,100,0.05,frechet,0.7660808823328398,0.10444965168297485,0.49550979538008366,37.11801442821694,0.4572772142082985,0.5313463944037649,1.4390701354260976e-301,,1.0,0.0,30
s5b,100,0.12,frechet,1.6014939327744198,0.13982131931536956,1.3309228458216638,99.69775341405425,1.2804347881379599,1.381962541768743,0.0,,1.0,0.0,30
s5b,100,0.25,frechet,2.9936725039227676,0.11469223220312663,2.7231014169700116,203.984096029948,2.681337108883226,2.7630810244645487,0.0,,1.0,0.0,30
s5b,100,0.5,frechet,5.31826753736306,0.12245115017948974,5.0476964504103075,378.1165809888244,5.00691955330375,5.091950998852874,0.0,,1.0,0.0,30
s5b,100,0,js,0.0011474021749779786,0.006284580537659284,1.3010426069826053e-19,1.1339028583187695e-16,-0.0011474021749779786,0.0022948043499559567,0.9999999999999999,,0.03333333333333333,0.0,30
s5b,100,0.01,js,0.0019012399594954845,0.010413520130458855,0.0007538377845175062,0.6569952544102325,-0.0011474021749779786,0.004556317703508475,0.5111839678655803,,0.03333333333333333,0.0,30
s5b,100,0.05,js,0.0034466806466101592,0.010804424975215624,0.0022992784716321796,2.003899347386551,-0.0011474021749779786,0.006762732573300552,0.04508084348459676,,0.1,0.0,30
s5b,100,0.12,js,0.0037416875605867706,0.011252151782377616,0.002594285385608791,2.261007901085401,-0.0006231571610553396,0.007562057695263552,0.023758767802065036,,0.1,0.0,30
s5b,100,0.25,js,0.016517319053375296,0.029481360347096815,0.015369916878397316,13.39540502901426,0.006114237332890751,0.027428921455059756,6.432417090348961e-41,,0.3,0.0,30
s5b,100,0.5,js,0.10018158582034359,0.046089993133825134,0.09903418364536558,86.31165751533864,0.08248388346927227,0.11448938557818582,0.0,,0.9666666666666667,0.0,30
s5b,100,0,energy,0.033934173834189944,0.00786688215512935,-4.625929269271486e-19,-3.2207496673726954e-16,-0.002711818282610076,0.003196036439940193,0.9999999999999998,,0.06666666666666667,0.0,30
s5b,100,0.01,energy,0.036003022445888294,0.007796623916334691,0.0020688486116983516,1.4404118805347168,-0.0006129161950539979,0.005284394917122175,0.14975090441008296,,0.06666666666666667,0.0,30
s5b,100,0.05,energy,0.04944501244728817,0.007877807728387783,0.015510838613098226,10.79924170818009,0.012805660906518211,0.01856108709434117,3.470578819666295e-27,,0.3333333333333333,0.0,30
s5b,100,0.12,energy,0.11473378280970366,0.015816010676500097,0.08079960897551368,56.25579177364134,0.075368017804626,0.08644639879339189,0.0,,1.0,0.0,30
s5b,100,0.25,energy,0.3618714975204363,0.026488719252328853,0.32793732368624634,228.32256281944973,0.3184915373502473,0.336009550472816,0.0,,1.0,0.0,30
s5b,100,0.5,energy,1.3590531288515173,0.04500119261787098,1.3251189550173277,922.5987223694492,1.3100569058774238,1.3408222150639706,0.0,,1.0,0.0,30
s5b,100,0,precision@3,0.9309999999999999,0.035849301440796615,-5.921189464667501e-17,-9.046672895204831e-15,-0.01234166666666664,0.012341666666666634,0.9999999999999928,0.9999999999999992,0.03333333333333333,0.0,30
s5b,100,0.01,precision@3,0.923,0.03374856318780665,0.007999999999999941,1.2222777803936085,-0.019675000000000047,0.0036666666666667126,0.22160259890417533,0.44320519780835066,0.03333333333333333,0.0,30
s5b,100,0.05,precision@3,0.8900000000000002,0.029594966953276337,0.040999999999999925,6.264173624517277,-0.051675000000000075,-0.03165833333333308,3.748076835966027e-10,1.3493076609477696e-09,0.3,0.0,30
s5b,100,0.12,precision@3,0.8266666666666667,0.03077541935996337,0.10433333333333326,15.94053938596675,-0.11499999999999988,-0.0940000000000002,3.314802422537566e-57,3.977762907045079e-56,0.9,0.0,30
s5b,100,0.25,precision@3,0.7100000000000001,0.0366718909548839,0.22099999999999995,33.76542368337367,-0.23433333333333317,-0.20766666666666678,6.34870673260275e-250,1.142767211868495e-248,1.0,0.0,30
s5b,100,0.5,precision@3,0.47700000000000004,0.0396667149618174,0.45399999999999996,69.36426403733778,-0.4666666666666666,-0.44032499999999974,0.0,0.0,1.0,0.0,30
s5b,100,0,recall@3,0.9356666666666668,0.030702502799623985,1.0362081563168128e-16,1.8485612885971582e-14,-0.011675000000000046,0.01100833333333344,0.9999999999999852,0.9999999999999992,0.03333333333333333,0.0,30
s5b,100,0.01,recall@3,0.9403333333333334,0.028464537323790635,-0.004666666666666567,-0.8325179930497508,-0.006000000000000227,0.014666666666666498,0.4051166263030158,0.6629181157685713,0.03333333333333333,0.0,30
s5b,100,0.05,recall@3,0.942,0.022499042125204424,-0.006333333333333235,-1.1298458477103828,-0.001000000000000112,0.014999999999999902,0.258541185457837,0.48986750928853323,0.0,0.0,30
s5b,100,0.12,recall@3,0.937,0.027436446939967538,-0.0013333333333332346,-0.2378622837284877,-0.008666666666666711,0.011008333333333438,0.8119879092271178,0.9999999999999992,0.0,0.0,30
s5b,100,0.25,recall@3,0.9346666666666665,0.025425121073638847,0.001000000000000086,0.17839671279639435,-0.010333333333333309,0.007999999999999896,0.8584114307066086,0.9999999999999992,0.0,0.0,30
s5b,100,0.5,recall@3,0.9416666666666667,0.031082019786735023,-0.005999999999999898,-1.0703802767782555,-0.003666666666666707,0.01666666666666661,0.2844481734013051,0.5120067121223493,0.03333333333333333,0.0,30
s5b,250,0,mtd_PQ,6.8391750653584795,0.920049697552489,2.9605947323337506e-16,1.7624966595111557e-15,-0.31343588948249823,0.31533947626749725,0.9999999999999986,0.9999999999999992,0.03333333333333333,0.0,30
s5b,250,0.008,mtd_PQ,6.872464656829834,0.9174121366591723,0.03328959147135446,0.19817907910179672,-0.2765357240041091,0.3364309561252593,0.8429049553133496,0.9999999999999992,0.03333333333333333,0.0,30
s5b,250,0.048,mtd_PQ,7.208956257502238,0.7216232481251169,0.3697811921437586,2.2013756519443684,0.12718235254287746,0.6163559687137605,0.027709441215670122,0.04156416182350518,0.03333333333333333,0.0,30
s5b,250,0.124,mtd_PQ,7.575582043329875,0.9114849847857375,0.7364069779713953,4.3839665879976115,0.4369303814570108,1.0950928620497389,1.1653765489425504e-05,2.796903717462121e-05,0.1,0.0,30
s5b,250,0.248,mtd_PQ,8.492419576644897,1.0488295664540037,1.6532445112864174,9.842069556749397,1.2892929323514302,2.0384588976701106,7.416917029541795e-23,2.2250751088625386e-22,0.43333333333333335,0.0,30
s5b,250,0.5,mtd_PQ,10.150942293802897,1.421280625203638,3.311767228444418,19.715561246745466,2.818477512995402,3.8215669782956443,1.5854756501566365e-86,8.153874772234131e-86,0.8666666666666667,0.0,30
s5b,250,0,mtd_QP,7.135081100463867,0.9892588130804438,1.7763568394002506e-16,9.835148277153576e-16,-0.3289950891335803,0.3547366273403163,0.9999999999999992,0.9999999999999992,0.06666666666666667,0.0,30
s5b,250,0.008,mtd_QP,7.012199147542318,1.0538447856017064,-0.1228819529215493,-0.6803600497170873,-0.47656787117322263,0.2531906024614967,0.4962765104444887,0.6380697991429141,0.06666666666666667,0.0,30
s5b,250,0.048,mtd_QP,6.884718894958496,1.103540419076858,-0.2503622055053709,-1.3861794879973997,-0.6216422557830807,0.16654789288838692,0.16569210324874695,0.22941983526749576,0.1,0.0,30
s5b,250,0.124,mtd_QP,6.622628784179687,0.9361813331429208,-0.5124523162841796,-2.837292825312832,-0.8282989835739133,-0.15268312374750737,0.004549786322675571,0.00862064776928003,0.03333333333333333,0.0,30
s5b,250,0.248,mtd_QP,6.105072816212972,0.9958492749059353,-1.030008284250895,-5.702843019831747,-1.3640225513776139,-0.6496439246336622,1.1782548418140895e-08,3.0297981646648015e-08,0.16666666666666666,0.0,30
s5b,250,0.5,mtd_QP,4.9807226737340295,0.7422982423600992,-2.154358426729837,-11.928028253702152,-2.414767398238182,-1.9029786586761475,8.455251085831282e-33,3.043890390899262e-32,0.6,0.0,30
s5b,250,0,ntd_PQ,1.9947038598371782,0.195610061059177,-1.258252761241844e-16,-3.52320027213493e-15,-0.06821562539323886,0.06684785449243359,0.9999999999999972,0.9999999999999992,0.06666666666666667,0.0,30
s5b,250,0.008,ntd_PQ,1.8723606401310093,0.19393293961471234,-0.12234321970616928,-3.4257001314840796,-0.18834443547241506,-0.05544144946602688,0.0006132169845305048,0.0012264339690610097,0.13333333333333333,0.0,30
s5b,250,0.048,ntd_PQ,1.8545086528074173,0.1860568029460311,-0.140195207029761,-3.925568906137526,-0.20222623767204506,-0.07191855146563936,8.652499597906018e-05,0.00018322940324977453,0.1,0.0,30
s5b,250,0.124,ntd_PQ,1.9080126826038704,0.19808365978457798,-0.08669117723330778,-2.4274167212527327,-0.15065604350511572,-0.016506945637935814,0.015206777626283464,0.024883817933918397,0.03333333333333333,0.0,30
s5b,250,0.248,ntd_PQ,1.9800338993856135,0.18029169893319097,-0.014669960451565116,-0.41076968195286684,-0.07175950324641384,0.048418072015070486,0.6812414262255151,0.8456790118661567,0.0,0.0,30
s5b,250,0.5,ntd_PQ,2.3799725410219725,0.2079324263256917,0.38526868118479435,10.787806426553404,0.31758094658974395,0.45155064060655375,3.930593289323628e-27,1.2863759855968238e-26,0.5,0.0,30
s5b,250,0,ntd_QP,2.08969791475092,0.21882563663385754,-8.881784197001253e-17,-2.223118657531206e-15,-0.07028366465718645,0.07176151794335732,0.9999999999999982,0.9999999999999992,0.1,0.0,30
s5b,250,0.008,ntd_QP,2.2518854614786497,0.21864339895547436,0.16218754672772953,4.059569036493434,0.09499409701515867,0.2359392691093385,4.9163371041691644e-05,0.0001106175848438062,0.1,0.0,30
s5b,250,0.048,ntd_QP,2.6541961816777535,0.22804400688351878,0.5644982669268335,14.12944293076588,0.4901025126046453,0.6464512101172746,2.5011497713138554e-45,1.125517397091235e-44,0.7,0.0,30
s5b,250,0.124,ntd_QP,3.003027981443934,0.2635464827405978,0.9133300666930134,22.860734585681495,0.8253629026226343,1.003471028438645,1.1429084189734638e-115,6.8574505138407835e-115,1.0,0.0,30
s5b,250,0.248,ntd_QP,3.1164438876507172,0.292733340155503,1.0267459728997965,25.699545026879083,0.9275940289469616,1.1251096705601193,1.1826505595544627e-145,8.515084028792132e-145,1.0,0.0,30
s5b,250,0.5,ntd_QP,3.1452191721752323,0.2778804421498551,1.055521257424312,26.419793014032585,0.9637527687440691,1.1528351201369775,8.117648295554799e-154,7.305883465999319e-153,1.0,0.0,30
s5b,250,0,rtd,15.61451800664266,0.3664062762500666,-5.921189464667501e-16,-8.85129226006608e-15,-0.1387416712443033,0.12195613145828176,0.9999999999999929,,0.03333333333333333,0.0,30
s5b,250,0.008,rtd,15.749152978261312,0.36652055562800856,0.13463497161865176,2.0125913709287246,-0.0048136456807455815,0.26076961199442406,0.0441576355099053,,0.06666666666666667,0.0,30
s5b,250,0.048,rtd,16.430635452270508,0.5362308794469548,0.8161174456278474,12.199734652801395,0.6234175928433726,1.0094041808446226,3.118384813741722e-34,,0.6333333333333333,0.0,30
s5b,250,0.124,rtd,16.520814514160158,0.5177589538040113,0.9062965075174958,13.547776692811826,0.7114441148440035,1.085412255922952,8.166638626633013e-42,,0.6333333333333333,0.0,30
s5b,250,0.248,rtd,15.358206113179525,0.38529883084839184,-0.2563118934631354,-3.831479286907986,-0.4001758925120037,-0.1269926412900302,0.00012737509939859555,,0.13333333333333333,0.0,30
s5b,250,0.5,rtd,12.897138245900472,0.39113791014791677,-2.7173797607421872,-40.62076139843327,-2.8548898379007976,-2.5827687843640654,0.0,,1.0,0.0,30
s5b,250,0,mmd,0.0,0.0,0.0,0.0,0.0,0.0,1.0,,0.0,0.0,30
s5b,250,0.008,mmd,0.0,0.0,0.0,0.0,0.0,0.0,1.0,,0.0,0.0,30
s5b,250,0.048,mmd,0.0,0.0,0.0,0.0,0.0,0.0,1.0,,0.0,0.0,30
s5b,250,0.124,mmd,0.04783000448538694,0.011144378747626575,0.04783000448538694,47830004485.38694,0.04358172394071635,0.05126472236673019,0.0,,0.9666666666666667,0.0,30
s5b,250,0.248,mmd,0.1476742693310492,0.005753541371172072,0.1476742693310492,147674269331.04922,0.1456991289249431,0.14972102119186775,0.0,,1.0,0.0,30
s5b,250,0.5,mmd,0.31170696444160123,0.007003548944251529,0.31170696444160123,311706964441.60126,0.3092239356694899,0.3140487901091787,0.0,,1.0,0.0,30
s5b,250,0,frechet,0.182255066552677,0.052298622488843274,6.47630097698008e-18,6.78261867159112e-16,-0.01846473516479717,0.019786197503539632,0.9999999999999994,,0.03333333333333333,0.0,30
s5b,250,0.008,frechet,0.22554043952238614,0.05020121216251245,0.04328537296970912,4.533269530781377,0.026982851354357705,0.06046424505195428,5.807762905830566e-06,,0.1,0.0,30
s5b,250,0.048,frechet,0.7040107888161636,0.0630849337269558,0.5217557222634869,54.6433854203611,0.5001515030416677,0.5428258993860824,0.0,,1.0,0.0,30
s5b,250,0.124,frechet,1.6128281493092678,0.07939011047855382,1.4305730827565908,149.82366842847188,1.400067428288155,1.4570398069356523,0.0,,1.0,0.0,30
s5b,250,0.248,frechet,2.948910949205332,0.08074688485188994,2.766655882652656,289.75138608053965,2.739816970301105,2.794583716292398,0.0,,1.0,0.0,30
s5b,250,0.5,frechet,5.261457158007583,0.0934795775903629,5.079202091454906,531.9439455445289,5.045079258991331,5.111270271961061,0.0,,1.0,0.0,30
s5b,250,0,js,0.011889596409866327,0.01838939819921059,-1.1564823173178713e-18,-3.4445469367745354e-16,-0.006101214719427591,0.007214197098916461,0.9999999999999998,,0.06666666666666667,0.0,30
s5b,250,0.008,js,0.014243706079011882,0.02103232130255537,0.002354109669145558,0.7011643090655095,-0.004536278425559081,0.010359811871246913,0.48320048066653853,,0.06666666666666667,0.0,30
s5b,250,0.048,js,0.03282161384171276,0.02870517348986198,0.020932017431846438,6.234536874942984,0.011907774025047103,0.03192182214744568,4.5311658966882097e-10,,0.26666666666666666,0.0,30
s5b,250,0.124,js,0.06147423027071788,0.0344447033450579,0.04958463386085156,14.768630364586707,0.036982255202293715,0.06125499299433047,2.334080511286305e-49,,0.6333333333333333,0.0,30
s5b,250,0.248,js,0.12141164230435615,0.02838916886466234,0.10952204589448984,32.620803798373416,0.10014855694142917,0.11900722423580481,2.079707589855061e-233,,1.0,0.0,30
s5b,250,0.5,js,0.2953726032676458,0.023128298327492292,0.2834830068577795,84.43453983492302,0.275274345366639,0.29122892166853764,0.0,,1.0,0.0,30
s5b,250,0,energy,0.013853580584238046,0.002884444264881854,-3.4694469519536144e-19,-6.588077908733429e-16,-0.0009307190815783044,0.0010146635260984502,0.9999999999999994,,0.03333333333333333,0.0,30
s5b,250,0.008,energy,0.014693318286346251,0.0027911607226426558,0.0008397377021082046,1.5945646326353171,-0.00011464464304301166,0.0018808573562790246,0.11080962675862006,,0.03333333333333333,0.0,30
s5b,250,0.048,energy,0.027261289424936958,0.003946349949578087,0.013407708840698918,25.459686123864792,0.0120456281600295,0.014834689855034378,5.514798299710599e-143,,1.0,0.0,30
s5b,250,0.124,energy,0.09414029327926356,0.008146748050933366,0.08028671269502548,152.45516809907886,0.07745297241178012,0.08301575243337361,0.0,,1.0,0.0,30
s5b,250,0.248,energy,0.33524122103891507,0.016101542251639976,0.32138764045467716,610.277904098569,0.3159131384455689,0.3268005733403761,0.0,,1.0,0.0,30
s5b,250,0.5,energy,1.329100537148743,0.04405298162522067,1.3152469565645044,2497.501630394531,1.2997432086248575,1.3303567624111674,0.0,,1.0,0.0,30
s5b,250,0,precision@3,0.9425333333333332,0.018569038623534012,-9.62193288008469e-17,-2.8381381451752947e-14,-0.006666666666666493,0.006536666666666823,0.9999999999999774,0.9999999999999992,0.03333333333333333,0.0,30
s5b,250,0.008,precision@3,0.9348,0.01951551107231866,0.007733333333333218,2.281066454757418,-0.014803333333333474,-0.0009266666666664652,0.02254451477799015,0.03528706660902806,0.13333333333333333,0.0,30
s5b,250,0.048,precision@3,0.8978666666666668,0.01930469539691877,0.044666666666666514,13.17512521282317,-0.051203333333333136,-0.03786666666666638,1.2202482129388714e-39,4.8809928517554855e-39,0.6333333333333333,0.0,30
s5b,250,0.124,precision@3,0.8273333333333334,0.020126039631889015,0.1151999999999999,33.98002442949029,-0.12267333333333337,-0.10786666666666656,4.3954504759291153e-253,5.274540571114939e-252,1.0,0.0,30
s5b,250,0.248,precision@3,0.7142666666666667,0.01676394598707212,0.22826666666666656,67.33078914732339,-0.23386666666666656,-0.22213333333333318,0.0,0.0,1.0,0.0,30
s5b,250,0.5,precision@3,0.4771999999999999,0.013417435902842847,0.4653333333333333,137.2572746052329,-0.4697333333333332,-0.4603999999999999,0.0,0.0,1.0,0.0,30
s5b,250,0,recall@3,0.9526666666666667,0.014784272475968429,1.850371707708594e-17,6.855192403638995e-15,-0.004936666666666895,0.00520333333333331,0.9999999999999946,0.9999999999999992,0.0,0.0,30
s5b,250,0.008,recall@3,0.9546666666666667,0.015627856060812396,-0.001999999999999983,-0.740953006909953,-0.003333333333333413,0.0076033333333334835,0.4587219341046985,0.6116292454729313,0.03333333333333333,0.0,30
s5b,250,0.048,recall@3,0.9452000000000002,0.01555058486537312,0.007466666666666677,2.766224559130518,-0.012403333333333405,-0.0018666666666666775,0.005670946912844872,0.009721623279162638,0.1,0.0,30
s5b,250,0.124,recall@3,0.948,0.018224651739731052,0.004666666666666678,1.728890349456576,-0.010666666666666606,0.001866666666666686,0.08382872159222889,0.1207133590928096,0.1,0.0,30
s5b,250,0.248,recall@3,0.9450666666666666,0.016100831705511194,0.00760000000000001,2.815621426257849,-0.012933333333333134,-0.001729999999999929,0.004868299585485779,0.008762939253874402,0.1,0.0,30
s5b,250,0.5,recall@3,0.9348,0.024277703691900576,0.01786666666666665,6.619180195062296,-0.025870000000000032,-0.009866666666666801,3.6119634698142966e-11,1.0002360377947283e-10,0.26666666666666666,0.0,30
s5b,500,0,mtd_PQ,11.822416210174561,0.7797909116349762,-3.552713678800501e-16,-2.495414338880389e-15,-0.28445415814717717,0.26518278916676813,0.999999999999998,1.0,0.06666666666666667,0.0,30
s5b,500,0.01,mtd_PQ,11.88159637451172,0.8018664713106456,0.05918016433715785,0.41567951716869633,-0.2152934924761454,0.35141815582911073,0.6776445314535318,0.8131734377442381,0.03333333333333333,0.0,30
s5b,500,0.05,mtd_PQ,12.045848496754964,1.011599998230994,0.2234322865804033,1.5693809918558306,-0.11541830380757671,0.5928413796424867,0.11655919045195257,0.17483878567792885,0.06666666666666667,0.0,30
s5b,500,0.124,mtd_PQ,12.920036633809408,1.0418973213024945,1.097620423634847,7.709649556423404,0.7205056476593008,1.4975818610191347,1.2616369566526987e-14,3.4937638799613196e-14,0.26666666666666666,0.0,30
s5b,500,0.25,mtd_PQ,13.646778361002605,1.055410624564645,1.8243621508280436,12.814259414296611,1.4634117094675694,2.207381782531737,1.3643477292336406e-37,4.46513802294646e-37,0.6,0.0,30
s5b,500,0.5,mtd_PQ,17.510257975260416,1.2556342738667046,5.687841765085854,39.951212456473904,5.220734148025514,6.133504171371461,0.0,0.0,1.0,0.0,30
s5b,500,0,mtd_QP,11.2282608350118,0.8692968433896467,-5.921189464667501e-16,-3.7307958284926175e-15,-0.31004644632339534,0.30881838480631363,0.999999999999997,1.0,0.03333333333333333,0.0,30
s5b,500,0.01,mtd_QP,11.030415439605713,0.77182741318938,-0.19784539540608784,-1.246575169181744,-0.47674556175867705,0.06093450466791696,0.21255331110914133,0.29430458461265724,0.0,0.0,30
s5b,500,0.05,mtd_QP,10.672440274556477,0.7438035669342934,-0.5558205604553229,-3.5020886271430793,-0.8367878365516667,-0.29649393161137905,0.0004616260351265263,0.0007913589173597594,0.06666666666666667,0.0,30
s5b,500,0.124,mtd_QP,10.667429733276368,0.9718278625055106,-0.5608311017354335,-3.53365881522416,-0.9035945590337121,-0.20699009577433294,0.000409849774273123,0.0007377295936916214,0.13333333333333333,0.0,30
s5b,500,0.25,mtd_QP,10.362549908955891,0.9353208959445413,-0.8657109260559092,-5.454631591984082,-1.194765675862631,-0.5239790296554567,4.907448198193238e-08,1.1777875675663771e-07,0.16666666666666666,0.0,30
s5b,500,0.5,mtd_QP,8.571635341644287,1.0159423770153901,-2.6566254933675126,-16.738743740028625,-3.005068878730138,-2.263542383909226,6.841689657733439e-63,2.463008276784038e-62,0.8333333333333334,0.0,30
s5b,500,0,ntd_PQ,1.369547488606135,0.110194127978745,3.108624468950438e-16,1.5451492521456887e-14,-0.04006114754045658,0.035852570691339423,0.9999999999999877,1.0,0.03333333333333333,0.0,30
s5b,500,0.01,ntd_PQ,1.2935690838842242,0.13504244745354774,-0.07597840472191088,-3.7765248394547966,-0.12416009884678603,-0.03206136766591794,0.00015903170634081647,0.00031806341268163295,0.13333333333333333,0.0,30
s5b,500,0.05,ntd_PQ,1.2731621811421674,0.11144906148674108,-0.09638530746396784,-4.790854837350784,-0.1341715654748215,-0.05805885136488759,1.6607224721253152e-06,3.736625562281959e-06,0.16666666666666666,0.0,30
s5b,500,0.124,ntd_PQ,1.3121423487097887,0.11408350089445843,-0.057405139896346435,-2.853336254221336,-0.09622632623708191,-0.020327549915528854,0.004326281730362937,0.007079370104230261,0.06666666666666667,0.0,30
s5b,500,0.25,ntd_PQ,1.378573577300974,0.10888155058149016,0.009026088694839311,0.44864390459296655,-0.027302084570354573,0.04530910599582068,0.6536885566057495,0.8114754495795512,0.0,0.0,30
s5b,500,0.5,ntd_PQ,1.625158252238806,0.1478511346605715,0.255610763632671,12.705194345998276,0.2080913517733167,0.3033400988871283,5.533179915303449e-37,1.6599539745910347e-36,0.5333333333333333,0.0,30
s5b,500,0,ntd_QP,1.3573118880752908,0.08291109540515496,0.0,0.0,-0.031754426182027826,0.028159404843939796,1.0,1.0,0.06666666666666667,0.0,30
s5b,500,0.01,ntd_QP,1.452838994893378,0.08322937990771055,0.09552710681808714,6.310657337035047,0.06681203021526581,0.1262576056099494,2.7785277651936e-10,7.1447856819264e-10,0.23333333333333334,0.0,30
s5b,500,0.05,ntd_QP,1.7514128416616022,0.10285541133492314,0.3941009535863113,26.03487279289262,0.3581344508217734,0.4304620284211445,1.9960695150035496e-149,8.982312817515974e-149,1.0,0.0,30
s5b,500,0.124,ntd_QP,1.9589618448900952,0.11594399025542468,0.6016499568148043,39.745856864800125,0.5612020668863111,0.6441181342419533,0.0,0.0,1.0,0.0,30
s5b,500,0.25,ntd_QP,2.028127135659816,0.12148226440103571,0.6708152475845248,44.31501492058934,0.6276646804623747,0.7150210162193517,0.0,0.0,1.0,0.0,30
s5b,500,0.5,ntd_QP,2.0386915554841285,0.13413957988525008,0.681379667408838,45.01291560759306,0.634128699117919,0.727569877957406,0.0,0.0,1.0,0.0,30
s5b,500,0,mmd,0.0,0.0,0.0,0.0,0.0,0.0,1.0,,0.0,0.0,30
s5b,500,0.01,mmd,0.0,0.0,0.0,0.0,0.0,0.0,1.0,,0.0,0.0,30
s5b,500,0.05,mmd,0.0,0.0,0.0,0.0,0.0,0.0,1.0,,0.0,0.0,30
s5b,500,0.124,mmd,0.06700286517205317,0.004976060603040131,0.06700286517205317,67002865172.05318,0.06525695410751486,0.06873808833550446,0.0,,1.0,0.0,30
s5b,500,0.25,mmd,0.1545807727493328,0.003710983538667187,0.1545807727493328,154580772749.3328,0.1533873821725098,0.155897836036832,0.0,,1.0,0.0,30
s5b,500,0.5,mmd,0.3140292126685576,0.0034815483677237686,0.3140292126685576,314029212668.5576,0.31285135457145885,0.31532235305884043,0.0,,1.0,0.0,30
s5b,500,0,frechet,0.12974064845893496,0.03716621480254112,2.3129646346357427e-18,3.4086411856726784e-16,-0.013196580640904988,0.01290963864498288,0.9999999999999998,,0.03333333333333333,0.0,30
s5b,500,0.01,frechet,0.18363825085277005,0.05588022605134132,0.0538976023938351,7.942948395212685,0.03597701980199527,0.07418471612740789,1.9743109905158304e-15,,0.3333333333333333,0.0,30
s5b,500,0.05,frechet,0.6926679738784084,0.04727534893137376,0.5629273254194733,82.95921335034024,0.547354683185534,0.5793586736748676,0.0,,1.0,0.0,30
s5b,500,0.124,frechet,1.6061847651561927,0.06766951584334269,1.476444116697258,217.5851783099555,1.4538265256849194,1.5009844420789813,0.0,,1.0,0.0,30
s5b,500,0.25,frechet,2.9400126083254303,0.05711739679141556,2.810271959866496,414.1528409858543,2.7901227195185854,2.8324014915803057,0.0,,1.0,0.0,30
s5b,500,0.5,frechet,5.24261685875631,0.05695770025111515,5.112876210297376,753.4901384434838,5.092804971366313,5.134201778374586,0.0,,1.0,0.0,30
s5b,500,0,js,0.019762975851639504,0.016905076452721286,-1.908195823574488e-18,-6.18253279890976e-16,-0.005394333283760908,0.005629715395233223,0.9999999999999996,,0.03333333333333333,0.0,30
s5b,500,0.01,js,0.024225781559800052,0.01784444858885024,0.004462805708160556,1.4459439814819026,-0.0013179340898560523,0.010552329984426664,0.14819291458092612,,0.06666666666666667,0.0,30
s5b,500,0.05,js,0.046251703685587064,0.017706426980590217,0.026488727833947557,8.582317737599945,0.020000637826836667,0.032266738540333476,9.298038462268949e-18,,0.26666666666666666,0.0,30
s5b,500,0.124,js,0.08483207519221284,0.024361767949044162,0.06506909934057334,21.082314293877204,0.056467120253528374,0.07311364706222608,1.1559099620761837e-98,,0.9333333333333333,0.0,30
s5b,500,0.25,js,0.15036691705925728,0.028943124522270092,0.13060394120761779,42.315528637433836,0.12114109164727324,0.14103776162920684,0.0,,1.0,0.0,30
s5b,500,0.5,js,0.31656081956100945,0.022992359646236315,0.29679784370936996,96.16216431820753,0.28864073840343163,0.30459257640037746,0.0,,1.0,0.0,30
s5b,500,0,energy,0.007233100120667935,0.0015059887461687587,-3.4694469519536144e-19,-1.2618250671365193e-15,-0.0004985639122521672,0.0005336946454110997,0.999999999999999,,0.03333333333333333,0.0,30
s5b,500,0.01,energy,0.007833820255950742,0.0018231738634575966,0.0006007201352828062,2.184796987908003,-2.8018021042469164e-05,0.00123998162974543,0.028903735007034,,0.13333333333333333,0.0,30
s5b,500,0.05,energy,0.019650096064350406,0.002807150567333809,0.012416995943682474,45.160156524222025,0.011503629957983123,0.013391038665478075,0.0,,1.0,0.0,30
s5b,500,0.124,energy,0.08695044259561631,0.006919597015158384,0.07971734247494837,289.92903599161724,0.07725293568647344,0.08210275912794412,0.0,,1.0,0.0,30
s5b,500,0.25,energy,0.3293831784386932,0.011873974290781667,0.3221500783180252,1171.6479595480837,0.31818558740709,0.32637462309495957,0.0,,1.0,0.0,30
s5b,500,0.5,energy,1.314798577095197,0.024126713417113366,1.307565476974529,4755.567439472523,1.2993710681620119,1.3162215807878754,0.0,,1.0,0.0,30
s5b,500,0,precision@3,0.9580666666666665,0.011331778121826196,-1.2212453270876723e-16,-5.9029007308394e-14,-0.00426666666666653,0.003800000000000139,0.9999999999999529,1.0,0.03333333333333333,0.0,30
s5b,500,0.01,precision@3,0.9483999999999997,0.011415657728721102,0.009666666666666535,4.6723923904398585,-0.013799999999999812,-0.005733333333333146,2.977115029509283e-06,6.304478886019658e-06,0.1,0.0,30
s5b,500,0.05,precision@3,0.912266666666667,0.011261571316017465,0.04579999999999981,22.137472911946297,-0.04999999999999971,-0.041933333333333045,1.3774627493257963e-108,5.509850997303185e-108,1.0,0.0,30
s5b,500,0.124,precision@3,0.843,0.011516105663598812,0.11506666666666655,55.617581144133084,-0.1190000000000001,-0.11086666666666667,0.0,0.0,1.0,0.0,30
s5b,500,0.25,precision@3,0.7271333333333332,0.015210552900543434,0.23093333333333319,111.62184303781986,-0.23586666666666634,-0.22526499999999963,0.0,0.0,1.0,0.0,30
s5b,500,0.5,precision@3,0.49000000000000005,0.022134385794115877,0.4680666666666665,226.24046188468057,-0.4751999999999999,-0.4595316666666665,0.0,0.0,1.0,0.0,30
s5b,500,0,recall@3,0.9578666666666666,0.010801447327456453,1.1102230246251566e-17,5.629747345013005e-15,-0.0038683333333333486,0.0036666666666667095,0.9999999999999956,1.0,0.03333333333333333,0.0,30
s5b,500,0.01,recall@3,0.9592666666666666,0.009591423371890678,-0.0013999999999999865,-0.7099155852653302,-0.0018666666666667941,0.00473333333333337,0.4777564850619983,0.6142583379368549,0.0,0.0,30
s5b,500,0.05,recall@3,0.9608666666666668,0.013571606601545985,-0.0029999999999999914,-1.521247682711432,-0.0014016666666666205,0.008000000000000118,0.12819769368968578,0.18460467891314752,0.13333333333333333,0.0,30
s5b,500,0.124,recall@3,0.9595999999999999,0.009970992410746907,-0.0017333333333333237,-0.8789431055666028,-0.001601666666666815,0.005199999999999874,0.3794321250319347,0.5059095000425796,0.06666666666666667,0.0,30
s5b,500,0.25,recall@3,0.9536,0.012243506371781818,0.004266666666666678,2.163552259856271,-0.008333333333333309,-6.666666666665655e-05,0.0304987288239488,0.04773714076791986,0.06666666666666667,0.0,30
s5b,500,0.5,recall@3,0.9506666666666667,0.01604591114171506,0.007200000000000002,3.650994438507449,-0.012668333333333271,-0.0012666666666667464,0.0002612268972566767,0.0004949562263810717,0.16666666666666666,0.0,30
s5b,1000,0,mtd_PQ,17.984384218851726,0.9089900618009726,-1.1842378929335002e-15,-7.135763466137638e-15,-0.3090066973368336,0.3078428061803156,0.9999999999999943,0.9999999999999962,0.03333333333333333,0.0,30
s5b,1000,0.01,mtd_PQ,18.20327205657959,0.9802801542198071,0.2188878377278634,1.3189341811815003,-0.11745718638102377,0.5585597737630205,0.1871911176368849,0.2591877013433791,0.03333333333333333,0.0,30
s5b,1000,0.05,mtd_PQ,18.60447425842285,0.9729535875683231,0.6200900395711251,3.7364248150569424,0.2968261718749979,0.9585126892725616,0.00018665522480238396,0.00033597940464429114,0.1,0.0,30
s5b,1000,0.125,mtd_PQ,19.67256031036377,1.1193027090310077,1.6881760915120423,10.172301823899767,1.2930049594243351,2.0753291368484477,2.636043509522091e-24,7.299812795599636e-24,0.4666666666666667,0.0,30
s5b,1000,0.25,mtd_PQ,22.183552551269532,1.3107324344604878,4.199168332417804,25.302578268631443,3.742953448295591,4.65652865409851,2.9922063707319497e-141,1.1968825482927799e-140,1.0,0.0,30
s5b,1000,0.5,mtd_PQ,27.386107699076334,1.2643494270792954,9.401723480224607,56.651180754509475,8.977169291178383,9.839246667226153,0.0,0.0,1.0,0.0,30
s5b,1000,0,mtd_QP,17.790874512990317,1.1038342578916098,-1.6579330501069005e-15,-8.226663775654943e-15,-0.40733584165573145,0.38947340011596465,0.9999999999999934,0.9999999999999962,0.03333333333333333,0.0,30
s5b,1000,0.01,mtd_QP,17.57437057495117,0.9950491568309757,-0.21650393803914553,-1.0742925380722932,-0.5558892488479643,0.16113768577575494,0.2826915883709752,0.3769221178279669,0.03333333333333333,0.0,30
s5b,1000,0.05,mtd_QP,17.39637982050578,1.1039769429046435,-0.39449469248453944,-1.957482659593185,-0.7419235865275077,0.0416021458307889,0.05029074854820781,0.07241867790941925,0.03333333333333333,0.0,30
s5b,1000,0.125,mtd_QP,17.13005984624227,0.9608570764472374,-0.6608146667480486,-3.278962368840612,-1.014301642576855,-0.32796099503835324,0.0010418952845266103,0.001630792619259042,0.03333333333333333,0.0,30
s5b,1000,0.25,mtd_QP,16.681047217051187,0.920217460995575,-1.1098272959391293,-5.506963029747682,-1.4304009652137775,-0.8101800417900094,3.650768911910971e-08,7.731040048752644e-08,0.13333333333333333,0.0,30
s5b,1000,0.5,mtd_QP,14.622976366678873,0.9020075283489971,-3.167898146311443,-15.71911056573992,-3.4732790644963605,-2.837077407836916,1.1188329343291949e-55,3.356498802987585e-55,0.8,0.0,30
s5b,1000,0,ntd_PQ,1.1854335689785187,0.07982588854236837,6.661338147750939e-17,4.570653998428108e-15,-0.026137944875134395,0.02946163690138499,0.9999999999999963,0.9999999999999962,0.06666666666666667,0.0,30
s5b,1000,0.01,ntd_PQ,1.133627185114194,0.09249252775855944,-0.05180638386432469,-3.554677007855005,-0.08335919182856169,-0.017534146004026478,0.0003784436786514229,0.0006487605919738678,0.1,0.0,30
s5b,1000,0.05,ntd_PQ,1.1187468948584625,0.08108736076145287,-0.0666866741200559,-4.575682947601386,-0.09357312796926116,-0.038382960380457846,4.746689513936307e-06,9.493379027872614e-06,0.13333333333333333,0.0,30
s5b,1000,0.125,ntd_PQ,1.1263839398055742,0.07880125962881522,-0.05904962917294442,-4.051669765122793,-0.08518552630095917,-0.029951738462324424,5.085340775303655e-05,9.635382521627978e-05,0.13333333333333333,0.0,30
s5b,1000,0.25,ntd_PQ,1.17643648254154,0.09712342242088196,-0.008997086436978533,-0.617331956211582,-0.03956348221122779,0.025462273912781348,0.5370157929312622,0.6444189515175147,0.1,0.0,30
s5b,1000,0.5,ntd_PQ,1.4244678574785652,0.11318545429511204,0.23903428850004643,16.40125455668437,0.20139102629217437,0.28102791017251494,1.8732920850484993e-60,6.130774096522361e-60,0.8333333333333334,0.0,30
s5b,1000,0,ntd_QP,1.1641499935877022,0.07118251813087487,7.401486830834377e-17,5.695164209504271e-15,-0.024753966166569757,0.02601649014210551,0.9999999999999954,0.9999999999999962,0.0,0.0,30
s5b,1000,0.01,ntd_QP,1.254466954950535,0.09719375292572956,0.09031696136283261,6.949548619365698,0.05590902873423133,0.12389360967689889,3.664568157190313e-12,8.769331923673749e-12,0.3333333333333333,0.0,30
s5b,1000,0.05,ntd_QP,1.4838291272123703,0.12348436421427124,0.3196791336246682,24.598100381127114,0.27665557145532954,0.36554397590475235,1.3237116922478766e-133,4.765362092092356e-133,0.8666666666666667,0.0,30
s5b,1000,0.125,ntd_QP,1.6444815784690094,0.10317678833829291,0.4803315848813071,36.95969895554216,0.4456411739082609,0.5171509711736793,5.088174845397219e-299,2.616775634775713e-298,1.0,0.0,30
s5b,1000,0.25,ntd_QP,1.7480338244181397,0.10713742775096836,0.5838838308304377,44.92765267109027,0.5466242968012476,0.621378697872499,0.0,0.0,1.0,0.0,30
s5b,1000,0.5,ntd_QP,1.7365994589855942,0.09840658798287236,0.572449465397892,44.047821493136446,0.5384984618861025,0.6082731885607096,0.0,0.0,1.0,0.0,30
s5b,1000,0,mmd,0.0,0.0,0.0,0.0,0.0,0.0,1.0,,0.0,0.0,30
s5b,1000,0.01,mmd,0.0,0.0,0.0,0.0,0.0,0.0,1.0,,0.0,0.0,30
s5b,1000,0.05,mmd,0.007409359353903193,0.007658752917885376,0.007409359353903193,7409359353.903193,0.004701068870962884,0.010079801931853483,0.0,,0.6,0.0,30
s5b,1000,0.125,mmd,0.07536366411191991,0.0035712962954596657,0.07536366411191991,75363664111.91992,0.07410456385744542,0.0765810464311535,0.0,,1.0,0.0,30
s5b,1000,0.25,mmd,0.15991215465598183,0.003055582641775371,0.15991215465598183,159912154655.98184,0.15882863534520447,0.16105044760851228,0.0,,1.0,0.0,30
s5b,1000,0.5,mmd,0.3160004922155644,0.002735549136343805,0.3160004922155644,316000492215.56445,0.31509134088959384,0.3170223515397326,0.0,,1.0,0.0,30
s5b,1000,0,frechet,0.08853847122571185,0.03245809474576554,-5.088522196198634e-18,-8.586759058360957e-16,-0.012241665024821448,0.010983266657981194,0.9999999999999993,,0.03333333333333333,0.0,30
s5b,1000,0.01,frechet,0.1650358187765133,0.04653731646090599,0.07649734755080148,12.908743770699076,0.06022644365898272,0.09338903500941528,4.0180261684393777e-38,,0.6333333333333333,0.0,30
s5b,1000,0.05,frechet,0.6929733603254143,0.04660691337056542,0.6044348890997026,101.99693661636276,0.5871516201068413,0.6203330213126608,0.0,,1.0,0.0,30
s5b,1000,0.125,frechet,1.6132830110981071,0.049918394663382,1.524744539872395,257.296981021651,1.5071397627605967,1.5426945124222324,0.0,,1.0,0.0,30
s5b,1000,0.25,frechet,2.963760909440576,0.04007082342903094,2.8752224382148643,485.18688460449073,2.8617530178017625,2.8908309970473525,0.0,,1.0,0.0,30
s5b,1000,0.5,frechet,5.2361105913968355,0.043870512454225435,5.147572120171124,868.6404387597231,5.1336021155424785,5.162331004825042,0.0,,1.0,0.0,30
s5b,1000,0,js,0.02361613869832034,0.01465527297549508,-3.989863994746656e-18,-1.4911619279543646e-15,-0.00530139906788457,0.005329980683645503,0.9999999999999988,,0.03333333333333333,0.0,30
s5b,1000,0.01,js,0.030151362811649384,0.015129396027360168,0.006535224113329043,2.4424585402601853,0.0010006577770786706,0.01185226242484864,0.014587605060745721,,0.1,0.0,30
s5b,1000,0.05,js,0.04819191728279153,0.01248700690448751,0.024575778584471176,9.184890869275497,0.020159625478155998,0.028968493978655745,4.119448052857554e-20,,0.4,0.0,30
s5b,1000,0.125,js,0.0894761668001561,0.014253052723267512,0.06586002810183576,24.614364451713083,0.060938644540509145,0.0706489629706931,8.865509957729904e-134,,0.9666666666666667,0.0,30
s5b,1000,0.25,js,0.16322122951722803,0.014860475698097815,0.13960509081890773,52.17566229121176,0.13425603565170371,0.1448509368155431,0.0,,1.0,0.0,30
s5b,1000,0.5,js,0.3284830319451371,0.011291682665438936,0.30486689324681676,113.94020069404566,0.30090122708522116,0.30906322243530354,0.0,,1.0,0.0,30
s5b,1000,0,energy,0.003467985944301629,0.0006848463782326205,-5.782411586589357e-20,-4.624624350934852e-16,-0.00023815730115115533,0.00024106149785703423,0.9999999999999997,,0.0,0.0,30
s5b,1000,0.01,energy,0.003993941349973203,0.000876357904944187,0.0005259554056715741,4.206456320431615,0.0002240288945816746,0.0008380350970410583,2.594061924779683e-05,,0.13333333333333333,0.0,30
s5b,1000,0.05,energy,0.01639802035286042,0.0021944068881947355,0.012930034408558787,103.41109602596852,0.012139132623558714,0.013681785365335965,0.0,,1.0,0.0,30
s5b,1000,0.125,energy,0.08496388869640015,0.005368828380288384,0.08149590275209856,651.7833099996842,0.07965635809934828,0.08337061982238936,0.0,,1.0,0.0,30
s5b,1000,0.25,energy,0.3314577819040013,0.009699126329165673,0.3279897959596998,2623.178192246349,0.3247477242413213,0.3316182770115341,0.0,,1.0,0.0,30
s5b,1000,0.5,energy,1.3122642187533387,0.01813411065609157,1.308796232809037,10467.41629858717,1.3026522752190133,1.315386010008878,0.0,,1.0,0.0,30
s5b,1000,0,precision@3,0.9681333333333332,0.0071810734637625115,-1.258252761241844e-16,-9.597080761357021e-14,-0.002434166666666504,0.0025341666666669335,0.9999999999999234,0.9999999999999962,0.03333333333333333,0.0,30
s5b,1000,0.01,precision@3,0.9590333333333333,0.007019594905952782,0.009099999999999882,6.940849852946338,-0.011499999999999844,-0.006599166666666498,3.89748085496611e-12,8.769331923673749e-12,0.3333333333333333,0.0,30
s5b,1000,0.05,precision@3,0.9209999999999999,0.007705797190740727,0.047133333333333145,35.95004282808135,-0.04973416666666651,-0.04436666666666644,5.053584325097149e-283,2.2741129462937168e-282,1.0,0.0,30
s5b,1000,0.125,precision@3,0.8488333333333333,0.009150403546154203,0.11929999999999988,90.99377884137449,-0.12226666666666652,-0.11599916666666654,0.0,0.0,1.0,0.0,30
s5b,1000,0.25,precision@3,0.7306,0.012187047958018166,0.23753333333333318,181.17397821280662,-0.24166750000000004,-0.2328974999999999,0.0,0.0,1.0,0.0,30
s5b,1000,0.5,precision@3,0.4948,0.016528762809115524,0.4733333333333331,361.02588978695684,-0.4786341666666666,-0.4671283333333331,0.0,0.0,1.0,0.0,30
s5b,1000,0,recall@3,0.9694999999999999,0.006956763020553311,-5.551115123125783e-17,-4.370525430961708e-14,-0.002533333333333168,0.002433333333333293,0.9999999999999651,0.9999999999999962,0.03333333333333333,0.0,30
s5b,1000,0.01,recall@3,0.9703666666666668,0.006779702634783627,-0.0008666666666667229,-0.6823473523461817,-0.0017333333333332563,0.0032333333333334213,0.4950193376540307,0.614506763984314,0.03333333333333333,0.0,30
s5b,1000,0.05,recall@3,0.9685333333333334,0.006190834901821342,0.000966666666666612,0.7610797391552641,-0.00326666666666664,0.0011341666666668713,0.4466094412618856,0.5742121387652814,0.03333333333333333,0.0,30
s5b,1000,0.125,recall@3,0.9659666666666665,0.007796919521387188,0.003533333333333281,2.7818776672572882,-0.006033333333333224,-0.0007333333333334718,0.005404540772218961,0.00810681115832844,0.06666666666666667,0.0,30
s5b,1000,0.25,recall@3,0.9652666666666665,0.006987344882410428,0.004233333333333282,3.333004374921477,-0.006968333333333451,-0.0019324999999999046,0.0008591359141960026,0.0014058587686843677,0.16666666666666666,0.0,30
s5b,1000,0.5,recall@3,0.9600999999999998,0.012026837804934706,0.009399999999999945,7.4008443600619085,-0.014402500000000184,-0.00526499999999998,1.353212635060529e-13,3.4796896330127895e-13,0.26666666666666666,0.0,30
s5c,100,p4q8,mtd_PQ,3.5230227947235107,0.6710220639833853,0.5302006880442303,4.0068324756144635,0.29947446803251937,0.765358133514722,6.153847822260008e-05,0.00018461543466780024,0.03333333333333333,0.0,30
s5c,100,p8p8,mtd_PQ,3.660139497121175,1.0097079083950655,2.0724163126336256e-16,1.12419557530179e-15,-0.3430112266540524,0.35642975171407054,0.9999999999999991,0.9999999999999997,0.03333333333333333,0.0,30
s5c,100,p8q4,mtd_PQ,6.390959485371908,1.1763077657287415,2.730819988250732,14.813508893084494,2.3138062508900963,3.1046127589543664,1.1981869588398085e-49,4.792747835359234e-49,0.7666666666666667,0.0,30
s5c,100,q4q4,mtd_PQ,2.9928221066792804,0.724769200139458,2.0724163126336256e-16,1.56616639165147e-15,-0.2544777299960452,0.28701765894889847,0.9999999999999988,0.9999999999999997,0.03333333333333333,0.0,30
s5c,100,p4q8,mtd_QP,6.341285459200541,1.4185765725343662,3.2037085851033518,25.989044971857034,2.7198907013734184,3.7207427237431205,6.586407330138432e-149,5.269125864110745e-148,0.9,0.0,30
s5c,100,p8p8,mtd_QP,4.331331650416057,0.8225964493211243,-2.9605947323337506e-16,-1.971300167728216e-15,-0.29391339798768396,0.2892467037836712,0.9999999999999984,0.9999999999999997,0.03333333333333333,0.0,30
s5c,100,p8q4,mtd_QP,3.5467708428700764,0.8457475787574853,-0.7845608075459803,-5.223966774706892,-1.0541387023528421,-0.494110386570295,1.7513021695957003e-07,6.004464581470973e-07,0.1,0.0,30
s5c,100,q4q4,mtd_QP,3.137576874097188,0.675185818339998,2.0724163126336256e-16,1.681180398238621e-15,-0.22215634763240774,0.2451831843455632,0.9999999999999987,0.9999999999999997,0.06666666666666667,0.0,30
s5c,100,p4q8,ntd_PQ,51.709600260395746,23.317316079027393,-2.1971783370260485,-0.5356995656902814,-9.645541029615309,5.383069026187455,0.5921662038346958,0.9999999999999997,0.06666666666666667,0.0,30
s5c,100,p8p8,ntd_PQ,55.73943677862265,25.7065168348949,-6.394884621840902e-15,-1.362542651157558e-15,-8.124255036073066,8.685754868588276,0.9999999999999989,0.9999999999999997,0.06666666666666667,0.0,30
s5c,100,p8q4,ntd_PQ,136.32261645498767,55.84715171618245,80.58317967636503,17.169663843494426,63.15261348929748,100.91673411669039,4.4800695694995247e-66,2.150433393359772e-65,0.5666666666666667,0.0,30
s5c,100,q4q4,ntd_PQ,53.906778597421784,22.464907853711825,6.158037043254202e-15,1.5014064693724636e-15,-7.068347725719369,8.209133965480783,0.9999999999999988,0.9999999999999997,0.0,0.0,30
s5c,100,p4q8,ntd_QP,167.07244597495898,82.73178801198587,100.43953616177059,17.443921835920516,72.55419976489058,129.2417112308932,3.828754027013547e-68,2.2972524162081282e-67,0.6,0.0,30
s5c,100,p8p8,ntd_QP,59.42074659701321,23.29361060387161,-1.0894988614988204e-14,-2.56183170984998e-15,-7.974897239296183,8.606156455911991,0.999999999999998,0.9999999999999997,0.03333333333333333,0.0,30
s5c,100,p8q4,ntd_QP,55.41096283423677,22.33989822547427,-4.009783762776446,-0.9428546973413604,-11.353738433971783,4.407495938601949,0.34575522971834616,0.8298125513240308,0.03333333333333333,0.0,30
s5c,100,q4q4,ntd_QP,66.63290981318836,31.537059233930588,-1.4210854715202005e-15,-2.468082274636784e-16,-10.377578063695355,10.891457818828972,0.9999999999999998,0.9999999999999997,0.06666666666666667,0.0,30
s5c,100,p4q8,rtd,7.708207591374715,0.3005038182411927,-0.19261185328165725,-5.624329928783586,-0.29959214568138154,-0.08646662871042889,1.8622942311469905e-08,,0.26666666666666666,0.0,30
s5c,100,p8p8,rtd,9.761291631062825,0.5860318658616728,4.736951571734001e-16,4.427293771489943e-15,-0.20624975919723512,0.1992060263951618,0.9999999999999964,,0.06666666666666667,0.0,30
s5c,100,p8q4,rtd,7.702098798751831,0.33513922733477625,-2.059192832310994,-19.24581972758056,-2.171282201608021,-1.9402428146203354,1.5302362125031786e-82,,1.0,0.0,30
s5c,100,q4q4,rtd,7.900819444656372,0.187574090101388,-3.552713678800501e-16,-1.0374041644704625e-14,-0.06437380353609778,0.06758625626563994,0.9999999999999917,,0.03333333333333333,0.0,30
s5c,100,p4q8,mmd,0.0,0.0,0.0,0.0,0.0,0.0,1.0,,0.0,0.0,30
s5c,100,p8p8,mmd,0.0,0.0,0.0,0.0,0.0,0.0,1.0,,0.0,0.0,30
s5c,100,p8q4,mmd,0.0,0.0,0.0,0.0,0.0,0.0,1.0,,0.0,0.0,30
s5c,100,q4q4,mmd,0.0,0.0,0.0,0.0,0.0,0.0,1.0,,0.0,0.0,30
s5c,100,p4q8,frechet,0.3285643860487172,0.08712106152293018,0.05364935918599985,3.7265194277513185,0.025068929143830295,0.08298738194063815,0.00019414211446457688,,0.13333333333333333,0.0,30
s5c,100,p8p8,frechet,0.27057108695275606,0.07311864509858916,-4.533410683886056e-17,-3.395920822199731e-15,-0.02441869038379815,0.025803758748522476,0.9999999999999973,,0.03333333333333333,0.0,30
s5c,100,p8q4,frechet,0.36265931087143766,0.11024798251156327,0.09208822391868152,6.898212822332996,0.05418713334046253,0.12992957498165789,5.26608151667953e-12,,0.3333333333333333,0.0,30
s5c,100,q4q4,frechet,0.2749150268627173,0.07885364557876379,-1.7578531223231644e-17,-1.2210162266355697e-15,-0.0295568644453228,0.030809535477316862,0.999999999999999,,0.03333333333333333,0.0,30
s5c,100,p4q8,js,0.2571310882288138,0.05354604792216592,0.23741297287790178,39.664723361473904,0.2177326906280065,0.25552943102296105,0.0,,1.0,0.0,30
s5c,100,p8p8,js,0.0011474021749779786,0.006284580537659284,1.3010426069826053e-19,1.1339028583187695e-16,-0.0011474021749779786,0.0022948043499559567,0.9999999999999999,,0.03333333333333333,0.0,30
s5c,100,p8q4,js,0.2625506791797819,0.05903016275596267,0.261403277004804,227.82184178969257,0.24209905640821974,0.2843953119210659,0.0,,1.0,0.0,30
s5c,100,q4q4,js,0.019718115350912016,0.03278390207913748,9.251858538542971e-19,1.545713383149985e-16,-0.010708284243440943,0.012461327494064861,0.9999999999999999,,0.06666666666666667,0.0,30
s5c,100,p4q8,energy,0.24335272964607188,0.016791251654488578,0.2094771820528751,142.40007798842663,0.2038802772590954,0.21511971208413436,0.0,,1.0,0.0,30
s5c,100,p8p8,energy,0.033934173834189944,0.00786688215512935,-4.625929269271486e-19,-3.2207496673726954e-16,-0.002711818282610076,0.003196036439940193,0.9999999999999998,,0.06666666666666667,0.0,30
s5c,100,p8q4,energy,0.24413133605469065,0.018986182270826914,0.21019716222050067,146.34733929059365,0.20300389157849366,0.21706635544350872,0.0,,1.0,0.0,30
s5c,100,q4q4,energy,0.033875547593196845,0.008057255265288917,-2.7755575615628915e-18,-1.886790768114108e-15,-0.0027422201956549945,0.003159253634958676,0.9999999999999984,,0.03333333333333333,0.0,30
s5c,100,p4q8,precision@3,0.4776666666666667,0.029905982948098438,0.4653333333333336,86.41023068234225,-0.4753416666666669,-0.45433333333333353,0.0,0.0,1.0,0.0,30
s5c,100,p8p8,precision@3,0.9309999999999999,0.035849301440796615,-5.921189464667501e-17,-9.046672895204831e-15,-0.01234166666666664,0.012341666666666634,0.9999999999999928,0.9999999999999997,0.03333333333333333,0.0,30
s5c,100,p8q4,precision@3,0.9289999999999999,0.03744881564353468,0.001999999999999939,0.305569445098395,-0.014341666666666641,0.010675000000000035,0.7599324876307708,0.9999999999999997,0.06666666666666667,0.0,30
s5c,100,q4q4,precision@3,0.9430000000000002,0.029495762407505236,1.8503717077085943e-16,3.436053999523906e-14,-0.01100000000000012,0.009999999999999898,0.9999999999999726,0.9999999999999997,0.06666666666666667,0.0,30
s5c,100,p4q8,recall@3,0.9380000000000001,0.034180050644622574,0.016000000000000077,2.9541957829585472,-0.02866666666666662,-0.00399166666666679,0.0031348505869939914,0.00835960156531731,0.16666666666666666,0.0,30
s5c,100,p8p8,recall@3,0.9356666666666668,0.030702502799623985,1.0362081563168128e-16,1.8485612885971582e-14,-0.011675000000000046,0.01100833333333344,0.9999999999999852,0.9999999999999997,0.03333333333333333,0.0,30
s5c,100,p8q4,recall@3,0.48500000000000004,0.025427381385780393,0.4506666666666668,80.39745190023483,-0.45900833333333346,-0.4410000000000001,0.0,0.0,1.0,0.0,30
s5c,100,q4q4,recall@3,0.9540000000000001,0.02966479394838263,7.401486830834377e-17,1.366590073954627e-14,-0.010333333333333309,0.010333333333333089,0.9999999999999891,0.9999999999999997,0.03333333333333333,0.0,30
s5c,250,p4q8,mtd_PQ,7.7404095013936365,0.6627356624850956,2.1641622384389247,13.993018641509837,1.9187585802872982,2.3895757246017455,1.719554662055095e-44,5.895615984188897e-44,0.8,0.0,30
s5c,250,p8p8,mtd_PQ,6.8391750653584795,0.920049697552489,2.9605947323337506e-16,1.7624966595111557e-15,-0.31343588948249823,0.31533947626749725,0.9999999999999986,0.9999999999999994,0.03333333333333333,0.0,30
s5c,250,p8q4,mtd_PQ,10.182331784566243,1.0648607284337852,3.3431567192077645,19.902428675812814,2.961219156583151,3.734494733810424,3.876809923724225e-88,1.5507239694896898e-87,0.9,0.0,30
s5c,250,q4q4,mtd_PQ,5.576247262954712,0.8471084806318169,1.7763568394002506e-16,1.1485550355795418e-15,-0.31268233458201106,0.29798030773798617,0.9999999999999991,0.9999999999999994,0.06666666666666667,0.0,30
s5c,250,p4q8,mtd_QP,10.561415163675944,1.1252004304727938,4.969104607899983,39.66904812300384,4.592409423987071,5.345846196015676,0.0,0.0,1.0,0.0,30
s5c,250,p8p8,mtd_QP,7.135081100463867,0.9892588130804438,1.7763568394002506e-16,9.835148277153576e-16,-0.3289950891335803,0.3547366273403163,0.9999999999999992,0.9999999999999994,0.06666666666666667,0.0,30
s5c,250,p8q4,mtd_QP,7.8306448300679525,0.833180508302715,0.6955637296040853,3.8511251034312712,0.4307388218243916,1.0080423776308698,0.00011757641371443852,0.0003135371032385027,0.06666666666666667,0.0,30
s5c,250,q4q4,mtd_QP,5.592310555775961,0.6860993175053437,-4.144832625267251e-16,-3.308877108606693e-15,-0.2544363419214891,0.25768147190411805,0.9999999999999973,0.9999999999999994,0.06666666666666667,0.0,30
s5c,250,p4q8,ntd_PQ,1.8472295715959741,0.16526378950015289,-0.15830612718184084,-4.27183793524633,-0.21653992607337838,-0.10558091466794066,1.9386845519477902e-05,5.816053655843371e-05,0.0,0.0,30
s5c,250,p8p8,ntd_PQ,1.9947038598371782,0.195610061059177,-1.258252761241844e-16,-3.52320027213493e-15,-0.06821562539323886,0.06684785449243359,0.9999999999999972,0.9999999999999994,0.06666666666666667,0.0,30
s5c,250,p8q4,ntd_PQ,4.845091169355833,0.37693301799023565,2.8503873095186543,79.8129410395615,2.7179510849835142,2.982847848489497,0.0,0.0,1.0,0.0,30
s5c,250,q4q4,ntd_PQ,2.005535698777815,0.2029754830608673,-1.4062824978585316e-16,-3.794806321756917e-15,-0.06407087041907894,0.06991090405790606,0.999999999999997,0.9999999999999994,0.03333333333333333,0.0,30
s5c,250,p4q8,ntd_QP,4.874326856170234,0.4966097510362489,2.779357505788839,61.82056772385354,2.6200022750889067,2.950594215125676,0.0,0.0,1.0,0.0,30
s5c,250,p8p8,ntd_QP,2.08969791475092,0.21882563663385754,-8.881784197001253e-17,-2.223118657531206e-15,-0.07028366465718645,0.07176151794335732,0.9999999999999982,0.9999999999999994,0.1,0.0,30
s5c,250,p8q4,ntd_QP,1.9434297731460213,0.23973840190875403,-0.1462681416048989,-3.6611048792882683,-0.22450408727681698,-0.06171087657628474,0.0002511299242736723,0.0006027118182568136,0.2,0.0,30
s5c,250,q4q4,ntd_QP,2.0949693503813958,0.2462476255569219,-2.960594732333751e-17,-6.585178292893855e-16,-0.07813340261334852,0.0827633862104358,0.9999999999999994,0.9999999999999994,0.1,0.0,30
s5c,250,p4q8,rtd,11.800504843393961,0.2936004230508184,0.22804253896077556,6.1296723138802145,0.12369127114613887,0.32363778909047525,8.806025458906659e-10,,0.26666666666666666,0.0,30
s5c,250,p8p8,rtd,15.61451800664266,0.3664062762500666,-5.921189464667501e-16,-8.85129226006608e-15,-0.1387416712443033,0.12195613145828176,0.9999999999999929,,0.03333333333333333,0.0,30
s5c,250,p8q4,rtd,11.90537331899007,0.35146267737993775,-3.7091446876525875,-55.44616307447974,-3.8288810880978916,-3.5881107433636985,0.0,,1.0,0.0,30
s5c,250,q4q4,rtd,11.572462304433186,0.2037695267549191,8.289665250534502e-16,2.2282216208036652e-14,-0.06875290234883522,0.07902649323145572,0.9999999999999822,,0.06666666666666667,0.0,30
s5c,250,p4q8,mmd,0.0,0.0,0.0,0.0,0.0,0.0,1.0,,0.0,0.0,30
s5c,250,p8p8,mmd,0.0,0.0,0.0,0.0,0.0,0.0,1.0,,0.0,0.0,30
s5c,250,p8q4,mmd,0.0,0.0,0.0,0.0,0.0,0.0,1.0,,0.0,0.0,30
s5c,250,q4q4,mmd,0.0,0.0,0.0,0.0,0.0,0.0,1.0,,0.0,0.0,30
s5c,250,p4q8,frechet,0.19356021811725582,0.047954517173441125,0.017300659397622296,1.76962723327154,0.0010129537194093318,0.03608481664707566,0.07678925907174126,,0.03333333333333333,0.0,30
s5c,250,p8p8,frechet,0.182255066552677,0.052298622488843274,6.47630097698008e-18,6.78261867159112e-16,-0.01846473516479717,0.019786197503539632,0.9999999999999994,,0.03333333333333333,0.0,30
s5c,250,p8q4,frechet,0.1819306649406459,0.04785022676900259,-0.0003244016120311157,-0.033974524017296476,-0.016141687934332603,0.015665878041373017,0.9728974658588351,,0.03333333333333333,0.0,30
s5c,250,q4q4,frechet,0.1762595587196335,0.05354778245192257,-1.4802973661668754e-17,-1.514147219653983e-15,-0.01747218398312761,0.020367034927237605,0.9999999999999988,,0.0,0.0,30
s5c,250,p4q8,js,0.31290032894642744,0.035242034326705605,0.29261046989090755,69.39308682910462,0.28011787916093717,0.30502725078761134,0.0,,1.0,0.0,30
s5c,250,p8p8,js,0.011889596409866327,0.01838939819921059,-1.1564823173178713e-18,-3.4445469367745354e-16,-0.006101214719427591,0.007214197098916461,0.9999999999999998,,0.06666666666666667,0.0,30
s5c,250,p8q4,js,0.3174542908474366,0.026916881031882105,0.30556469443757023,91.01150241989215,0.2961082033184745,0.31518699092949,0.0,,1.0,0.0,30
s5c,250,q4q4,js,0.020289859055519822,0.02309586764429803,-1.3877787807814458e-18,-3.2911417513617906e-16,-0.00816355107189272,0.008355873611550494,0.9999999999999998,,0.06666666666666667,0.0,30
s5c,250,p4q8,energy,0.2206325416902608,0.01003658919248853,0.2076622897253004,373.04446319515,0.2039986483949839,0.21103610035372686,0.0,,1.0,0.0,30
s5c,250,p8p8,energy,0.013853580584238046,0.002884444264881854,-3.4694469519536144e-19,-6.588077908733429e-16,-0.0009307190815783044,0.0010146635260984502,0.9999999999999994,,0.03333333333333333,0.0,30
s5c,250,p8q4,energy,0.22052317743234137,0.008914181383701477,0.2066695968481034,392.44162665036697,0.2036395156163588,0.2097177778905056,0.0,,1.0,0.0,30
s5c,250,q4q4,energy,0.012970251964960452,0.0030490016993468733,-5.782411586589357e-19,-1.0387522111723271e-15,-0.0010383356765672265,0.0010479925089185186,0.9999999999999992,,0.03333333333333333,0.0,30
s5c,250,p4q8,precision@3,0.48679999999999995,0.01801608476736352,0.4673333333333333,166.676843178421,-0.47346666666666665,-0.4606633333333333,0.0,0.0,1.0,0.0,30
s5c,250,p8p8,precision@3,0.9425333333333332,0.018569038623534012,-9.62193288008469e-17,-2.8381381451752947e-14,-0.006666666666666493,0.006536666666666823,0.9999999999999774,0.9999999999999994,0.03333333333333333,0.0,30
s5c,250,p8q4,precision@3,0.9482666666666667,0.02418168776137234,-0.005733333333333431,-1.6911354750788297,-0.002666666666666381,0.014540000000000062,0.09081093116893571,0.1981329407322234,0.13333333333333333,0.0,30
s5c,250,q4q4,precision@3,0.9541333333333333,0.015357202810437813,-3.3306690738754695e-17,-1.1879003000832204e-14,-0.006000000000000008,0.0052000000000000934,0.9999999999999906,0.9999999999999994,0.06666666666666667,0.0,30
s5c,250,p4q8,recall@3,0.9590666666666668,0.016697993547302233,-0.0020000000000001314,-0.7839886997635523,-0.004136666666666544,0.007603333333333601,0.43304674099592866,0.8660934819918573,0.1,0.0,30
s5c,250,p8p8,recall@3,0.9526666666666667,0.014784272475968429,1.850371707708594e-17,6.855192403638995e-15,-0.004936666666666895,0.00520333333333331,0.9999999999999946,0.9999999999999994,0.0,0.0,30
s5c,250,p8q4,recall@3,0.4965333333333332,0.03192635203124512,0.45613333333333334,168.98668244259804,-0.466,-0.4445333333333332,0.0,0.0,1.0,0.0,30
s5c,250,q4q4,recall@3,0.9570666666666665,0.013972715613265569,-1.258252761241844e-16,-4.93227973129914e-14,-0.004803333333333354,0.005070000000000102,0.9999999999999607,0.9999999999999994,0.03333333333333333,0.0,30
s5c,500,p4q8,mtd_PQ,12.582338174184164,0.8503589230950263,3.8221028327941897,31.69834493499909,3.518602944215139,4.111163317362468,1.6374432871779847e-220,6.5497731487119394e-220,1.0,0.0,30
s5c,500,p8p8,mtd_PQ,11.822416210174561,0.7797909116349762,-3.552713678800501e-16,-2.495414338880389e-15,-0.28445415814717717,0.26518278916676813,0.999999999999998,1.0,0.06666666666666667,0.0,30
s5c,500,p8q4,mtd_PQ,15.116256014506023,1.250866508382909,3.2938398043314603,23.135821855700005,2.8411455289522802,3.747358637650807,2.0195635474617363e-118,6.924217877011667e-118,0.9,0.0,30
s5c,500,q4q4,mtd_PQ,8.760235341389974,0.6604294145013764,1.1842378929335003e-16,9.821394885877462e-16,-0.23743200103441792,0.2367847243944798,0.9999999999999992,1.0,0.03333333333333333,0.0,30
s5c,500,p4q8,mtd_QP,14.985711510976156,1.3969915842395575,6.308627764383948,50.66073585530271,5.801742351055145,6.782975397904713,0.0,0.0,1.0,0.0,30
s5c,500,p8p8,mtd_QP,11.2282608350118,0.8692968433896467,-5.921189464667501e-16,-3.7307958284926175e-15,-0.31004644632339534,0.30881838480631363,0.999999999999997,1.0,0.03333333333333333,0.0,30
s5c,500,p8q4,mtd_QP,12.542690086364747,0.7911856233656115,1.314429251352945,8.281895381085587,1.0434423057238258,1.6069454852739964,1.212300754168068e-16,3.636902262504204e-16,0.3333333333333333,0.0,30
s5c,500,q4q4,mtd_QP,8.677083746592205,0.6820622865206661,-8.289665250534502e-16,-6.6569237759936265e-15,-0.2215332476298026,0.2515942839781436,0.9999999999999947,1.0,0.03333333333333333,0.0,30
s5c,500,p4q8,ntd_PQ,1.2592981539021686,0.09133370310652293,-0.11093649938448881,-4.501807157988975,-0.14182301829610494,-0.07870938539076561,6.737810254479464e-06,1.6170744610750712e-05,0.0,0.0,30
s5c,500,p8p8,ntd_PQ,1.369547488606135,0.110194127978745,3.108624468950438e-16,1.5451492521456887e-14,-0.04006114754045658,0.035852570691339423,0.9999999999999877,1.0,0.03333333333333333,0.0,30
s5c,500,p8q4,ntd_PQ,3.2927385977663373,0.30318036004491394,1.9231911091602027,95.5926755944062,1.8168178498584335,2.0232822229540064,0.0,0.0,1.0,0.0,30
s5c,500,q4q4,ntd_PQ,1.3702346532866574,0.13497340296606627,-1.4802973661668753e-16,-6.007052066665475e-15,-0.04728358761506308,0.046519783021485794,0.9999999999999952,1.0,0.03333333333333333,0.0,30
s5c,500,p4q8,ntd_QP,3.3030597679828433,0.253304907182323,1.945139431372151,114.9523649672765,1.855671542728342,2.0352328694795014,0.0,0.0,1.0,0.0,30
s5c,500,p8p8,ntd_QP,1.3573118880752908,0.08291109540515496,0.0,0.0,-0.031754426182027826,0.028159404843939796,1.0,1.0,0.06666666666666667,0.0,30
s5c,500,p8q4,ntd_QP,1.2540486736327525,0.0708128610967573,-0.10326321444253837,-6.82171567394568,-0.13002535688990302,-0.07753108561547876,8.9959582196147e-12,2.3989221918972534e-11,0.23333333333333334,0.0,30
s5c,500,q4q4,ntd_QP,1.357920336610692,0.09268158548070096,-1.0362081563168128e-16,-6.12370384589718e-15,-0.03269366012470411,0.031429923588808056,0.9999999999999951,1.0,0.06666666666666667,0.0,30
s5c,500,p4q8,mmd,0.0,0.0,0.0,0.0,0.0,0.0,1.0,,0.0,0.0,30
s5c,500,p8p8,mmd,0.0,0.0,0.0,0.0,0.0,0.0,1.0,,0.0,0.0,30
s5c,500,p8q4,mmd,0.0004371827210056681,0.002394548380462921,0.0004371827210056681,437182721.0056681,0.0,0.0013115481630170045,0.0,,0.03333333333333333,0.0,30
s5c,500,q4q4,mmd,0.0,0.0,0.0,0.0,0.0,0.0,1.0,,0.0,0.0,30
s5c,500,p4q8,frechet,0.13159791449501707,0.0469208470419456,0.002222893134060412,0.2391432355694025,-0.015405345651226744,0.018085916416222828,0.8109945170716701,,0.0,0.0,30
s5c,500,p8p8,frechet,0.12974064845893496,0.03716621480254112,2.3129646346357427e-18,3.4086411856726784e-16,-0.013196580640904988,0.01290963864498288,0.9999999999999998,,0.03333333333333333,0.0,30
s5c,500,p8q4,frechet,0.13890207522330078,0.045319003771490736,0.009161426764365804,1.3501294451680714,-0.005716986687284986,0.02556228525149348,0.17697446480915968,,0.06666666666666667,0.0,30
s5c,500,q4q4,frechet,0.12937502136095666,0.05091211170653899,-6.47630097698008e-18,-6.967332556051737e-16,-0.01711082580433441,0.019027851467262907,0.9999999999999994,,0.06666666666666667,0.0,30
s5c,500,p4q8,js,0.3213800075054489,0.02290640462870356,0.29576479503621916,67.19487770716371,0.28713036028563194,0.3040898004251245,0.0,,1.0,0.0,30
s5c,500,p8p8,js,0.019762975851639504,0.016905076452721286,-1.908195823574488e-18,-6.18253279890976e-16,-0.005394333283760908,0.005629715395233223,0.9999999999999996,,0.03333333333333333,0.0,30
s5c,500,p8q4,js,0.3241634885137302,0.020281945721658503,0.3044005126620907,98.62542042529827,0.2976999305728088,0.311367092566918,0.0,,1.0,0.0,30
s5c,500,q4q4,js,0.02561521246922978,0.024108541521038352,9.251858538542971e-19,2.1019320537633394e-16,-0.008337561280510046,0.008961992699209427,0.9999999999999998,,0.03333333333333333,0.0,30
s5c,500,p4q8,energy,0.21115544963744082,0.006287014132764394,0.20416939950809956,590.8623970371146,0.20188530811205535,0.2064049006732104,0.0,,1.0,0.0,30
s5c,500,p8p8,energy,0.007233100120667935,0.0015059887461687587,-3.4694469519536144e-19,-1.2618250671365193e-15,-0.0004985639122521672,0.0005336946454110997,0.999999999999999,,0.03333333333333333,0.0,30
s5c,500,p8q4,energy,0.21379547374225852,0.007299893707310188,0.20656237362159063,751.259738432303,0.203983919443063,0.209341362718826,0.0,,1.0,0.0,30
s5c,500,q4q4,energy,0.006986050129341296,0.001892626538767828,5.782411586589357e-20,1.6734190230950025e-16,-0.0006216950570283169,0.0006664734133030832,0.9999999999999999,,0.1,0.0,30
s5c,500,p4q8,precision@3,0.49946666666666667,0.01989582062044489,0.4709333333333332,329.3113297272085,-0.4772666666666665,-0.4642649999999999,0.0,0.0,1.0,0.0,30
s5c,500,p8p8,precision@3,0.9580666666666665,0.011331778121826196,-1.2212453270876723e-16,-5.9029007308394e-14,-0.00426666666666653,0.003800000000000139,0.9999999999999529,1.0,0.03333333333333333,0.0,30
s5c,500,p8q4,precision@3,0.9597999999999998,0.013800049974922,-0.0017333333333334608,-0.8378082906996338,-0.0032683333333333037,0.006400000000000072,0.4021383816968257,0.8042767633936515,0.1,0.0,30
s5c,500,q4q4,precision@3,0.9703999999999999,0.007832734141915654,-4.4408920985006264e-17,-3.105399381651249e-14,-0.0026666666666663786,0.002735000000000033,0.9999999999999752,1.0,0.0,0.0,30
s5c,500,p4q8,recall@3,0.9587999999999999,0.014786760154343102,0.007466666666666747,3.909237449923947,-0.012733333333333485,-0.0027300000000001464,9.258792243395498e-05,0.0002020100125831745,0.16666666666666666,0.0,30
s5c,500,p8p8,recall@3,0.9578666666666666,0.010801447327456453,1.1102230246251566e-17,5.629747345013005e-15,-0.0038683333333333486,0.0036666666666667095,0.9999999999999956,1.0,0.03333333333333333,0.0,30
s5c,500,p8q4,recall@3,0.4943333333333333,0.017237355852380887,0.4635333333333333,235.04966973094704,-0.46893500000000005,-0.456665,0.0,0.0,1.0,0.0,30
s5c,500,q4q4,recall@3,0.9662666666666667,0.010461533260517778,8.141635513917814e-17,4.2626231858890146e-14,-0.0038016666666668003,0.003533333333333061,0.999999999999966,1.0,0.03333333333333333,0.0,30
s5c,1000,p4q8,mtd_PQ,20.153912925720213,1.1794584361406821,6.6109212875366214,40.21655927031251,6.2143521960576384,7.03335519472758,0.0,0.0,1.0,0.0,30
s5c,1000,p8p8,mtd_PQ,17.984384218851726,0.9089900618009726,-1.1842378929335002e-15,-7.135763466137638e-15,-0.3090066973368336,0.3078428061803156,0.9999999999999943,1.0,0.03333333333333333,0.0,30
s5c,1000,p8q4,mtd_PQ,22.327839215596516,0.9739277966044451,4.34345499674479,26.17199438350085,3.9878062311808242,4.676613860130309,5.538746111497656e-151,1.8989986667991963e-150,0.9666666666666667,0.0,30
s5c,1000,q4q4,mtd_PQ,13.542991638183594,0.900363129206289,0.0,0.0,-0.3259305636088045,0.3161573513348895,1.0,1.0,0.0,0.0,30
s5c,1000,p4q8,mtd_QP,22.0361909866333,1.016217891390737,8.518892733256022,39.94295059606169,8.146887246767681,8.891748083432514,0.0,0.0,1.0,0.0,30
s5c,1000,p8p8,mtd_QP,17.790874512990317,1.1038342578916098,-1.6579330501069005e-15,-8.226663775654943e-15,-0.40733584165573145,0.38947340011596465,0.9999999999999934,1.0,0.03333333333333333,0.0,30
s5c,1000,p8q4,mtd_QP,20.178303082784016,1.1886509333566164,2.3874285697937,11.846420535991566,1.9748920838038102,2.7889764642715433,2.245802968884506e-32,6.737408906653518e-32,0.6333333333333333,0.0,30
s5c,1000,q4q4,mtd_QP,13.517298253377279,1.168163504528217,1.1842378929335003e-16,5.552594349118846e-16,-0.40144801139831465,0.4143785349527995,0.9999999999999996,1.0,0.06666666666666667,0.0,30
s5c,1000,p4q8,ntd_PQ,1.083086208251059,0.07563373444050514,-0.09953687034236779,-5.428123581726354,-0.12537492576529993,-0.07248418287206046,5.694960322356611e-08,1.3667904773655864e-07,0.13333333333333333,0.0,30
s5c,1000,p8p8,ntd_PQ,1.1854335689785187,0.07982588854236837,6.661338147750939e-17,4.570653998428108e-15,-0.026137944875134395,0.02946163690138499,0.9999999999999963,1.0,0.06666666666666667,0.0,30
s5c,1000,p8q4,ntd_PQ,2.821834761343035,0.19173986208695812,1.636401192364516,112.28109858735621,1.5689836277008355,1.7071698613964654,0.0,0.0,1.0,0.0,30
s5c,1000,q4q4,ntd_PQ,1.1826230785934266,0.10043726596524848,-2.0354088784794536e-16,-1.1099857664528909e-14,-0.03394456434644463,0.03876315799881925,0.9999999999999911,1.0,0.06666666666666667,0.0,30
s5c,1000,p4q8,ntd_QP,2.751428912699468,0.18772125670656875,1.5929160243016822,107.2746827677436,1.5270026242795098,1.6597455404555848,0.0,0.0,1.0,0.0,30
s5c,1000,p8p8,ntd_QP,1.1641499935877022,0.07118251813087487,7.401486830834377e-17,5.695164209504271e-15,-0.024753966166569757,0.02601649014210551,0.9999999999999954,1.0,0.0,0.0,30
s5c,1000,p8q4,ntd_QP,1.0797204497353965,0.07537548896284493,-0.08442954385230568,-6.496534106758887,-0.10976243570106595,-0.059109255785345136,8.219148905360092e-11,2.1917730414293578e-10,0.3,0.0,30
s5c,1000,q4q4,ntd_QP,1.158512888397787,0.08133102947987152,-5.181040781584064e-17,-3.489163884171655e-15,-0.029452279498599104,0.027184187401624548,0.9999999999999972,1.0,0.0,0.0,30
s5c,1000,p4q8,mmd,0.026279790973656254,0.0014309143644290233,0.026279790973656254,26279790973.656254,0.025761395505792862,0.026785643411658372,0.0,,1.0,0.0,30
s5c,1000,p8p8,mmd,0.0,0.0,0.0,0.0,0.0,0.0,1.0,,0.0,0.0,30
s5c,1000,p8q4,mmd,0.026127173237560985,0.0013231133057344602,0.026127173237560985,26127173237.560986,0.025654867028038944,0.02657459425767503,0.0,,1.0,0.0,30
s5c,1000,q4q4,mmd,0.0,0.0,0.0,0.0,0.0,0.0,1.0,,0.0,0.0,30
s5c,1000,p4q8,frechet,0.09138723971619597,0.026279066305667495,0.001996663214849919,0.4241781488118835,-0.007214488728291639,0.01153356265084275,0.6714358954690285,,0.03333333333333333,0.0,30
s5c,1000,p8p8,frechet,0.08853847122571185,0.03245809474576554,-5.088522196198634e-18,-8.586759058360957e-16,-0.012241665024821448,0.010983266657981194,0.9999999999999993,,0.03333333333333333,0.0,30
s5c,1000,p8q4,frechet,0.09032946106875386,0.029981270940079192,0.0017909898430420424,0.302225236821457,-0.009068151036008065,0.01183729121067646,0.7624803670287014,,0.0,0.0,30
s5c,1000,q4q4,frechet,0.08939057650134608,0.02578203251027802,1.8503717077085942e-18,3.930994670268975e-16,-0.009295665612388884,0.009499951269508911,0.9999999999999997,,0.03333333333333333,0.0,30
s5c,1000,p4q8,js,0.318731684902461,0.015409965533213115,0.29644788364503233,102.60662247219327,0.2908279646850922,0.30199057936427465,0.0,,1.0,0.0,30
s5c,1000,p8p8,js,0.02361613869832034,0.01465527297549508,-3.989863994746656e-18,-1.4911619279543646e-15,-0.00530139906788457,0.005329980683645503,0.9999999999999988,,0.03333333333333333,0.0,30
s5c,1000,p8q4,js,0.32534378194939906,0.01686768978748483,0.3017276432510787,112.76694514394696,0.29550450843341697,0.3073866692180786,0.0,,1.0,0.0,30
s5c,1000,q4q4,js,0.022283801257428657,0.01582463090867787,5.782411586589357e-19,2.0014098780156785e-16,-0.0054178652577282285,0.005645346805516077,0.9999999999999999,,0.0,0.0,30
s5c,1000,p4q8,energy,0.2086641316285137,0.004054475906220252,0.20531561402677817,1284.1859013572416,0.20392971625035664,0.20673935733750728,0.0,,1.0,0.0,30
s5c,1000,p8p8,energy,0.003467985944301629,0.0006848463782326205,-5.782411586589357e-20,-4.624624350934852e-16,-0.00023815730115115533,0.00024106149785703423,0.9999999999999997,,0.0,0.0,30
s5c,1000,p8q4,energy,0.20863378655894832,0.004686621983111151,0.20516580061464665,1640.8634067177836,0.20359762877911006,0.20678931970411912,0.0,,1.0,0.0,30
s5c,1000,q4q4,energy,0.0033485176017354827,0.0008756987005406261,-2.8912057932946785e-20,-1.808360136305639e-16,-0.00028331010461060875,0.00030849473035473646,0.9999999999999999,,0.06666666666666667,0.0,30
s5c,1000,p4q8,precision@3,0.5072333333333333,0.02299727620053467,0.46619999999999984,369.1783863916355,-0.47303666666666644,-0.457430833333333,0.0,0.0,1.0,0.0,30
s5c,1000,p8p8,precision@3,0.9681333333333332,0.0071810734637625115,-1.258252761241844e-16,-9.597080761357021e-14,-0.002434166666666504,0.0025341666666669335,0.9999999999999234,1.0,0.03333333333333333,0.0,30
s5c,1000,p8q4,precision@3,0.9703333333333333,0.008441822541139567,-0.0022000000000001276,-1.6780076567563764,-0.0008016666666666838,0.005167500000000094,0.09334560427973997,0.20366313661034174,0.1,0.0,30
s5c,1000,q4q4,precision@3,0.9734333333333332,0.006916663204541447,-1.591319668629391e-16,-1.2601476351305682e-13,-0.0022683333333331974,0.0024333333333335094,0.9999999999998994,1.0,0.06666666666666667,0.0,30
s5c,1000,p4q8,recall@3,0.9721333333333334,0.008394305678023172,3.3333333333314856e-05,0.03506558254230664,-0.0029016666666667884,0.003001666666666887,0.9720274456772316,1.0,0.13333333333333333,0.0,30
s5c,1000,p8p8,recall@3,0.9694999999999999,0.006956763020553311,-5.551115123125783e-17,-4.370525430961708e-14,-0.002533333333333168,0.002433333333333293,0.9999999999999651,1.0,0.03333333333333333,0.0,30
s5c,1000,p8q4,recall@3,0.5031000000000001,0.016930588518601693,0.4663999999999999,367.2078520779674,-0.4720333333333332,-0.4603666666666666,0.0,0.0,1.0,0.0,30
s5c,1000,q4q4,recall@3,0.9721666666666666,0.00520664915298687,-1.850371707708594e-17,-1.946530855519217e-14,-0.0019675000000000027,0.0017666666666665831,0.9999999999999845,1.0,0.03333333333333333,0.0,30
