scenario,direction,k,point_role,point_index,x,y,covered,radius
same_law,precision,3,center,0,-7.69528292,-1.039984106,,0.2375810017
same_law,precision,3,center,1,0.7504511958,-7.059435284,,0.5102010873
same_law,precision,3,center,2,-7.607889438,4.354674743,,1.12736302
same_law,precision,3,center,3,5.784694653,-5.973096842,,0.2608564746
same_law,precision,3,center,4,-8.016801158,-0.8530439276,,0.3317180659
same_law,precision,3,center,5,6.536252224,-4.879062314,,0.427801456
same_law,precision,3,center,6,-7.933969302,1.127241207,,0.420891344
same_law,precision,3,center,7,0.4675093423,-8.859292463,,0.4324039847
same_law,precision,3,center,8,6.025605034,-6.61573685,,0.5828183651
same_law,precision,3,center,9,0.8784503013,-8.049925911,,0.4934720079
same_law,precision,3,center,10,-5.841716613,-6.337783794,,0.3482353346
same_law,precision,3,center,11,6.879395588,-5.811383732,,0.6008980258
same_law,precision,3,center,12,5.228526427,-6.0089878,,0.2898103866
same_law,precision,3,center,13,8.532309186,0.3654440644,,0.473141869
same_law,precision,3,center,14,-7.587267388,0.430821003,,0.341119457
same_law,precision,3,center,15,-3.515206649,-6.063269266,,0.9750051203
same_law,precision,3,center,16,5.14461152,4.843081521,,0.5026261863
same_law,precision,3,center,17,6.272833672,-4.527881957,,0.4175499081
same_law,precision,3,center,18,-0.1139474577,-8.840156477,,0.2835981293
same_law,precision,3,center,19,-8.824481216,0.6505927878,,0.3234063353
same_law,precision,3,center,20,-4.913600078,6.200008518,,0.2512857125
same_law,precision,3,center,21,-0.6655097073,-7.767838677,,0.4586067029
same_law,precision,3,center,22,0.1166858091,-7.781311403,,0.3413758522
same_law,precision,3,center,23,-4.785425472,5.880449798,,0.4051924008
same_law,precision,3,center,24,6.335767813,5.724433319,,0.2988069609
same_law,precision,3,center,25,-5.367734851,6.288142475,,0.4189070519
same_law,precision,3,center,26,-7.114010069,-5.976525466,,0.4958712442
same_law,precision,3,center,27,5.186481595,-6.295732098,,0.4678625781
same_law,precision,3,center,28,7.724857749,1.494941311,,0.4471025993
same_law,precision,3,center,29,4.791023134,6.625132604,,0.6069088757
same_law,precision,3,center,30,3.973984478,-5.991739279,,0.9202993597
same_law,precision,3,center,31,-5.494101184,-5.070631918,,0.3504570298
same_law,precision,3,center,32,-4.94562767,6.450201485,,0.1986271989
same_law,precision,3,center,33,-6.005579322,5.194502457,,0.5018106692
same_law,precision,3,center,34,-4.798878368,5.465549925,,0.4151179177
same_law,precision,3,center,35,-1.275686323,-9.133287214,,0.4922881914
same_law,precision,3,center,36,4.737401963,-5.159693505,,0.2859639971
same_law,precision,3,center,37,-5.514428513,6.347339604,,0.3289341487
same_law,precision,3,center,38,-6.084106896,-5.498314558,,0.1453777806
same_law,precision,3,center,39,-7.374409606,-0.3093465397,,0.4204556676
same_law,precision,3,center,40,6.113629487,4.994928308,,0.3259783786
same_law,precision,3,center,41,-6.019908096,-6.038592143,,0.2411113473
same_law,precision,3,center,42,-6.852693895,-5.169881769,,0.6088643371
same_law,precision,3,center,43,7.53059766,0.01249411873,,0.487831358
same_law,precision,3,center,44,6.137600908,-5.210323073,,0.358960261
same_law,precision,3,center,45,-4.991469141,-5.755339734,,0.4254509002
same_law,precision,3,center,46,-0.423298312,-8.079718211,,0.3789440854
same_law,precision,3,center,47,3.969519816,4.209741777,,0.9099312304
same_law,precision,3,center,48,4.334154637,4.659607422,,0.739364649
same_law,precision,3,center,49,0.3997742267,-8.905479055,,0.3928462211
same_law,precision,3,center,50,5.278691695,-4.357625952,,0.4662190964
same_law,precision,3,center,51,-8.356263971,0.7375155685,,0.2667787342
same_law,precision,3,center,52,4.723236569,5.451416692,,0.5802118709
same_law,precision,3,center,53,-0.9500220549,-8.339033076,,0.57178651
same_law,precision,3,center,54,-4.816546112,-7.384174673,,0.9126813238
same_law,precision,3,center,55,-5.222430606,-5.419118647,,0.4418686496
same_law,precision,3,center,56,-8.594149956,-1.446057854,,0.5745513268
same_law,precision,3,center,57,0.07212950771,7.470507291,,0.3198742206
same_law,precision,3,center,58,5.889530461,5.678706395,,0.2484970789
same_law,precision,3,center,59,7.258633141,-5.896209877,,0.6664956792
same_law,precision,3,center,60,-6.680351742,5.836129884,,0.4933604178
same_law,precision,3,center,61,5.876850933,-4.297666674,,0.458040834
same_law,precision,3,center,62,6.491965495,6.013725309,,0.2506685334
same_law,precision,3,center,63,-4.193551358,-6.845617304,,0.7485942127
same_law,precision,3,center,64,7.360248467,-0.9265759414,,0.3826281556
same_law,precision,3,center,65,7.610190197,-1.376686148,,0.5148495565
same_law,precision,3,center,66,6.292005196,5.434631552,,0.293087411
same_law,precision,3,center,67,-1.470806295,-9.015579081,,0.3466026245
same_law,precision,3,center,68,0.3135138475,8.838126568,,0.4598986792
same_law,precision,3,center,69,9.996730892,2.913862466,,2.08751559
same_law,precision,3,center,70,0.4144094333,7.01046188,,0.5734085172
same_law,precision,3,center,71,-10.13204628,0.2677114623,,1.362470003
same_law,precision,3,center,72,-0.8129410953,-8.41535726,,0.4827381907
same_law,precision,3,center,73,5.04475745,-5.797645136,,0.4525255805
same_law,precision,3,center,74,6.72283448,-5.499805682,,0.3487008194
same_law,precision,3,center,75,5.498219412,4.621200497,,0.2504350945
same_law,precision,3,center,76,-1.674682945,7.513692091,,0.8108510777
same_law,precision,3,center,77,5.603071699,-3.888924336,,0.4437862425
same_law,precision,3,center,78,-5.526579728,-4.674114738,,0.3978451075
same_law,precision,3,center,79,-6.156149848,4.471910483,,0.3602685291
same_law,precision,3,center,80,7.034883238,-0.7252260645,,0.3069766509
same_law,precision,3,center,81,2.128469732,-8.821386679,,0.9657891073
same_law,precision,3,center,82,-4.818365046,4.753927071,,0.6127645943
same_law,precision,3,center,83,-7.068426987,0.3849509661,,0.1800815715
same_law,precision,3,center,84,-8.156637898,-0.04076252614,,0.4305695283
same_law,precision,3,center,85,-0.6547876954,8.446072201,,0.2794245996
same_law,precision,3,center,86,-6.11183773,-6.882460013,,0.4252457886
same_law,precision,3,center,87,6.722062426,0.1725879177,,0.455602972
same_law,precision,3,center,88,9.579091256,0.1599916136,,0.4823400388
same_law,precision,3,center,89,-5.775492576,5.942680389,,0.1610079233
same_law,precision,3,center,90,-4.350852508,-5.437471748,,0.5483034757
same_law,precision,3,center,91,7.589072769,1.10628871,,0.4006688577
same_law,precision,3,center,92,8.428756438,1.535755992,,0.7050809907
same_law,precision,3,center,93,-7.816765563,-1.224469032,,0.3341974971
same_law,precision,3,center,94,-7.025013449,-4.005926317,,1.061784484
same_law,precision,3,center,95,9.723665721,-0.1795192133,,0.844218719
same_law,precision,3,center,96,-6.040041571,7.118298542,,0.6854902403
same_law,precision,3,center,97,-9.107045682,-0.894727019,,0.6055316025
same_law,precision,3,center,98,6.300181044,5.262249127,,0.3259783786
same_law,precision,3,center,99,-0.00512186672,7.836557101,,0.2530975008
same_law,precision,3,center,100,0.3375745488,9.407481861,,0.8024972897
same_law,precision,3,center,101,0.0905849069,8.643938793,,0.3668384085
same_law,precision,3,center,102,5.949827899,-0.04871840193,,0.6859556672
same_law,precision,3,center,103,-0.8432302703,6.78118694,,0.5760883615
same_law,precision,3,center,104,-8.878152367,-0.3341234407,,0.6055316025
same_law,precision,3,center,105,0.9159025424,6.673607282,,0.6041244561
same_law,precision,3,center,106,5.687485742,-6.141023683,,0.2137315043
same_law,precision,3,center,107,-8.327673094,1.002757825,,0.3707884281
same_law,precision,3,center,108,-7.461884563,1.337398107,,0.3974172431
same_law,precision,3,center,109,-0.1545056792,7.304057388,,0.3689177073
same_law,precision,3,center,110,-0.2238588169,-7.757503209,,0.3789440854
same_law,precision,3,center,111,8.176573358,-1.084388072,,0.5311692618
same_law,precision,3,center,112,-5.566364468,5.88508258,,0.231178537
same_law,precision,3,center,113,2.517474038,9.876844611,,1.965429834
same_law,precision,3,center,114,-8.853243351,-0.2873833615,,0.6582415527
same_law,precision,3,center,115,-1.463442002,-8.590707014,,0.5688106315
same_law,precision,3,center,116,-7.684394996,1.205853621,,0.3645450887
same_law,precision,3,center,117,-0.7290838377,7.34585356,,0.3544619958
same_law,precision,3,center,118,-7.804143279,-5.81952017,,0.8413560426
same_law,precision,3,center,119,-6.719268661,5.127414822,,0.5953593882
same_law,precision,3,center,120,-0.8768607782,7.905737446,,0.4400938316
same_law,precision,3,center,121,6.242271609,-1.467045245,,1.085600705
same_law,precision,3,center,122,2.129247112,-9.287422581,,1.152382331
same_law,precision,3,center,123,-9.096785578,1.836913528,,1.196727513
same_law,precision,3,center,124,8.561921419,4.485287621,,2.127922752
same_law,precision,3,center,125,7.631751043,0.3415555509,,0.2372213354
same_law,precision,3,center,126,1.728697644,-8.986857078,,0.7323894518
same_law,precision,3,center,127,-0.2452778459,-7.222662424,,0.5352695021
same_law,precision,3,center,128,8.434766074,-0.3761560712,,0.4011949809
same_law,precision,3,center,129,-8.133822965,-1.374895808,,0.3615289899
same_law,precision,3,center,130,-0.238173744,7.73361251,,0.264199626
same_law,precision,3,center,131,5.889024139,-6.212181468,,0.2608564746
same_law,precision,3,center,132,-5.185315727,-4.644138432,,0.3813960509
same_law,precision,3,center,133,5.812283577,6.008610658,,0.2834062454
same_law,precision,3,center,134,-5.603698902,5.656938643,,0.3394555998
same_law,precision,3,center,135,4.935296216,-5.340359988,,0.2679599093
same_law,precision,3,center,136,5.559567651,-3.563685941,,0.6923215407
same_law,precision,3,center,137,-4.083499347,-5.271007697,,0.5275476902
same_law,precision,3,center,138,4.89379704,-6.769265721,,0.47100368
same_law,precision,3,center,139,6.847997203,5.919603475,,0.4086276221
same_law,precision,3,center,140,6.136997653,3.912268263,,0.7908095803
same_law,precision,3,center,141,-7.072561518,0.4544203382,,0.1646333885
same_law,precision,3,center,142,4.546423565,5.185329442,,0.5262007049
same_law,precision,3,center,143,-7.736282796,0.05246679836,,0.3024504084
same_law,precision,3,center,144,5.364683064,-5.760342518,,0.3206686623
same_law,precision,3,center,145,-5.908831628,-5.504291737,,0.09321142924
same_law,precision,3,center,146,-6.528508027,-2.566658441,,1.645806212
same_law,precision,3,center,147,-5.893704514,5.833366671,,0.2291458327
same_law,precision,3,center,148,5.952848239,5.284939668,,0.3248228383
same_law,precision,3,center,149,-1.756721782,-7.672004516,,0.4066088824
same_law,precision,3,center,150,9.727350214,-1.533861405,,1.354347203
same_law,precision,3,center,151,0.8638280137,-8.328525223,,0.4940388929
same_law,precision,3,center,152,-0.06132434583,6.947101489,,0.4799345452
same_law,precision,3,center,153,-5.991310422,-4.356809655,,0.5627229637
same_law,precision,3,center,154,-7.417344758,1.732311605,,0.4166490173
same_law,precision,3,center,155,1.177411889,8.439086679,,0.5888679742
same_law,precision,3,center,156,7.400788776,-5.217861091,,0.5318518714
same_law,precision,3,center,157,8.827988177,-0.2965709535,,0.4928290507
same_law,precision,3,center,158,0.06654581586,-8.697423823,,0.3928462211
same_law,precision,3,center,159,8.989583935,-1.178303623,,0.8184169644
same_law,precision,3,center,160,0.7823503424,7.809348942,,0.2602151305
same_law,precision,3,center,161,-4.485607156,-4.905985261,,0.5483034757
same_law,precision,3,center,162,-3.836208092,6.387628941,,0.9205021239
same_law,precision,3,center,163,-7.228894505,5.589901077,,0.6012718093
same_law,precision,3,center,164,6.827992807,-0.5182798424,,0.292626706
same_law,precision,3,center,165,9.511228433,0.6375338109,,0.8089520735
same_law,precision,3,center,166,-6.355784678,4.643136883,,0.2630067402
same_law,precision,3,center,167,-5.624072157,4.4402941,,0.4480293702
same_law,precision,3,center,168,4.985713972,5.968863721,,0.5802118709
same_law,precision,3,center,169,1.155312036,-7.391238528,,0.5234555309
same_law,precision,3,center,170,5.708710491,0.304366729,,0.6803170754
same_law,precision,3,center,171,-7.927966427,0.4138902854,,0.3284818142
same_law,precision,3,center,172,-4.040644568,-7.720092526,,0.8877428689
same_law,precision,3,center,173,-6.247957675,6.247760572,,0.5302794497
same_law,precision,3,center,174,6.418405601,1.475949048,,0.9944657884
same_law,precision,3,center,175,0.3683566127,8.846583986,,0.4679071774
same_law,precision,3,center,176,-0.5709436615,-7.18623631,,0.6683819476
same_law,precision,3,center,177,-4.588382694,-5.423976229,,0.5219787261
same_law,precision,3,center,178,5.891255142,5.927197489,,0.2484970789
same_law,precision,3,center,179,-6.520199514,5.509325569,,0.3639365282
same_law,precision,3,center,180,7.847477468,0.3833938644,,0.2121424527
same_law,precision,3,center,181,0.9998242469,-9.058536082,,0.6733951141
same_law,precision,3,center,182,-5.78186328,-4.175398702,,0.5602565279
same_law,precision,3,center,183,7.256411771,-0.8222500173,,0.4406529413
same_law,precision,3,center,184,8.202306192,0.8443851905,,0.5534042919
same_law,precision,3,center,185,5.668280305,-4.327893659,,0.3907215043
same_law,precision,3,center,186,0.8567939826,-7.158179933,,0.3787206581
same_law,precision,3,center,187,6.210970751,-3.329201149,,0.8263360717
same_law,precision,3,center,188,5.451692561,-7.660376542,,0.9355955254
same_law,precision,3,center,189,-4.052599888,5.199154819,,0.8502022661
same_law,precision,3,center,190,5.764734694,6.966404934,,0.2542842729
same_law,precision,3,center,191,4.054594708,-6.908501464,,0.7736999377
same_law,precision,3,center,192,-7.258132187,-6.45099054,,0.8321761413
same_law,precision,3,center,193,6.096490856,6.181042092,,0.3264334247
same_law,precision,3,center,194,8.276274179,-1.412765884,,0.6670604314
same_law,precision,3,center,195,-7.966957686,5.711207835,,1.039800756
same_law,precision,3,center,196,-8.471776034,0.4593857717,,0.3011631127
same_law,precision,3,center,197,0.7019536262,-7.861758568,,0.403738863
same_law,precision,3,center,198,6.416987335,-5.427642875,,0.3539557481
same_law,precision,3,center,199,6.186918955,4.952180987,,0.3301068801
same_law,precision,3,center,200,5.477242836,-5.460078153,,0.3535173527
same_law,precision,3,center,201,0.8205284754,7.606258828,,0.3280633167
same_law,precision,3,center,202,8.521167256,-0.2658387919,,0.3083561956
same_law,precision,3,center,203,-5.774396417,6.486373292,,0.4852160387
same_law,precision,3,center,204,-1.993060371,-9.296472328,,0.6488189884
same_law,precision,3,center,205,4.174668852,3.32323813,,1.12803698
same_law,precision,3,center,206,4.978589809,6.406288149,,0.5759201812
same_law,precision,3,center,207,5.371970183,-5.459064168,,0.3615150319
same_law,precision,3,center,208,9.089217497,1.327686132,,0.6924607397
same_law,precision,3,center,209,5.587716315,7.010440139,,0.3243648647
same_law,precision,3,center,210,8.092126658,-0.8373982238,,0.5004970979
same_law,precision,3,center,211,7.405599648,-1.480536513,,0.5558138573
same_law,precision,3,center,212,-8.888133854,-0.3580166881,,0.5796381353
same_law,precision,3,center,213,6.460439269,-3.936084418,,0.6208221859
same_law,precision,3,center,214,6.617818485,0.3928274683,,0.3363721355
same_law,precision,3,center,215,-9.040543939,0.4746970885,,0.4810677868
same_law,precision,3,center,216,-5.7879409,3.825948424,,0.7435353465
same_law,precision,3,center,217,-4.728557258,-6.261854962,,0.5706840934
same_law,precision,3,center,218,-0.5339002384,-9.069752411,,0.3459529015
same_law,precision,3,center,219,5.002570973,-5.228963809,,0.2740674706
same_law,precision,3,center,220,-8.189244341,0.3286620023,,0.2873004425
same_law,precision,3,center,221,6.018776103,6.977515905,,0.4323153323
same_law,precision,3,center,222,5.314068099,-7.133712066,,0.5562813148
same_law,precision,3,center,223,1.067222417,7.668511828,,0.2647233224
same_law,precision,3,center,224,1.114592445,-7.616622887,,0.479960724
same_law,precision,3,center,225,7.86886247,0.348775894,,0.1741482705
same_law,precision,3,center,226,-3.705841689,7.733834779,,1.181102782
same_law,precision,3,center,227,5.726235385,5.817044843,,0.2140159061
same_law,precision,3,center,228,-4.580614092,-6.502515282,,0.519441517
same_law,precision,3,center,229,0.3330703726,-8.025862848,,0.403738863
same_law,precision,3,center,230,0.3139082115,-8.833368806,,0.2822573171
same_law,precision,3,center,231,-7.246421743,-7.729837685,,1.156981137
same_law,precision,3,center,232,6.882615887,-0.4586752849,,0.3069766509
same_law,precision,3,center,233,-0.2931915866,-6.062768838,,1.019172983
same_law,precision,3,center,234,9.10599337,-0.9620911163,,0.8042729798
same_law,precision,3,center,235,8.347708452,-0.4070782364,,0.4291247054
same_law,precision,3,center,236,-5.941218088,-5.4715286,,0.1213618868
same_law,precision,3,center,237,6.276025366,5.317595766,,0.3248228383
same_law,precision,3,center,238,1.063851533,6.858061774,,0.6484287184
same_law,precision,3,center,239,-5.650515187,8.254527976,,1.159561662
same_law,precision,3,center,240,8.223079743,1.433214507,,0.5891956415
same_law,precision,3,center,241,-5.565334071,-5.076077154,,0.3501417789
same_law,precision,3,center,242,5.600071055,5.486446668,,0.3474917986
same_law,precision,3,center,243,-6.436336646,6.087155608,,0.5150680929
same_law,precision,3,center,244,-8.851537189,0.6655852363,,0.3541832442
same_law,precision,3,center,245,6.742141254,6.023385657,,0.2952930667
same_law,precision,3,center,246,-5.943102983,-5.20288867,,0.2923198572
same_law,precision,3,center,247,-8.308673056,0.9355471255,,0.3009531734
same_law,precision,3,center,248,-7.488260334,5.321246881,,0.7050121661
same_law,precision,3,center,249,3.666042254,4.161793419,,0.9807527668
same_law,precision,3,center,250,9.36386223,0.895184982,,0.7660501438
same_law,precision,3,center,251,4.937374016,4.154350793,,0.64154661
same_law,precision,3,center,252,-2.964528838,7.456504492,,1.123966578
same_law,precision,3,center,253,2.420415012,8.434884271,,1.154321797
same_law,precision,3,center,254,-8.559572286,0.4650802095,,0.3234063353
same_law,precision,3,center,255,4.095895896,5.359530887,,0.48303346
same_law,precision,3,center,256,5.756331723,5.570753598,,0.2110572322
same_law,precision,3,center,257,6.447660371,6.001499476,,0.2952930667
same_law,precision,3,center,258,-7.331673982,-0.6883722822,,0.4579617149
same_law,precision,3,center,259,0.8978154084,-6.371063052,,0.6428025127
same_law,precision,3,center,260,-0.9701495197,7.112304344,,0.354608561
same_law,precision,3,center,261,9.335784336,-0.1913439867,,0.5185842788
same_law,precision,3,center,262,-4.253032857,-6.099389961,,0.519441517
same_law,precision,3,center,263,1.455045576,8.131485817,,0.4390783813
same_law,precision,3,center,264,0.2582288233,-6.435281978,,0.6654551139
same_law,precision,3,center,265,-8.361770477,-0.9411220959,,0.4523434093
same_law,precision,3,center,266,-8.448564208,0.4523339506,,0.2873004425
same_law,precision,3,center,267,-7.222613322,-5.019383347,,0.893471308
same_law,precision,3,center,268,-0.5387713176,9.147812661,,0.6967564867
same_law,precision,3,center,269,-2.394260305,-8.786565775,,0.8999214198
same_law,precision,3,center,270,-1.686468151,-8.826229466,,0.5128607711
same_law,precision,3,center,271,-5.409188348,-5.836080875,,0.4254509002
same_law,precision,3,center,272,-0.2533775689,-8.159184871,,0.3007856578
same_law,precision,3,center,273,-5.453466009,4.648318208,,0.2867547236
same_law,precision,3,center,274,-4.950004609,6.31952022,,0.1307545432
same_law,precision,3,center,275,8.385037938,0.5565334428,,0.3409538379
same_law,precision,3,center,276,-7.703581999,2.035073303,,0.4871902482
same_law,precision,3,center,277,-5.743948421,-5.963937468,,0.2997781789
same_law,precision,3,center,278,-6.41038183,-6.68911692,,0.3556826273
same_law,precision,3,center,279,-9.244471788,-0.8887973132,,0.6647202591
same_law,precision,3,center,280,-5.727534631,5.991149378,,0.1929403723
same_law,precision,3,center,281,-5.605712191,4.891318972,,0.4348655339
same_law,precision,3,center,282,-4.756669685,6.396266922,,0.2080106938
same_law,precision,3,center,283,5.497205942,5.003938105,,0.3875534372
same_law,precision,3,center,284,-5.108426329,-5.468880662,,0.4746512287
same_law,precision,3,center,285,4.20872699,5.588873994,,0.5262007049
same_law,precision,3,center,286,-7.737964188,-0.8996947865,,0.282712501
same_law,precision,3,center,287,5.846697642,4.202031764,,0.4517390645
same_law,precision,3,center,288,6.99304035,6.904804235,,0.9769738012
same_law,precision,3,center,289,-5.909371584,6.020308587,,0.187597274
same_law,precision,3,center,290,5.590078034,-1.15634766,,1.345814996
same_law,precision,3,center,291,5.363075329,-6.728987271,,0.47100368
same_law,precision,3,center,292,0.7143964826,-6.002703469,,0.8830509116
same_law,precision,3,center,293,-1.176614719,7.162536596,,0.4836207185
same_law,precision,3,center,294,-5.421405881,7.267970398,,0.8576108413
same_law,precision,3,center,295,-1.222374313,8.249036122,,0.3610065743
same_law,precision,3,center,296,-3.835555399,-7.308613398,,0.9838964813
same_law,precision,3,center,297,6.718930793,-0.4236066065,,0.4368068735
same_law,precision,3,center,298,-0.5205884129,8.812601288,,0.3903242479
same_law,precision,3,center,299,-7.75834028,-1.77496206,,0.5535847608
same_law,precision,3,center,300,-5.141443847,5.079315362,,0.5008869516
same_law,precision,3,center,301,-6.725552783,-0.6275875364,,0.6340028167
same_law,precision,3,center,302,-0.6366152831,8.541131611,,0.2745127081
same_law,precision,3,center,303,-7.237073518,0.4480993639,,0.1800815715
same_law,precision,3,center,304,6.314402683,0.5380344399,,0.5474829922
same_law,precision,3,center,305,4.622546198,-5.421578138,,0.4133224281
same_law,precision,3,center,306,-1.423734435,-7.553677852,,0.3339269743
same_law,precision,3,center,307,-0.8065989043,-9.28263465,,0.3919853066
same_law,precision,3,center,308,8.713820136,0.2416445217,,0.5428208231
same_law,precision,3,center,309,-6.270831051,-4.2056754,,0.6252257276
same_law,precision,3,center,310,-0.4406524216,8.032107674,,0.4051950223
same_law,precision,3,center,311,5.925767697,5.037188315,,0.249226982
same_law,precision,3,center,312,6.127990543,-6.190306597,,0.4062414871
same_law,precision,3,center,313,7.588361678,1.36264264,,0.3005675145
same_law,precision,3,center,314,-1.040586053,5.587219669,,1.58117906
same_law,precision,3,center,315,-6.389063005,2.549327953,,1.411066126
same_law,precision,3,center,316,-0.4052692654,-9.936838041,,0.8511424982
same_law,precision,3,center,317,-0.3104839762,-8.28622295,,0.3643485795
same_law,precision,3,center,318,-0.189923841,-9.113388042,,0.3138086531
same_law,precision,3,center,319,-7.420438858,0.5245073753,,0.1986480105
same_law,precision,3,center,320,-7.151259869,6.356050981,,0.7700732517
same_law,precision,3,center,321,7.709539231,-5.484893917,,0.7659879578
same_law,precision,3,center,322,-5.994179412,-5.798857464,,0.2417378813
same_law,precision,3,center,323,0.615256767,6.269328394,,0.7630853965
same_law,precision,3,center,324,-5.492463547,-6.047318199,,0.4542553977
same_law,precision,3,center,325,-3.809029237,-5.831026983,,0.6236629239
same_law,precision,3,center,326,1.667887611,6.896259302,,0.7842547199
same_law,precision,3,center,327,6.244113416,5.976254513,,0.2524487532
same_law,precision,3,center,328,-0.8690472479,8.177396115,,0.2717710132
same_law,precision,3,center,329,-4.444335413,5.333062545,,0.4672298419
same_law,precision,3,center,330,6.308037351,-0.01756282648,,0.5054227407
same_law,precision,3,center,331,-6.559277344,-5.999195188,,0.4444720548
same_law,precision,3,center,332,-8.08158777,-1.705652216,,0.5492431685
same_law,precision,3,center,333,6.384341661,0.4820668355,,0.4580747927
same_law,precision,3,center,334,-8.522718696,-2.564744342,,1.12096471
same_law,precision,3,center,335,6.441698286,-5.384484494,,0.35043889
same_law,precision,3,center,336,-6.370729074,-6.973684461,,0.4560861525
same_law,precision,3,center,337,-7.164192104,0.3493506226,,0.1394123714
same_law,precision,3,center,338,8.039456532,6.077042848,,1.29842444
same_law,precision,3,center,339,6.044557391,-5.82378218,,0.3988464316
same_law,precision,3,center,340,-4.840078382,6.281939451,,0.141519544
same_law,precision,3,center,341,1.251725009,7.478677081,,0.4496749406
same_law,precision,3,center,342,-6.092261722,-6.13595742,,0.321724629
same_law,precision,3,center,343,6.447655971,-4.158479809,,0.4086817622
same_law,precision,3,center,344,-0.4588404931,7.575226272,,0.397114458
same_law,precision,3,center,345,-7.685922776,-0.2457615,,0.3179363339
same_law,precision,3,center,346,0.9520536531,-10.25177729,,1.302271065
same_law,precision,3,center,347,4.830149203,-6.439270583,,0.5863852718
same_law,precision,3,center,348,3.336498237,-6.620492694,,0.8953879401
same_law,precision,3,center,349,-6.572010365,-5.857958904,,0.4740411398
same_law,precision,3,center,350,1.112965892,7.754939349,,0.3091519577
same_law,precision,3,center,351,-1.03081372,7.943045459,,0.3514746223
same_law,precision,3,center,352,-6.950826379,-0.9759588161,,0.7472046441
same_law,precision,3,center,353,-0.9105748839,8.558548959,,0.2794245996
same_law,precision,3,center,354,-8.221536116,0.6474846907,,0.3009531734
same_law,precision,3,center,355,5.643207458,6.358517898,,0.3886152475
same_law,precision,3,center,356,6.964921886,-0.01208465079,,0.4794391909
same_law,precision,3,center,357,5.446164235,4.440963325,,0.187603783
same_law,precision,3,center,358,-1.563477948,-7.314250965,,0.4066088824
same_law,precision,3,center,359,7.649047618,-1.022280282,,0.4406529413
same_law,precision,3,center,360,5.560675313,6.784873107,,0.3913009793
same_law,precision,3,center,361,-7.937592095,-7.153492939,,1.000094429
same_law,precision,3,center,362,4.733967808,7.118033116,,0.7526093421
same_law,precision,3,center,363,8.282586983,0.7673172405,,0.473141869
same_law,precision,3,center,364,-1.140160919,-9.119535875,,0.3713015326
same_law,precision,3,center,365,-5.209040533,5.71512858,,0.3989251774
same_law,precision,3,center,366,0.5487388189,7.812329009,,0.3090485251
same_law,precision,3,center,367,-7.721856274,0.1581190849,,0.3041060738
same_law,precision,3,center,368,-7.222232611,0.8070082819,,0.3592156232
same_law,precision,3,center,369,-7.276726244,-7.904122805,,1.298671007
same_law,precision,3,center,370,6.658599647,-4.469129156,,0.3902144014
same_law,precision,3,center,371,6.97937698,-1.859835407,,0.8352295732
same_law,precision,3,center,372,-5.557819428,-4.726016023,,0.3504570298
same_law,precision,3,center,373,-3.859259727,-5.140556677,,0.6688309587
same_law,precision,3,center,374,-0.3717166966,-8.893130622,,0.2855905698
same_law,precision,3,center,375,5.668305541,-5.956118953,,0.3380602181
same_law,precision,3,center,376,-6.671922155,7.7056099,,1.159561662
same_law,precision,3,center,377,-3.871685847,6.792902933,,0.9554355146
same_law,precision,3,center,378,4.736003852,-4.801834925,,0.5034849683
same_law,precision,3,center,379,0.6396264095,-7.557454376,,0.4786372814
same_law,precision,3,center,380,6.906519517,-5.021483107,,0.5123794284
same_law,precision,3,center,381,-7.259985764,0.6369062834,,0.195904849
same_law,precision,3,center,382,-5.316062841,3.87324312,,0.6453034577
same_law,precision,3,center,383,5.740475327,5.100662291,,0.2811768229
same_law,precision,3,center,384,-1.279840958,-6.318183381,,1.120736929
same_law,precision,3,center,385,1.728995341,9.3592206,,1.154321797
same_law,precision,3,center,386,5.912067666,7.00747937,,0.3243648647
same_law,precision,3,center,387,-7.987946819,0.2027972769,,0.2698153432
same_law,precision,3,center,388,-1.09347137,-7.603008696,,0.548154452
same_law,precision,3,center,389,0.06038592842,-9.302652117,,0.5224278494
same_law,precision,3,center,390,-0.05119711182,7.920270436,,0.1638694404
same_law,precision,3,center,391,7.454415416,-4.762640921,,0.7659879578
same_law,precision,3,center,392,8.011445439,0.2487873098,,0.2450459039
same_law,precision,3,center,393,0.0442123781,-8.202913985,,0.3643485795
same_law,precision,3,center,394,-1.082427197,-8.151051878,,0.548154452
same_law,precision,3,center,395,-6.402952506,4.406538711,,0.2553135733
same_law,precision,3,center,396,0.5112218145,8.39126466,,0.3913451972
same_law,precision,3,center,397,-1.786707511,-8.122684637,,0.5779241644
same_law,precision,3,center,398,6.652555635,6.716077988,,0.6984613442
same_law,precision,3,center,399,1.025836843,8.038913207,,0.3346422379
same_law,precision,3,center,400,-6.501899577,4.573155422,,0.2803208474
same_law,precision,3,center,401,0.3446049048,8.379280034,,0.3668384085
same_law,precision,3,center,402,-4.369523138,6.7568339,,0.6486426136
same_law,precision,3,center,403,5.524625593,4.412648371,,0.2102172106
same_law,precision,3,center,404,-5.975960847,-5.439623055,,0.1230457663
same_law,precision,3,center,405,-8.202083245,-0.5778941081,,0.4609365708
same_law,precision,3,center,406,-7.747115185,-0.5039577414,,0.4204556676
same_law,precision,3,center,407,5.028788166,-5.345401415,,0.3455334233
same_law,precision,3,center,408,5.254861669,5.900958638,,0.4787846118
same_law,precision,3,center,409,-5.383650227,4.517425248,,0.2524914225
same_law,precision,3,center,410,5.175613126,7.094631189,,0.494189192
same_law,precision,3,center,411,4.494774737,-7.773508698,,0.9635821743
same_law,precision,3,center,412,3.795009096,5.685964196,,0.9029168627
same_law,precision,3,center,413,8.030917278,-0.1176108554,,0.4795200507
same_law,precision,3,center,414,1.214189829,-10.67283443,,1.660330037
same_law,precision,3,center,415,-7.604066126,1.561438202,,0.3645450887
same_law,precision,3,center,416,-6.784635014,5.277047738,,0.5433633285
same_law,precision,3,center,417,-0.7528919172,-8.894346046,,0.3919853066
same_law,precision,3,center,418,5.330592244,-4.229368966,,0.4360591691
same_law,precision,3,center,419,-6.162613325,-0.335939225,,1.015334869
same_law,precision,3,center,420,7.561914464,5.692430726,,0.884058415
same_law,precision,3,center,421,1.753691027,7.90670135,,0.6596776927
same_law,precision,3,center,422,5.787912076,-5.291379777,,0.4484704146
same_law,precision,3,center,423,-2.47800057,6.508139824,,1.363543379
same_law,precision,3,center,424,4.94958972,-4.687856379,,0.5173527979
same_law,precision,3,center,425,-6.018686787,-6.146604432,,0.2605148567
same_law,precision,3,center,426,-4.74825289,5.687939837,,0.4615890812
same_law,precision,3,center,427,0.2785759145,8.013985222,,0.3371249369
same_law,precision,3,center,428,-5.320271123,6.081820147,,0.3289341487
same_law,precision,3,center,429,3.719887317,-4.990281581,,1.033190636
same_law,precision,3,center,430,4.67483483,-7.099153385,,0.6488805461
same_law,precision,3,center,431,-0.05841124386,8.083981003,,0.3084119753
same_law,precision,3,center,432,-6.350360414,-4.825822392,,0.6088643371
same_law,precision,3,center,433,-6.999029416,-6.063797998,,0.4444720548
same_law,precision,3,center,434,-6.241728384,5.610266979,,0.478149054
same_law,precision,3,center,435,5.935718534,4.6489613,,0.3937560538
same_law,precision,3,center,436,0.7242826775,8.063002368,,0.306027416
same_law,precision,3,center,437,3.764907996,-7.61544569,,0.7639951115
same_law,precision,3,center,438,-0.01231929293,7.779032682,,0.2303762685
same_law,precision,3,center,439,5.553434136,5.628871793,,0.2554787041
same_law,precision,3,center,440,5.882414089,-4.70920464,,0.4373229257
same_law,precision,3,center,441,-6.76795915,4.484882657,,0.4415112635
same_law,precision,3,center,442,-1.093323858,8.288916667,,0.3257280467
same_law,precision,3,center,443,1.244947379,-8.431339438,,0.6733951141
same_law,precision,3,center,444,3.155154405,-7.360847112,,1.006781726
same_law,precision,3,center,445,-0.8330367228,7.442271113,,0.397114458
same_law,precision,3,center,446,-6.065242877,-5.618273127,,0.1921356406
same_law,precision,3,center,447,7.688253669,1.049339611,,0.4471025993
same_law,precision,3,center,448,-6.332871555,-6.519172209,,0.4524894096
same_law,precision,3,center,449,6.135729788,-7.192496319,,0.8287453353
same_law,precision,3,center,450,0.3896917053,8.102553184,,0.3132473207
same_law,precision,3,center,451,-5.804296739,7.245130357,,0.7593459773
same_law,precision,3,center,452,7.377792555,2.060298171,,0.7287404168
same_law,precision,3,center,453,5.4314228,4.379837805,,0.2504350945
same_law,precision,3,center,454,-7.930080419,-1.0762452,,0.2394562479
same_law,precision,3,center,455,-0.7517558478,8.3970333,,0.2265188611
same_law,precision,3,center,456,0.5555820887,7.3778323,,0.3935616139
same_law,precision,3,center,457,0.987405145,-6.842492242,,0.4798664415
same_law,precision,3,center,458,-6.563698243,0.5294134071,,0.6269094692
same_law,precision,3,center,459,1.363428712,6.119201572,,0.7972834403
same_law,precision,3,center,460,-0.3179065486,7.132994744,,0.4630071692
same_law,precision,3,center,461,-5.537628388,5.08540503,,0.4451159363
same_law,precision,3,center,462,-8.166157842,1.88217488,,0.7636622524
same_law,precision,3,center,463,7.830280204,0.4137923172,,0.2112628172
same_law,precision,3,center,464,-5.889123579,-5.581140962,,0.1660362277
same_law,precision,3,center,465,-5.650837569,-5.208530184,,0.2923198572
same_law,precision,3,center,466,9.165307536,1.647393998,,0.7779732449
same_law,precision,3,center,467,5.966474331,6.246401136,,0.3126087228
same_law,precision,3,center,468,-6.807718759,-5.744730992,,0.3720262385
same_law,precision,3,center,469,6.597143714,-4.790885611,,0.3858608453
same_law,precision,3,center,470,5.868463982,6.543248209,,0.3913009793
same_law,precision,3,center,471,-5.16608754,-4.456547991,,0.4754649222
same_law,precision,3,center,472,0.289359157,7.644301684,,0.3303972289
same_law,precision,3,center,473,8.335841257,-2.930594376,,1.722793446
same_law,precision,3,center,474,-5.273968513,2.008441424,,1.888782493
same_law,precision,3,center,475,-1.723463407,-7.548231399,,0.2997784524
same_law,precision,3,center,476,-5.179324912,4.494425469,,0.4445594523
same_law,precision,3,center,477,7.287897958,1.370540989,,0.4543229016
same_law,precision,3,center,478,5.172824118,-3.413933937,,0.8305570828
same_law,precision,3,center,479,-0.001919853176,-7.591963823,,0.44227439
same_law,precision,3,query,0,-5.655624096,-5.358108712,True,
same_law,precision,3,query,1,-8.274137855,-0.8905918388,True,
same_law,precision,3,query,2,-0.4546707852,7.008353445,True,
same_law,precision,3,query,3,-5.596710647,6.997069495,True,
same_law,precision,3,query,4,-0.4922065186,7.3795251,True,
same_law,precision,3,query,5,-5.167012199,-5.299967241,True,
same_law,precision,3,query,6,-7.894585751,-0.9304680447,True,
same_law,precision,3,query,7,-5.686106072,6.352157444,True,
same_law,precision,3,query,8,4.312639702,5.199238488,True,
same_law,precision,3,query,9,3.75563151,-6.946391989,True,
same_law,precision,3,query,10,-7.498589287,5.421763118,True,
same_law,precision,3,query,11,-6.924300731,-5.385589891,True,
same_law,precision,3,query,12,5.813605336,-5.843785194,True,
same_law,precision,3,query,13,-10.51675971,-0.5386928958,True,
same_law,precision,3,query,14,-0.0485009454,-7.886691014,True,
same_law,precision,3,query,15,-7.186990015,-6.134607526,True,
same_law,precision,3,query,16,-6.635373328,4.84801701,True,
same_law,precision,3,query,17,-4.595955626,4.849319574,True,
same_law,precision,3,query,18,5.624332545,6.541244117,True,
same_law,precision,3,query,19,-8.583600433,-0.1117019496,True,
same_law,precision,3,query,20,8.110464143,0.06378177426,True,
same_law,precision,3,query,21,4.431798423,5.73299448,True,
same_law,precision,3,query,22,1.358823422,6.452855322,True,
same_law,precision,3,query,23,8.859382688,0.1193540257,True,
same_law,precision,3,query,24,-6.298324644,-3.656437703,True,
same_law,precision,3,query,25,8.762259712,-1.199288902,True,
same_law,precision,3,query,26,5.731370478,6.233543833,True,
same_law,precision,3,query,27,-5.845636375,6.339764517,True,
same_law,precision,3,query,28,-5.72337157,-4.989606689,True,
same_law,precision,3,query,29,-6.561477408,-0.675662251,True,
same_law,precision,3,query,30,5.85999286,-6.120161826,True,
same_law,precision,3,query,31,-5.529585838,4.469659722,True,
same_law,precision,3,query,32,-8.579301597,-0.1961959728,True,
same_law,precision,3,query,33,-7.101236128,1.145222007,True,
same_law,precision,3,query,34,-1.323527792,-8.794642366,True,
same_law,precision,3,query,35,0.6469034226,6.007580216,True,
same_law,precision,3,query,36,-6.120024114,-5.754141175,True,
same_law,precision,3,query,37,-4.399839272,6.34625815,True,
same_law,precision,3,query,38,5.329640829,-6.025430144,True,
same_law,precision,3,query,39,5.406658849,-4.133324849,True,
same_law,precision,3,query,40,-0.4280249426,7.696319612,True,
same_law,precision,3,query,41,-5.304265182,-5.777624695,True,
same_law,precision,3,query,42,-0.197284228,6.885932857,True,
same_law,precision,3,query,43,-8.011521468,-0.443581223,True,
same_law,precision,3,query,44,1.166127776,-7.346911497,True,
same_law,precision,3,query,45,-5.680997863,6.325235273,True,
same_law,precision,3,query,46,7.660130448,1.052126358,True,
same_law,precision,3,query,47,-0.005399560672,8.583382354,True,
same_law,precision,3,query,48,-6.947747495,-5.310174201,True,
same_law,precision,3,query,49,-7.345058367,-7.692183194,True,
same_law,precision,3,query,50,7.695523122,-0.8999276076,True,
same_law,precision,3,query,51,-5.492801454,-3.412097623,True,
same_law,precision,3,query,52,-6.488577431,5.032910663,True,
same_law,precision,3,query,53,-5.451450303,6.149867541,True,
same_law,precision,3,query,54,7.823593934,-0.2059303303,True,
same_law,precision,3,query,55,-7.297537045,0.519907637,True,
same_law,precision,3,query,56,-1.033675832,7.920818681,True,
same_law,precision,3,query,57,5.692141098,-6.711338872,True,
same_law,precision,3,query,58,5.91669335,4.798897772,True,
same_law,precision,3,query,59,0.9720667079,8.192745913,True,
same_law,precision,3,query,60,0.08930648577,-8.591028353,True,
same_law,precision,3,query,61,-5.775464073,3.659107957,True,
same_law,precision,3,query,62,-1.131407471,8.362839799,True,
same_law,precision,3,query,63,-10.12856704,0.8466085215,True,
same_law,precision,3,query,64,-1.746096475,-7.243261497,True,
same_law,precision,3,query,65,-6.502351282,6.435845334,True,
same_law,precision,3,query,66,8.130951208,-1.53683494,True,
same_law,precision,3,query,67,1.24914875,9.441707156,True,
same_law,precision,3,query,68,-5.722659155,5.382937977,True,
same_law,precision,3,query,69,5.496987284,-6.632006572,True,
same_law,precision,3,query,70,1.09858676,7.457108068,True,
same_law,precision,3,query,71,-5.708044662,-6.450150653,True,
same_law,precision,3,query,72,7.3739269,-1.277725152,True,
same_law,precision,3,query,73,-6.742930686,-0.1540875732,True,
same_law,precision,3,query,74,0.9659216187,8.013324597,True,
same_law,precision,3,query,75,4.962450722,-5.983539509,True,
same_law,precision,3,query,76,-6.2170853,-5.64889515,True,
same_law,precision,3,query,77,5.28158741,-5.956775965,True,
same_law,precision,3,query,78,-7.035428934,4.850008322,True,
same_law,precision,3,query,79,1.654057549,7.328766784,True,
same_law,precision,3,query,80,4.602760462,5.994180582,True,
same_law,precision,3,query,81,-4.24958205,-7.110878552,True,
same_law,precision,3,query,82,-5.865376098,5.024801696,True,
same_law,precision,3,query,83,-1.761019474,8.734926709,False,
same_law,precision,3,query,84,-0.02344391855,-7.928558156,True,
same_law,precision,3,query,85,-0.7523114724,8.454784163,True,
same_law,precision,3,query,86,-0.5392973495,7.857096792,True,
same_law,precision,3,query,87,-9.108260792,-1.21610276,True,
same_law,precision,3,query,88,9.335531855,-0.5071047045,True,
same_law,precision,3,query,89,-5.365173893,5.623063815,True,
same_law,precision,3,query,90,-0.4411452028,-8.50796097,True,
same_law,precision,3,query,91,6.286936841,5.354986645,True,
same_law,precision,3,query,92,-5.808297898,-5.634632692,True,
same_law,precision,3,query,93,-6.82349168,0.6805109746,True,
same_law,precision,3,query,94,6.039454517,5.093282856,True,
same_law,precision,3,query,95,4.274885529,6.606384181,True,
same_law,precision,3,query,96,8.966447134,-0.1407083991,True,
same_law,precision,3,query,97,8.541883842,0.7814430539,True,
same_law,precision,3,query,98,0.8311844527,-7.078616527,True,
same_law,precision,3,query,99,-0.4556176507,9.514972983,True,
same_law,precision,3,query,100,-6.903447308,6.518577326,True,
same_law,precision,3,query,101,-5.16292217,6.530473363,True,
same_law,precision,3,query,102,7.535862557,-4.172408776,True,
same_law,precision,3,query,103,-9.145176907,-1.68867158,True,
same_law,precision,3,query,104,0.8168890591,6.984987584,True,
same_law,precision,3,query,105,-8.012405389,0.839727477,True,
same_law,precision,3,query,106,4.013056898,3.546873795,True,
same_law,precision,3,query,107,5.91615327,5.701240139,True,
same_law,precision,3,query,108,5.411051178,-5.618319486,True,
same_law,precision,3,query,109,4.796338642,-7.170348657,True,
same_law,precision,3,query,110,7.833345149,-0.971708691,True,
same_law,precision,3,query,111,4.013372927,6.162535321,True,
same_law,precision,3,query,112,-5.718252878,-5.250325713,True,
same_law,precision,3,query,113,-0.9892949414,7.341941208,True,
same_law,precision,3,query,114,-0.9990430272,7.113358133,True,
same_law,precision,3,query,115,5.852262167,4.873879633,True,
same_law,precision,3,query,116,8.356066289,0.3397559254,True,
same_law,precision,3,query,117,7.682015236,4.264065204,True,
same_law,precision,3,query,118,6.544756627,-5.746342211,True,
same_law,precision,3,query,119,-0.01402973013,6.550136178,True,
same_law,precision,3,query,120,-0.4601938127,-7.256802737,True,
same_law,precision,3,query,121,-5.739332622,-5.575799879,True,
same_law,precision,3,query,122,-0.2907166806,-6.845430253,True,
same_law,precision,3,query,123,-5.678326817,-7.857269922,False,
same_law,precision,3,query,124,4.964781699,3.688057642,True,
same_law,precision,3,query,125,4.748561585,-0.5301153498,True,
same_law,precision,3,query,126,9.33355985,0.04711990613,True,
same_law,precision,3,query,127,4.484308542,-6.597554118,True,
same_law,precision,3,query,128,6.78746748,5.814480873,True,
same_law,precision,3,query,129,5.704853491,-5.710316038,True,
same_law,precision,3,query,130,-7.961599738,0.8054056469,True,
same_law,precision,3,query,131,0.5525672974,8.2157047,True,
same_law,precision,3,query,132,-6.699722607,6.167963014,True,
same_law,precision,3,query,133,-8.684247078,1.093845676,True,
same_law,precision,3,query,134,-1.271050822,-8.137620976,True,
same_law,precision,3,query,135,5.649495963,-6.9814998,True,
same_law,precision,3,query,136,7.378825893,7.117261017,True,
same_law,precision,3,query,137,5.193270488,-4.885133084,True,
same_law,precision,3,query,138,6.035530319,3.043294786,False,
same_law,precision,3,query,139,5.907252266,5.59551017,True,
same_law,precision,3,query,140,0.08321735347,-9.07687492,True,
same_law,precision,3,query,141,-8.269347046,-0.1782587634,True,
same_law,precision,3,query,142,-4.468760032,5.99128131,True,
same_law,precision,3,query,143,-8.00555503,1.528969998,True,
same_law,precision,3,query,144,-6.212102179,5.267423945,True,
same_law,precision,3,query,145,-1.816755011,9.569105846,False,
same_law,precision,3,query,146,-4.692521881,-4.740006205,True,
same_law,precision,3,query,147,0.6688984464,8.110148588,True,
same_law,precision,3,query,148,0.2154889392,7.74799341,True,
same_law,precision,3,query,149,-0.2036004257,8.054303612,True,
same_law,precision,3,query,150,7.168683761,6.212542151,True,
same_law,precision,3,query,151,5.598394124,-6.2362463,True,
same_law,precision,3,query,152,-6.291852737,7.259559261,True,
same_law,precision,3,query,153,-5.150166945,5.724404808,True,
same_law,precision,3,query,154,-6.003036092,-6.765907661,True,
same_law,precision,3,query,155,5.589992692,-4.783196215,True,
same_law,precision,3,query,156,7.607462753,-0.227242583,True,
same_law,precision,3,query,157,-0.2210343514,-7.890405632,True,
same_law,precision,3,query,158,-1.593010879,7.764601648,True,
same_law,precision,3,query,159,-6.511249768,6.541439282,True,
same_law,precision,3,query,160,-6.427452926,-5.079807502,True,
same_law,precision,3,query,161,-4.132416797,5.343257988,True,
same_law,precision,3,query,162,5.055277997,5.848286509,True,
same_law,precision,3,query,163,5.654825222,-6.650470597,True,
same_law,precision,3,query,164,6.117773665,-3.641338196,True,
same_law,precision,3,query,165,-0.2581119953,-8.202876196,True,
same_law,precision,3,query,166,6.955067976,0.3190884517,True,
same_law,precision,3,query,167,4.409878025,4.549923225,True,
same_law,precision,3,query,168,6.936521521,-6.562307309,False,
same_law,precision,3,query,169,1.081357569,-6.475641996,True,
same_law,precision,3,query,170,0.2593264575,8.553391403,True,
same_law,precision,3,query,171,9.952250944,-0.1967284021,True,
same_law,precision,3,query,172,-8.593005797,-1.353231065,True,
same_law,precision,3,query,173,-5.615147169,-4.177710039,True,
same_law,precision,3,query,174,0.9595953814,7.057908759,True,
same_law,precision,3,query,175,4.801478866,5.15268302,True,
same_law,precision,3,query,176,-5.364586167,-5.862165677,True,
same_law,precision,3,query,177,-5.442400304,-5.360114871,True,
same_law,precision,3,query,178,-8.298773587,-0.0401739416,True,
same_law,precision,3,query,179,8.206592377,-0.08396970353,True,
same_law,precision,3,query,180,-7.496479135,1.870875773,True,
same_law,precision,3,query,181,0.5919722848,-7.944189454,True,
same_law,precision,3,query,182,6.313881377,0.387957086,True,
same_law,precision,3,query,183,-7.603532661,4.247820163,True,
same_law,precision,3,query,184,8.854639252,0.7062350601,True,
same_law,precision,3,query,185,-0.1499389983,6.289988894,True,
same_law,precision,3,query,186,5.285505733,4.978115931,True,
same_law,precision,3,query,187,-5.020013503,-3.399123717,False,
same_law,precision,3,query,188,8.216930488,-0.779311128,True,
same_law,precision,3,query,189,4.486302719,5.600759969,True,
same_law,precision,3,query,190,5.480061056,-6.808373409,True,
same_law,precision,3,query,191,5.773209485,4.505940728,True,
same_law,precision,3,query,192,6.768961521,6.719504855,True,
same_law,precision,3,query,193,6.741605515,-6.13090472,True,
same_law,precision,3,query,194,0.5145205633,-8.132069505,True,
same_law,precision,3,query,195,-6.045666311,-5.995999907,True,
same_law,precision,3,query,196,4.357138976,4.212990554,True,
same_law,precision,3,query,197,6.45116904,5.465618846,True,
same_law,precision,3,query,198,0.2164248511,-6.998289612,True,
same_law,precision,3,query,199,-7.389986745,4.872724176,True,
same_law,precision,3,query,200,-7.824665157,0.3920947867,True,
same_law,precision,3,query,201,7.62292555,1.029179233,True,
same_law,precision,3,query,202,-5.446459311,4.443472111,True,
same_law,precision,3,query,203,-8.930763776,0.8054710605,True,
same_law,precision,3,query,204,0.4638314565,-9.899061239,True,
same_law,precision,3,query,205,1.347712304,8.598027031,True,
same_law,precision,3,query,206,1.343342988,7.616299119,True,
same_law,precision,3,query,207,5.361148028,4.530397165,True,
same_law,precision,3,query,208,8.19378382,5.481400024,True,
same_law,precision,3,query,209,7.244387442,-6.304146701,True,
same_law,precision,3,query,210,-7.836158808,-1.671352487,True,
same_law,precision,3,query,211,-0.3828671488,-7.016245092,True,
same_law,precision,3,query,212,6.748256184,1.072227545,True,
same_law,precision,3,query,213,5.994092065,-6.700805174,True,
same_law,precision,3,query,214,-6.158451521,5.197788573,True,
same_law,precision,3,query,215,5.607334912,5.120710284,True,
same_law,precision,3,query,216,7.172712099,-0.3045877025,True,
same_law,precision,3,query,217,4.629964511,4.367327677,True,
same_law,precision,3,query,218,-5.705030732,6.539728475,True,
same_law,precision,3,query,219,6.470628295,0.003508151464,True,
same_law,precision,3,query,220,7.350043805,-0.9771454371,True,
same_law,precision,3,query,221,-4.803416597,-6.175023939,True,
same_law,precision,3,query,222,7.155155933,-6.436693614,True,
same_law,precision,3,query,223,-7.613498006,-0.2272830066,True,
same_law,precision,3,query,224,7.245978191,0.5876750426,False,
same_law,precision,3,query,225,7.845017427,0.6032105807,True,
same_law,precision,3,query,226,-5.704145757,4.571037994,True,
same_law,precision,3,query,227,5.554785006,-5.60489908,True,
same_law,precision,3,query,228,8.958462954,-0.9062690073,True,
same_law,precision,3,query,229,-5.696184103,-7.37873298,True,
same_law,precision,3,query,230,0.6514930603,6.918517025,True,
same_law,precision,3,query,231,-7.463213771,5.597637415,True,
same_law,precision,3,query,232,6.762539208,-7.181301198,True,
same_law,precision,3,query,233,4.568818664,-6.400129141,True,
same_law,precision,3,query,234,6.870503354,0.3794278883,True,
same_law,precision,3,query,235,-8.807367445,-0.7215147365,True,
same_law,precision,3,query,236,8.583305399,-0.755514631,True,
same_law,precision,3,query,237,6.089634347,4.685469078,True,
same_law,precision,3,query,238,-9.212138514,-1.835449289,True,
same_law,precision,3,query,239,1.861202787,-8.320259032,True,
same_law,precision,3,query,240,5.900787617,5.625804741,True,
same_law,precision,3,query,241,5.816816006,5.706540729,True,
same_law,precision,3,query,242,-3.74863721,-6.69578084,True,
same_law,precision,3,query,243,4.099392143,-6.668813918,True,
same_law,precision,3,query,244,-1.33470901,8.746962052,False,
same_law,precision,3,query,245,6.477232459,-6.618169795,True,
same_law,precision,3,query,246,-1.390435776,7.645203347,True,
same_law,precision,3,query,247,1.391123878,-10.81956942,True,
same_law,precision,3,query,248,-7.473373231,-1.075755227,True,
same_law,precision,3,query,249,-4.616487103,-6.73477819,True,
same_law,precision,3,query,250,-5.942270077,4.150575149,True,
same_law,precision,3,query,251,-0.9772578505,9.385839163,True,
same_law,precision,3,query,252,6.477432935,-6.058522402,True,
same_law,precision,3,query,253,-8.87017237,-1.893807137,True,
same_law,precision,3,query,254,5.263197538,5.625950997,True,
same_law,precision,3,query,255,5.572799892,5.563062322,True,
same_law,precision,3,query,256,4.535044622,-5.723128135,True,
same_law,precision,3,query,257,-8.03867338,1.290562038,True,
same_law,precision,3,query,258,9.866733454,-0.1369890269,True,
same_law,precision,3,query,259,-8.766305951,-0.06498212976,True,
same_law,precision,3,query,260,-0.6076212753,7.257566184,True,
same_law,precision,3,query,261,-0.05865015192,6.956695569,True,
same_law,precision,3,query,262,0.6061067512,7.896084451,True,
same_law,precision,3,query,263,-7.749991693,-0.182940036,True,
same_law,precision,3,query,264,-6.384108697,4.70889469,True,
same_law,precision,3,query,265,-0.2372760043,7.451239663,True,
same_law,precision,3,query,266,5.890755583,5.652422546,True,
same_law,precision,3,query,267,6.637693252,0.06712129943,True,
same_law,precision,3,query,268,-9.342860417,-0.6164776255,True,
same_law,precision,3,query,269,5.36250064,3.581580972,False,
same_law,precision,3,query,270,-5.565346802,-5.5058709,True,
same_law,precision,3,query,271,5.498830056,-6.081171522,True,
same_law,precision,3,query,272,5.283250589,4.680314781,True,
same_law,precision,3,query,273,-0.2697003697,-8.552611804,True,
same_law,precision,3,query,274,8.091685393,-1.20413609,True,
same_law,precision,3,query,275,-5.42126434,5.800073143,True,
same_law,precision,3,query,276,-5.798417082,5.217649426,True,
same_law,precision,3,query,277,-7.447660108,-1.664601707,True,
same_law,precision,3,query,278,8.460453338,0.2430374662,True,
same_law,precision,3,query,279,-5.373477957,-5.273541657,True,
same_law,precision,3,query,280,-0.6536444066,-8.259460058,True,
same_law,precision,3,query,281,0.6370583312,-7.569360756,True,
same_law,precision,3,query,282,0.2067127654,-9.514320245,True,
same_law,precision,3,query,283,0.5378871149,-6.830529008,True,
same_law,precision,3,query,284,-4.647182756,-5.422976201,True,
same_law,precision,3,query,285,-1.557678604,-7.057455186,True,
same_law,precision,3,query,286,5.509599613,-8.189373898,True,
same_law,precision,3,query,287,-5.279646846,4.164682466,True,
same_law,precision,3,query,288,-6.95329483,5.021895357,True,
same_law,precision,3,query,289,-4.384263072,-6.027699604,True,
same_law,precision,3,query,290,-7.729008412,1.747967964,True,
same_law,precision,3,query,291,7.250884012,-5.760207665,True,
same_law,precision,3,query,292,5.415333227,4.395983615,True,
same_law,precision,3,query,293,-8.694458074,0.4253583476,True,
same_law,precision,3,query,294,-7.604269238,0.1102382312,True,
same_law,precision,3,query,295,8.994801658,-0.772368013,True,
same_law,precision,3,query,296,-0.05607652018,-7.268757012,True,
same_law,precision,3,query,297,6.241000156,-4.585908474,True,
same_law,precision,3,query,298,-5.259833843,5.347451694,True,
same_law,precision,3,query,299,6.01904651,4.654259053,True,
same_law,precision,3,query,300,-9.639459332,0.5806717809,True,
same_law,precision,3,query,301,-5.711994582,5.965263876,True,
same_law,precision,3,query,302,-1.697684364,-8.365114025,True,
same_law,precision,3,query,303,-8.599857114,-0.8642121147,True,
same_law,precision,3,query,304,5.744984994,-0.3348734821,True,
same_law,precision,3,query,305,-7.102695712,0.3809977219,True,
same_law,precision,3,query,306,7.39905339,-0.01487597165,True,
same_law,precision,3,query,307,-7.24319992,-2.760417863,True,
same_law,precision,3,query,308,7.875463453,0.5432001472,True,
same_law,precision,3,query,309,-4.974725624,-3.956124042,False,
same_law,precision,3,query,310,1.135045679,8.312562835,True,
same_law,precision,3,query,311,5.958830256,-4.869908901,True,
same_law,precision,3,query,312,-6.196181244,5.616666195,True,
same_law,precision,3,query,313,-4.750615246,7.614299464,True,
same_law,precision,3,query,314,-8.159267306,-0.04840068933,True,
same_law,precision,3,query,315,0.1984801938,-6.656796306,True,
same_law,precision,3,query,316,-0.03031330359,-6.530640964,True,
same_law,precision,3,query,317,7.033342783,-0.1860362957,True,
same_law,precision,3,query,318,-0.1981651567,-7.213494276,True,
same_law,precision,3,query,319,-4.611593873,4.147409891,False,
same_law,precision,3,query,320,-6.571971875,5.993706728,True,
same_law,precision,3,query,321,4.998160604,-7.179282025,True,
same_law,precision,3,query,322,-4.618374277,-5.162884165,True,
same_law,precision,3,query,323,8.493177497,-0.4754457164,True,
same_law,precision,3,query,324,6.685792702,5.416894253,True,
same_law,precision,3,query,325,1.096435278,7.088334849,True,
same_law,precision,3,query,326,-6.510989697,-5.452191039,True,
same_law,precision,3,query,327,-0.7023321458,-7.324548935,True,
same_law,precision,3,query,328,-5.396766505,4.733883032,True,
same_law,precision,3,query,329,5.72971985,-6.008131938,True,
same_law,precision,3,query,330,-4.74102142,5.024301266,True,
same_law,precision,3,query,331,7.560826905,1.211236905,True,
same_law,precision,3,query,332,-3.41826086,7.655862914,True,
same_law,precision,3,query,333,0.06322301166,8.218854707,True,
same_law,precision,3,query,334,7.190312912,-5.781289056,True,
same_law,precision,3,query,335,-6.633203387,-5.539978652,True,
same_law,precision,3,query,336,0.4515167805,7.170850382,True,
same_law,precision,3,query,337,-9.646231141,-1.436729515,False,
same_law,precision,3,query,338,8.665429284,-0.7583765163,True,
same_law,precision,3,query,339,5.515507157,-5.444295565,True,
same_law,precision,3,query,340,-7.380859121,-0.3349027987,True,
same_law,precision,3,query,341,6.15556995,4.766793957,True,
same_law,precision,3,query,342,-0.3617140257,6.975584412,True,
same_law,precision,3,query,343,6.788621466,-5.683937478,True,
same_law,precision,3,query,344,4.917546762,5.304482451,True,
same_law,precision,3,query,345,-8.221728481,0.7005197913,True,
same_law,precision,3,query,346,-1.595636178,-9.037205842,True,
same_law,precision,3,query,347,-8.378107252,2.532305833,True,
same_law,precision,3,query,348,-7.044321107,-0.1114516791,True,
same_law,precision,3,query,349,-7.288000418,2.05743617,True,
same_law,precision,3,query,350,7.766256073,-0.3664133441,True,
same_law,precision,3,query,351,1.211943543,-7.505824502,True,
same_law,precision,3,query,352,6.328187405,5.14863185,True,
same_law,precision,3,query,353,7.581057382,7.366445051,True,
same_law,precision,3,query,354,0.5659477889,8.684289838,True,
same_law,precision,3,query,355,-2.027260872,-7.362290207,False,
same_law,precision,3,query,356,-5.850962837,-5.222948544,True,
same_law,precision,3,query,357,0.6824594118,-8.341291768,True,
same_law,precision,3,query,358,-9.6904818,0.3678745651,True,
same_law,precision,3,query,359,7.258616348,-0.3301940927,True,
same_law,precision,3,query,360,-0.6045098441,-8.341574255,True,
same_law,precision,3,query,361,5.690479043,1.216947127,True,
same_law,precision,3,query,362,-5.403508147,-4.545454987,True,
same_law,precision,3,query,363,1.97984183,-7.977406877,True,
same_law,precision,3,query,364,-7.459290505,-6.5507411,True,
same_law,precision,3,query,365,-1.206904481,7.498125357,True,
same_law,precision,3,query,366,-5.577206271,3.654666982,True,
same_law,precision,3,query,367,0.3424754933,-9.510356653,True,
same_law,precision,3,query,368,-5.359488987,5.547363104,True,
same_law,precision,3,query,369,-5.970485489,5.583811194,True,
same_law,precision,3,query,370,-8.539778016,-0.6124714434,True,
same_law,precision,3,query,371,-1.682756391,-8.029627315,True,
same_law,precision,3,query,372,-3.811320539,-3.676359187,False,
same_law,precision,3,query,373,1.321817597,8.705801601,True,
same_law,precision,3,query,374,4.980374125,-4.214103461,True,
same_law,precision,3,query,375,5.600726695,-5.725729759,True,
same_law,precision,3,query,376,5.365627118,-5.56489235,True,
same_law,precision,3,query,377,5.221639348,5.57307208,True,
same_law,precision,3,query,378,-1.084599109,-8.373663705,True,
same_law,precision,3,query,379,-3.37629778,-5.726448277,True,
same_law,precision,3,query,380,-5.895514814,-5.12447997,True,
same_law,precision,3,query,381,6.364976071,-6.770623109,True,
same_law,precision,3,query,382,7.792841217,0.9182758409,True,
same_law,precision,3,query,383,0.2698376291,-7.878045956,True,
same_law,precision,3,query,384,9.554017669,-0.6777727596,True,
same_law,precision,3,query,385,0.08274589511,7.479941335,True,
same_law,precision,3,query,386,-4.16654602,-7.608714649,True,
same_law,precision,3,query,387,4.986712554,-6.186011216,True,
same_law,precision,3,query,388,6.320393873,6.263129726,True,
same_law,precision,3,query,389,1.39519426,6.425967158,True,
same_law,precision,3,query,390,-7.249524991,-0.2932798643,True,
same_law,precision,3,query,391,-0.6656252373,8.539568533,True,
same_law,precision,3,query,392,-0.9201395827,5.923086705,True,
same_law,precision,3,query,393,-6.027072738,4.159083398,True,
same_law,precision,3,query,394,5.007938428,-5.285299486,True,
same_law,precision,3,query,395,-7.688000254,1.586899449,True,
same_law,precision,3,query,396,5.457199503,4.123522659,True,
same_law,precision,3,query,397,-6.412951106,4.737470025,True,
same_law,precision,3,query,398,4.439029091,-5.221487054,True,
same_law,precision,3,query,399,-8.645232338,-1.977372817,True,
same_law,precision,3,query,400,6.353777053,-5.768280818,True,
same_law,precision,3,query,401,-5.300016971,-5.551132705,True,
same_law,precision,3,query,402,0.6316547341,-7.961981253,True,
same_law,precision,3,query,403,1.236202483,-7.57501721,True,
same_law,precision,3,query,404,0.3920676234,8.409866918,True,
same_law,precision,3,query,405,-1.456637743,-8.164635752,True,
same_law,precision,3,query,406,-0.2593164895,-7.792453279,True,
same_law,precision,3,query,407,6.641305836,1.634114777,True,
same_law,precision,3,query,408,5.761242914,4.445536709,True,
same_law,precision,3,query,409,-9.708886964,-0.2812872937,True,
same_law,precision,3,query,410,-5.746529662,-6.375146335,True,
same_law,precision,3,query,411,8.092113828,-0.6411757672,True,
same_law,precision,3,query,412,-5.105195998,-6.381396068,True,
same_law,precision,3,query,413,-0.0385002251,-7.021160827,True,
same_law,precision,3,query,414,2.571668883,6.992356807,False,
same_law,precision,3,query,415,7.53549223,-0.8398356978,True,
same_law,precision,3,query,416,-4.872525928,4.508754944,True,
same_law,precision,3,query,417,-0.4843570456,-8.029601283,True,
same_law,precision,3,query,418,4.67817571,4.699529207,True,
same_law,precision,3,query,419,-6.132477138,-7.75729449,True,
same_law,precision,3,query,420,4.211376032,5.243820162,True,
same_law,precision,3,query,421,8.148230636,-0.185759986,True,
same_law,precision,3,query,422,3.882885555,-6.120640541,True,
same_law,precision,3,query,423,0.7984376405,8.555865512,True,
same_law,precision,3,query,424,-0.07874786153,-8.887369875,True,
same_law,precision,3,query,425,0.631216371,-8.578928981,True,
same_law,precision,3,query,426,-9.169248402,-0.8021862352,True,
same_law,precision,3,query,427,-4.208508958,5.877034288,True,
same_law,precision,3,query,428,9.159247053,-0.4793363133,True,
same_law,precision,3,query,429,0.9381493392,-8.601504044,True,
same_law,precision,3,query,430,7.842572631,2.48635026,True,
same_law,precision,3,query,431,-7.232851368,-0.5011703753,True,
same_law,precision,3,query,432,-5.741673289,-5.330630829,True,
same_law,precision,3,query,433,9.21045759,-0.4891330917,True,
same_law,precision,3,query,434,3.915535165,5.377212436,True,
same_law,precision,3,query,435,-5.641468792,-5.547316281,True,
same_law,precision,3,query,436,1.316690136,8.316687078,True,
same_law,precision,3,query,437,6.469771221,-6.757967943,True,
same_law,precision,3,query,438,0.8679014884,10.09621983,True,
same_law,precision,3,query,439,-4.883944959,-5.40329853,True,
same_law,precision,3,query,440,-7.846011812,1.787142239,True,
same_law,precision,3,query,441,4.729672766,-5.767956607,True,
same_law,precision,3,query,442,6.117061842,6.400855357,True,
same_law,precision,3,query,443,-8.437327906,0.3073213947,True,
same_law,precision,3,query,444,-0.2779214814,-7.879528867,True,
same_law,precision,3,query,445,-5.78894579,-6.798447927,True,
same_law,precision,3,query,446,5.635740664,-4.779702727,True,
same_law,precision,3,query,447,4.689835958,5.415762501,True,
same_law,precision,3,query,448,6.321634314,-6.726719356,True,
same_law,precision,3,query,449,8.182638338,-1.060129819,True,
same_law,precision,3,query,450,-6.865369499,2.312821382,True,
same_law,precision,3,query,451,-3.634598965,-5.876034927,True,
same_law,precision,3,query,452,0.7401991287,-7.879002271,True,
same_law,precision,3,query,453,0.1021058961,-6.452242939,True,
same_law,precision,3,query,454,-6.976033826,6.712148847,True,
same_law,precision,3,query,455,-5.705830245,-4.248313629,True,
same_law,precision,3,query,456,-5.469620881,-6.329526244,True,
same_law,precision,3,query,457,-5.379713873,-4.920887154,True,
same_law,precision,3,query,458,-5.621090575,6.144892526,True,
same_law,precision,3,query,459,5.135179074,3.522970349,True,
same_law,precision,3,query,460,0.9000235838,8.699159736,True,
same_law,precision,3,query,461,5.805032634,-5.588443687,True,
same_law,precision,3,query,462,1.036295769,-8.457106725,True,
same_law,precision,3,query,463,4.950320184,-5.845404119,True,
same_law,precision,3,query,464,-4.467757061,4.269741345,True,
same_law,precision,3,query,465,1.191829993,-8.639252854,True,
same_law,precision,3,query,466,6.8992565,1.260061836,True,
same_law,precision,3,query,467,7.903109905,-1.300234364,True,
same_law,precision,3,query,468,5.29812119,-4.725801819,True,
same_law,precision,3,query,469,-4.464780057,-6.083952931,True,
same_law,precision,3,query,470,0.4063207591,-7.285915368,True,
same_law,precision,3,query,471,5.012227756,6.011890325,True,
same_law,precision,3,query,472,-0.03187791476,-8.53602441,True,
same_law,precision,3,query,473,-6.149002185,-5.589819768,True,
same_law,precision,3,query,474,-5.627000763,-6.222344203,True,
same_law,precision,3,query,475,7.574054892,1.113337238,True,
same_law,precision,3,query,476,-5.443027114,6.541948616,True,
same_law,precision,3,query,477,-4.455032018,6.245696509,True,
same_law,precision,3,query,478,2.270886313,7.174695968,True,
same_law,precision,3,query,479,6.465263843,5.338710276,True,
same_law,recall,3,center,0,-5.655624096,-5.358108712,,0.1731578876
same_law,recall,3,center,1,-8.274137855,-0.8905918388,,0.3845980358
same_law,recall,3,center,2,-0.4546707852,7.008353445,,0.2924052698
same_law,recall,3,center,3,-5.596710647,6.997069495,,0.6370905687
same_law,recall,3,center,4,-0.4922065186,7.3795251,,0.3232306254
same_law,recall,3,center,5,-5.167012199,-5.299967241,,0.2842083028
same_law,recall,3,center,6,-7.894585751,-0.9304680447,,0.500732203
same_law,recall,3,center,7,-5.686106072,6.352157444,,0.1885232995
same_law,recall,3,center,8,4.312639702,5.199238488,,0.4351628887
same_law,recall,3,center,9,3.75563151,-6.946391989,,0.8354992794
same_law,recall,3,center,10,-7.498589287,5.421763118,,0.6761954392
same_law,recall,3,center,11,-6.924300731,-5.385589891,,0.4186427159
same_law,recall,3,center,12,5.813605336,-5.843785194,,0.24342227
same_law,recall,3,center,13,-10.51675971,-0.5386928958,,1.226621273
same_law,recall,3,center,14,-0.0485009454,-7.886691014,,0.2295323042
same_law,recall,3,center,15,-7.186990015,-6.134607526,,0.8125657678
same_law,recall,3,center,16,-6.635373328,4.84801701,,0.2872088695
same_law,recall,3,center,17,-4.595955626,4.849319574,,0.5935872266
same_law,recall,3,center,18,5.624332545,6.541244117,,0.7495658658
same_law,recall,3,center,19,-8.583600433,-0.1117019496,,0.2936708841
same_law,recall,3,center,20,8.110464143,0.06378177426,,0.3694349009
same_law,recall,3,center,21,4.431798423,5.73299448,,0.4089248073
same_law,recall,3,center,22,1.358823422,6.452855322,,0.7248949506
same_law,recall,3,center,23,8.859382688,0.1193540257,,0.4796475259
same_law,recall,3,center,24,-6.298324644,-3.656437703,,0.8593348063
same_law,recall,3,center,25,8.762259712,-1.199288902,,0.4784979101
same_law,recall,3,center,26,5.731370478,6.233543833,,0.5338850159
same_law,recall,3,center,27,-5.845636375,6.339764517,,0.2444494456
same_law,recall,3,center,28,-5.72337157,-4.989606689,,0.2659472743
same_law,recall,3,center,29,-6.561477408,-0.675662251,,0.7426113433
same_law,recall,3,center,30,5.85999286,-6.120161826,,0.2861983645
same_law,recall,3,center,31,-5.529585838,4.469659722,,0.2957278018
same_law,recall,3,center,32,-8.579301597,-0.1961959728,,0.3104731337
same_law,recall,3,center,33,-7.101236128,1.145222007,,0.7344188876
same_law,recall,3,center,34,-1.323527792,-8.794642366,,0.56963825
same_law,recall,3,center,35,0.6469034226,6.007580216,,0.8551021018
same_law,recall,3,center,36,-6.120024114,-5.754141175,,0.2530310829
same_law,recall,3,center,37,-4.399839272,6.34625815,,0.5067329891
same_law,recall,3,center,38,5.329640829,-6.025430144,,0.341572518
same_law,recall,3,center,39,5.406658849,-4.133324849,,0.6752363218
same_law,recall,3,center,40,-0.4280249426,7.696319612,,0.3232306254
same_law,recall,3,center,41,-5.304265182,-5.777624695,,0.3768471003
same_law,recall,3,center,42,-0.197284228,6.885932857,,0.2850169122
same_law,recall,3,center,43,-8.011521468,-0.443581223,,0.4218962985
same_law,recall,3,center,44,1.166127776,-7.346911497,,0.4291494159
same_law,recall,3,center,45,-5.680997863,6.325235273,,0.1900326007
same_law,recall,3,center,46,7.660130448,1.052126358,,0.1875562848
same_law,recall,3,center,47,-0.005399560672,8.583382354,,0.4336908681
same_law,recall,3,center,48,-6.947747495,-5.310174201,,0.459266977
same_law,recall,3,center,49,-7.345058367,-7.692183194,,1.565575794
same_law,recall,3,center,50,7.695523122,-0.8999276076,,0.3540036041
same_law,recall,3,center,51,-5.492801454,-3.412097623,,0.7753262829
same_law,recall,3,center,52,-6.488577431,5.032910663,,0.3404409896
same_law,recall,3,center,53,-5.451450303,6.149867541,,0.3098137095
same_law,recall,3,center,54,7.823593934,-0.2059303303,,0.3252627111
same_law,recall,3,center,55,-7.297537045,0.519907637,,0.5117750097
same_law,recall,3,center,56,-1.033675832,7.920818681,,0.4568126655
same_law,recall,3,center,57,5.692141098,-6.711338872,,0.2332244536
same_law,recall,3,center,58,5.91669335,4.798897772,,0.2068203502
same_law,recall,3,center,59,0.9720667079,8.192745913,,0.314218575
same_law,recall,3,center,60,0.08930648577,-8.591028353,,0.361056441
same_law,recall,3,center,61,-5.775464073,3.659107957,,0.559716323
same_law,recall,3,center,62,-1.131407471,8.362839799,,0.4526965228
same_law,recall,3,center,63,-10.12856704,0.8466085215,,1.198509472
same_law,recall,3,center,64,-1.746096475,-7.243261497,,0.7889126474
same_law,recall,3,center,65,-6.502351282,6.435845334,,0.4095395026
same_law,recall,3,center,66,8.130951208,-1.53683494,,0.4794990429
same_law,recall,3,center,67,1.24914875,9.441707156,,0.8205273008
same_law,recall,3,center,68,-5.722659155,5.382937977,,0.3855252546
same_law,recall,3,center,69,5.496987284,-6.632006572,,0.2106623485
same_law,recall,3,center,70,1.09858676,7.457108068,,0.4227040242
same_law,recall,3,center,71,-5.708044662,-6.450150653,,0.2672005756
same_law,recall,3,center,72,7.3739269,-1.277725152,,0.4961402164
same_law,recall,3,center,73,-6.742930686,-0.1540875732,,0.5522367577
same_law,recall,3,center,74,0.9659216187,8.013324597,,0.3437244111
same_law,recall,3,center,75,4.962450722,-5.983539509,,0.3172720667
same_law,recall,3,center,76,-6.2170853,-5.64889515,,0.3536556265
same_law,recall,3,center,77,5.28158741,-5.956775965,,0.3202569483
same_law,recall,3,center,78,-7.035428934,4.850008322,,0.400060562
same_law,recall,3,center,79,1.654057549,7.328766784,,0.6072479825
same_law,recall,3,center,80,4.602760462,5.994180582,,0.4102952411
same_law,recall,3,center,81,-4.24958205,-7.110878552,,0.6505780833
same_law,recall,3,center,82,-5.865376098,5.024801696,,0.3855252546
same_law,recall,3,center,83,-1.761019474,8.734926709,,0.8360390438
same_law,recall,3,center,84,-0.02344391855,-7.928558156,,0.2591576761
same_law,recall,3,center,85,-0.7523114724,8.454784163,,0.6035603022
same_law,recall,3,center,86,-0.5392973495,7.857096792,,0.4798877647
same_law,recall,3,center,87,-9.108260792,-1.21610276,,0.5331902869
same_law,recall,3,center,88,9.335531855,-0.5071047045,,0.2772429181
same_law,recall,3,center,89,-5.365173893,5.623063815,,0.2376930468
same_law,recall,3,center,90,-0.4411452028,-8.50796097,,0.3269688287
same_law,recall,3,center,91,6.286936841,5.354986645,,0.2104374262
same_law,recall,3,center,92,-5.808297898,-5.634632692,,0.2749633326
same_law,recall,3,center,93,-6.82349168,0.6805109746,,0.5413855581
same_law,recall,3,center,94,6.039454517,5.093282856,,0.3189559244
same_law,recall,3,center,95,4.274885529,6.606384181,,0.8873732172
same_law,recall,3,center,96,8.966447134,-0.1407083991,,0.4123726693
same_law,recall,3,center,97,8.541883842,0.7814430539,,0.5445286987
same_law,recall,3,center,98,0.8311844527,-7.078616527,,0.4727387942
same_law,recall,3,center,99,-0.4556176507,9.514972983,,1.034677451
same_law,recall,3,center,100,-6.903447308,6.518577326,,0.4055048082
same_law,recall,3,center,101,-5.16292217,6.530473363,,0.5421875594
same_law,recall,3,center,102,7.535862557,-4.172408776,,1.613170197
same_law,recall,3,center,103,-9.145176907,-1.68867158,,0.4740085329
same_law,recall,3,center,104,0.8168890591,6.984987584,,0.2980381613
same_law,recall,3,center,105,-8.012405389,0.839727477,,0.451599168
same_law,recall,3,center,106,4.013056898,3.546873795,,1.026508439
same_law,recall,3,center,107,5.91615327,5.701240139,,0.0994785813
same_law,recall,3,center,108,5.411051178,-5.618319486,,0.2029664418
same_law,recall,3,center,109,4.796338642,-7.170348657,,0.773629381
same_law,recall,3,center,110,7.833345149,-0.971708691,,0.3358515137
same_law,recall,3,center,111,4.013372927,6.162535321,,0.6129608342
same_law,recall,3,center,112,-5.718252878,-5.250325713,,0.1355044005
same_law,recall,3,center,113,-0.9892949414,7.341941208,,0.3908886441
same_law,recall,3,center,114,-0.9990430272,7.113358133,,0.437323908
same_law,recall,3,center,115,5.852262167,4.873879633,,0.2884072644
same_law,recall,3,center,116,8.356066289,0.3397559254,,0.4493171028
same_law,recall,3,center,117,7.682015236,4.264065204,,1.607100312
same_law,recall,3,center,118,6.544756627,-5.746342211,,0.3193570896
same_law,recall,3,center,119,-0.01402973013,6.550136178,,0.409000636
same_law,recall,3,center,120,-0.4601938127,-7.256802737,,0.2655835826
same_law,recall,3,center,121,-5.739332622,-5.575799879,,0.1875130067
same_law,recall,3,center,122,-0.2907166806,-6.845430253,,0.3795219487
same_law,recall,3,center,123,-5.678326817,-7.857269922,,1.064584695
same_law,recall,3,center,124,4.964781699,3.688057642,,0.6573469965
same_law,recall,3,center,125,4.748561585,-0.5301153498,,1.814685386
same_law,recall,3,center,126,9.33355985,0.04711990613,,0.5502012761
same_law,recall,3,center,127,4.484308542,-6.597554118,,0.6494438787
same_law,recall,3,center,128,6.78746748,5.814480873,,0.5511611693
same_law,recall,3,center,129,5.704853491,-5.710316038,,0.172165558
same_law,recall,3,center,130,-7.961599738,0.8054056469,,0.4354043488
same_law,recall,3,center,131,0.5525672974,8.2157047,,0.3240734127
same_law,recall,3,center,132,-6.699722607,6.167963014,,0.4055048082
same_law,recall,3,center,133,-8.684247078,1.093845676,,0.6685653091
same_law,recall,3,center,134,-1.271050822,-8.137620976,,0.4256337705
same_law,recall,3,center,135,5.649495963,-6.9814998,,0.3310720986
same_law,recall,3,center,136,7.378825893,7.117261017,,0.9288034998
same_law,recall,3,center,137,5.193270488,-4.885133084,,0.4410001376
same_law,recall,3,center,138,6.035530319,3.043294786,,1.22529947
same_law,recall,3,center,139,5.907252266,5.59551017,,0.1061039788
same_law,recall,3,center,140,0.08321735347,-9.07687492,,0.4858847231
same_law,recall,3,center,141,-8.269347046,-0.1782587634,,0.3104731337
same_law,recall,3,center,142,-4.468760032,5.99128131,,0.3616056253
same_law,recall,3,center,143,-8.00555503,1.528969998,,0.3227953794
same_law,recall,3,center,144,-6.212102179,5.267423945,,0.3625397137
same_law,recall,3,center,145,-1.816755011,9.569105846,,0.9530418487
same_law,recall,3,center,146,-4.692521881,-4.740006205,,0.6903618635
same_law,recall,3,center,147,0.6688984464,8.110148588,,0.312406226
same_law,recall,3,center,148,0.2154889392,7.74799341,,0.4948689463
same_law,recall,3,center,149,-0.2036004257,8.054303612,,0.4225149797
same_law,recall,3,center,150,7.168683761,6.212542151,,0.8497969389
same_law,recall,3,center,151,5.598394124,-6.2362463,,0.2861983645
same_law,recall,3,center,152,-6.291852737,7.259559261,,0.8501848451
same_law,recall,3,center,153,-5.150166945,5.724404808,,0.2814595791
same_law,recall,3,center,154,-6.003036092,-6.765907661,,0.4674290983
same_law,recall,3,center,155,5.589992692,-4.783196215,,0.3788934393
same_law,recall,3,center,156,7.607462753,-0.227242583,,0.2975467024
same_law,recall,3,center,157,-0.2210343514,-7.890405632,,0.172573389
same_law,recall,3,center,158,-1.593010879,7.764601648,,0.5807404377
same_law,recall,3,center,159,-6.511249768,6.541439282,,0.4183378225
same_law,recall,3,center,160,-6.427452926,-5.079807502,,0.5338106258
same_law,recall,3,center,161,-4.132416797,5.343257988,,0.6871193333
same_law,recall,3,center,162,5.055277997,5.848286509,,0.3215883714
same_law,recall,3,center,163,5.654825222,-6.650470597,,0.2355330376
same_law,recall,3,center,164,6.117773665,-3.641338196,,1.236215847
same_law,recall,3,center,165,-0.2581119953,-8.202876196,,0.3239535628
same_law,recall,3,center,166,6.955067976,0.3190884517,,0.4052334654
same_law,recall,3,center,167,4.409878025,4.549923225,,0.3410352363
same_law,recall,3,center,168,6.936521521,-6.562307309,,0.4626738161
same_law,recall,3,center,169,1.081357569,-6.475641996,,0.8753836482
same_law,recall,3,center,170,0.2593264575,8.553391403,,0.3333932231
same_law,recall,3,center,171,9.952250944,-0.1967284021,,0.6650117794
same_law,recall,3,center,172,-8.593005797,-1.353231065,,0.5618823877
same_law,recall,3,center,173,-5.615147169,-4.177710039,,0.6776725676
same_law,recall,3,center,174,0.9595953814,7.057908759,,0.3381672597
same_law,recall,3,center,175,4.801478866,5.15268302,,0.4696296907
same_law,recall,3,center,176,-5.364586167,-5.862165677,,0.4089630795
same_law,recall,3,center,177,-5.442400304,-5.360114871,,0.2132332296
same_law,recall,3,center,178,-8.298773587,-0.0401739416,,0.2936708841
same_law,recall,3,center,179,8.206592377,-0.08396970353,,0.401948009
same_law,recall,3,center,180,-7.496479135,1.870875773,,0.342524294
same_law,recall,3,center,181,0.5919722848,-7.944189454,,0.2032183135
same_law,recall,3,center,182,6.313881377,0.387957086,,0.5566873202
same_law,recall,3,center,183,-7.603532661,4.247820163,,1.010940969
same_law,recall,3,center,184,8.854639252,0.7062350601,,0.6082224479
same_law,recall,3,center,185,-0.1499389983,6.289988894,,0.6729275176
same_law,recall,3,center,186,5.285505733,4.978115931,,0.4540637078
same_law,recall,3,center,187,-5.020013503,-3.399123717,,0.9799901735
same_law,recall,3,center,188,8.216930488,-0.779311128,,0.3671469031
same_law,recall,3,center,189,4.486302719,5.600759969,,0.4102952411
same_law,recall,3,center,190,5.480061056,-6.808373409,,0.2355330376
same_law,recall,3,center,191,5.773209485,4.505940728,,0.326207678
same_law,recall,3,center,192,6.768961521,6.719504855,,0.7256105662
same_law,recall,3,center,193,6.741605515,-6.13090472,,0.4494332159
same_law,recall,3,center,194,0.5145205633,-8.132069505,,0.268286064
same_law,recall,3,center,195,-6.045666311,-5.995999907,,0.4191188473
same_law,recall,3,center,196,4.357138976,4.212990554,,0.5829103239
same_law,recall,3,center,197,6.45116904,5.465618846,,0.2396296066
same_law,recall,3,center,198,0.2164248511,-6.998289612,,0.3446578469
same_law,recall,3,center,199,-7.389986745,4.872724176,,0.5596769362
same_law,recall,3,center,200,-7.824665157,0.3920947867,,0.4854085086
same_law,recall,3,center,201,7.62292555,1.029179233,,0.1923570584
same_law,recall,3,center,202,-5.446459311,4.443472111,,0.2946317666
same_law,recall,3,center,203,-8.930763776,0.8054710605,,0.7011647792
same_law,recall,3,center,204,0.4638314565,-9.899061239,,0.9060118315
same_law,recall,3,center,205,1.347712304,8.598027031,,0.3559731741
same_law,recall,3,center,206,1.343342988,7.616299119,,0.5477920408
same_law,recall,3,center,207,5.361148028,4.530397165,,0.4089953721
same_law,recall,3,center,208,8.19378382,5.481400024,,1.445222647
same_law,recall,3,center,209,7.244387442,-6.304146701,,0.5256464324
same_law,recall,3,center,210,-7.836158808,-1.671352487,,0.7431846768
same_law,recall,3,center,211,-0.3828671488,-7.016245092,,0.2702259547
same_law,recall,3,center,212,6.748256184,1.072227545,,0.6946353887
same_law,recall,3,center,213,5.994092065,-6.700805174,,0.3429804087
same_law,recall,3,center,214,-6.158451521,5.197788573,,0.3605818228
same_law,recall,3,center,215,5.607334912,5.120710284,,0.4329891654
same_law,recall,3,center,216,7.172712099,-0.3045877025,,0.3676455726
same_law,recall,3,center,217,4.629964511,4.367327677,,0.3356816594
same_law,recall,3,center,218,-5.705030732,6.539728475,,0.2444494456
same_law,recall,3,center,219,6.470628295,0.003508151464,,0.5488312229
same_law,recall,3,center,220,7.350043805,-0.9771454371,,0.3540036041
same_law,recall,3,center,221,-4.803416597,-6.175023939,,0.4442906001
same_law,recall,3,center,222,7.155155933,-6.436693614,,0.5143255734
same_law,recall,3,center,223,-7.613498006,-0.2272830066,,0.3376473842
same_law,recall,3,center,224,7.245978191,0.5876750426,,0.5805301552
same_law,recall,3,center,225,7.845017427,0.6032105807,,0.4803895237
same_law,recall,3,center,226,-5.704145757,4.571037994,,0.3478512762
same_law,recall,3,center,227,5.554785006,-5.60489908,,0.1653367425
same_law,recall,3,center,228,8.958462954,-0.9062690073,,0.3526419868
same_law,recall,3,center,229,-5.696184103,-7.37873298,,0.5876525101
same_law,recall,3,center,230,0.6514930603,6.918517025,,0.3381672597
same_law,recall,3,center,231,-7.463213771,5.597637415,,0.7690879298
same_law,recall,3,center,232,6.762539208,-7.181301198,,0.6312819641
same_law,recall,3,center,233,4.568818664,-6.400129141,,0.5408814731
same_law,recall,3,center,234,6.870503354,0.3794278883,,0.4293579283
same_law,recall,3,center,235,-8.807367445,-0.7215147365,,0.3707636957
same_law,recall,3,center,236,8.583305399,-0.755514631,,0.3671469031
same_law,recall,3,center,237,6.089634347,4.685469078,,0.2068203502
same_law,recall,3,center,238,-9.212138514,-1.835449289,,0.5844013179
same_law,recall,3,center,239,1.861202787,-8.320259032,,0.836181128
same_law,recall,3,center,240,5.900787617,5.625804741,,0.07698443112
same_law,recall,3,center,241,5.816816006,5.706540729,,0.116488331
same_law,recall,3,center,242,-3.74863721,-6.69578084,,0.8687256353
same_law,recall,3,center,243,4.099392143,-6.668813918,,0.5408814731
same_law,recall,3,center,244,-1.33470901,8.746962052,,0.6515787064
same_law,recall,3,center,245,6.477232459,-6.618169795,,0.1897202943
same_law,recall,3,center,246,-1.390435776,7.645203347,,0.4508231034
same_law,recall,3,center,247,1.391123878,-10.81956942,,1.762528038
same_law,recall,3,center,248,-7.473373231,-1.075755227,,0.6228952713
same_law,recall,3,center,249,-4.616487103,-6.73477819,,0.6030881431
same_law,recall,3,center,250,-5.942270077,4.150575149,,0.5190031251
same_law,recall,3,center,251,-0.9772578505,9.385839163,,0.8592683866
same_law,recall,3,center,252,6.477432935,-6.058522402,,0.3193570896
same_law,recall,3,center,253,-8.87017237,-1.893807137,,0.3469099047
same_law,recall,3,center,254,5.263197538,5.625950997,,0.3159249961
same_law,recall,3,center,255,5.572799892,5.563062322,,0.3302742364
same_law,recall,3,center,256,4.535044622,-5.723128135,,0.500489818
same_law,recall,3,center,257,-8.03867338,1.290562038,,0.4591160006
same_law,recall,3,center,258,9.866733454,-0.1369890269,,0.6246904899
same_law,recall,3,center,259,-8.766305951,-0.06498212976,,0.4681900875
same_law,recall,3,center,260,-0.6076212753,7.257566184,,0.3741444843
same_law,recall,3,center,261,-0.05865015192,6.956695569,,0.3993756103
same_law,recall,3,center,262,0.6061067512,7.896084451,,0.3784336016
same_law,recall,3,center,263,-7.749991693,-0.182940036,,0.3692311627
same_law,recall,3,center,264,-6.384108697,4.70889469,,0.3404409896
same_law,recall,3,center,265,-0.2372760043,7.451239663,,0.3213063991
same_law,recall,3,center,266,5.890755583,5.652422546,,0.05925503495
same_law,recall,3,center,267,6.637693252,0.06712129943,,0.4052334654
same_law,recall,3,center,268,-9.342860417,-0.6164776255,,0.5456972767
same_law,recall,3,center,269,5.36250064,3.581580972,,0.5501533123
same_law,recall,3,center,270,-5.565346802,-5.5058709,,0.1875130067
same_law,recall,3,center,271,5.498830056,-6.081171522,,0.2421670457
same_law,recall,3,center,272,5.283250589,4.680314781,,0.3135124159
same_law,recall,3,center,273,-0.2697003697,-8.552611804,,0.3499275433
same_law,recall,3,center,274,8.091685393,-1.20413609,,0.3350079544
same_law,recall,3,center,275,-5.42126434,5.800073143,,0.2814595791
same_law,recall,3,center,276,-5.798417082,5.217649426,,0.3605818228
same_law,recall,3,center,277,-7.447660108,-1.664601707,,0.8594735392
same_law,recall,3,center,278,8.460453338,0.2430374662,,0.4139795605
same_law,recall,3,center,279,-5.373477957,-5.273541657,,0.2871468374
same_law,recall,3,center,280,-0.6536444066,-8.259460058,,0.3269688287
same_law,recall,3,center,281,0.6370583312,-7.569360756,,0.3775305341
same_law,recall,3,center,282,0.2067127654,-9.514320245,,0.4627479375
same_law,recall,3,center,283,0.5378871149,-6.830529008,,0.3841493789
same_law,recall,3,center,284,-4.647182756,-5.422976201,,0.5341852242
same_law,recall,3,center,285,-1.557678604,-7.057455186,,0.8960784751
same_law,recall,3,center,286,5.509599613,-8.189373898,,1.243846314
same_law,recall,3,center,287,-5.279646846,4.164682466,,0.5330415669
same_law,recall,3,center,288,-6.95329483,5.021895357,,0.4614670842
same_law,recall,3,center,289,-4.384263072,-6.027699604,,0.6594066687
same_law,recall,3,center,290,-7.729008412,1.747967964,,0.2630136773
same_law,recall,3,center,291,7.250884012,-5.760207665,,0.5439778303
same_law,recall,3,center,292,5.415333227,4.395983615,,0.3135124159
same_law,recall,3,center,293,-8.694458074,0.4253583476,,0.4955763323
same_law,recall,3,center,294,-7.604269238,0.1102382312,,0.3577953028
same_law,recall,3,center,295,8.994801658,-0.772368013,,0.336020632
same_law,recall,3,center,296,-0.05607652018,-7.268757012,,0.383939594
same_law,recall,3,center,297,6.241000156,-4.585908474,,0.6802449343
same_law,recall,3,center,298,-5.259833843,5.347451694,,0.3925818112
same_law,recall,3,center,299,6.01904651,4.654259053,,0.1771906554
same_law,recall,3,center,300,-9.639459332,0.5806717809,,0.7434945236
same_law,recall,3,center,301,-5.711994582,5.965263876,,0.3343830913
same_law,recall,3,center,302,-1.697684364,-8.365114025,,0.4834969145
same_law,recall,3,center,303,-8.599857114,-0.8642121147,,0.326785748
same_law,recall,3,center,304,5.744984994,-0.3348734821,,0.97904435
same_law,recall,3,center,305,-7.102695712,0.3809977219,,0.4958971738
same_law,recall,3,center,306,7.39905339,-0.01487597165,,0.3676455726
same_law,recall,3,center,307,-7.24319992,-2.760417863,,1.302167747
same_law,recall,3,center,308,7.875463453,0.5432001472,,0.5218894873
same_law,recall,3,center,309,-4.974725624,-3.956124042,,0.7288109588
same_law,recall,3,center,310,1.135045679,8.312562835,,0.3437244111
same_law,recall,3,center,311,5.958830256,-4.869908901,,0.4003449706
same_law,recall,3,center,312,-6.196181244,5.616666195,,0.420573411
same_law,recall,3,center,313,-4.750615246,7.614299464,,1.276467993
same_law,recall,3,center,314,-8.159267306,-0.04840068933,,0.4218962985
same_law,recall,3,center,315,0.1984801938,-6.656796306,,0.341964455
same_law,recall,3,center,316,-0.03031330359,-6.530640964,,0.4085366759
same_law,recall,3,center,317,7.033342783,-0.1860362957,,0.4037822497
same_law,recall,3,center,318,-0.1981651567,-7.213494276,,0.2655835826
same_law,recall,3,center,319,-4.611593873,4.147409891,,0.6682762286
same_law,recall,3,center,320,-6.571971875,5.993706728,,0.5323327554
same_law,recall,3,center,321,4.998160604,-7.179282025,,0.6807022544
same_law,recall,3,center,322,-4.618374277,-5.162884165,,0.4293292868
same_law,recall,3,center,323,8.493177497,-0.4754457164,,0.4106660423
same_law,recall,3,center,324,6.685792702,5.416894253,,0.4036317004
same_law,recall,3,center,325,1.096435278,7.088334849,,0.3687794952
same_law,recall,3,center,326,-6.510989697,-5.452191039,,0.3816384291
same_law,recall,3,center,327,-0.7023321458,-7.324548935,,0.5162533197
same_law,recall,3,center,328,-5.396766505,4.733883032,,0.3478512762
same_law,recall,3,center,329,5.72971985,-6.008131938,,0.2421670457
same_law,recall,3,center,330,-4.74102142,5.024301266,,0.6112221597
same_law,recall,3,center,331,7.560826905,1.211236905,,0.1923570584
same_law,recall,3,center,332,-3.41826086,7.655862914,,1.750275327
same_law,recall,3,center,333,0.06322301166,8.218854707,,0.3802952054
same_law,recall,3,center,334,7.190312912,-5.781289056,,0.5256464324
same_law,recall,3,center,335,-6.633203387,-5.539978652,,0.3895485617
same_law,recall,3,center,336,0.4515167805,7.170850382,,0.4811747945
same_law,recall,3,center,337,-9.646231141,-1.436729515,,0.5894182452
same_law,recall,3,center,338,8.665429284,-0.7583765163,,0.3296694137
same_law,recall,3,center,339,5.515507157,-5.444295565,,0.2029664418
same_law,recall,3,center,340,-7.380859121,-0.3349027987,,0.2563257121
same_law,recall,3,center,341,6.15556995,4.766793957,,0.2410242412
same_law,recall,3,center,342,-0.3617140257,6.975584412,,0.3036519389
same_law,recall,3,center,343,6.788621466,-5.683937478,,0.4429486007
same_law,recall,3,center,344,4.917546762,5.304482451,,0.4057248939
same_law,recall,3,center,345,-8.221728481,0.7005197913,,0.4484284683
same_law,recall,3,center,346,-1.595636178,-9.037205842,,0.8375243601
same_law,recall,3,center,347,-8.378107252,2.532305833,,1.070270038
same_law,recall,3,center,348,-7.044321107,-0.1114516791,,0.4039656388
same_law,recall,3,center,349,-7.288000418,2.05743617,,0.5387565515
same_law,recall,3,center,350,7.766256073,-0.3664133441,,0.4225401788
same_law,recall,3,center,351,1.211943543,-7.505824502,,0.5722622992
same_law,recall,3,center,352,6.328187405,5.14863185,,0.2939901215
same_law,recall,3,center,353,7.581057382,7.366445051,,1.225375006
same_law,recall,3,center,354,0.5659477889,8.684289838,,0.3333932231
same_law,recall,3,center,355,-2.027260872,-7.362290207,,0.7510140837
same_law,recall,3,center,356,-5.850962837,-5.222948544,,0.1534264639
same_law,recall,3,center,357,0.6824594118,-8.341291768,,0.3648119615
same_law,recall,3,center,358,-9.6904818,0.3678745651,,0.6494227198
same_law,recall,3,center,359,7.258616348,-0.3301940927,,0.3451783314
same_law,recall,3,center,360,-0.6045098441,-8.341574255,,0.3343109784
same_law,recall,3,center,361,5.690479043,1.216947127,,1.067631134
same_law,recall,3,center,362,-5.403508147,-4.545454987,,0.4242963851
same_law,recall,3,center,363,1.97984183,-7.977406877,,0.9011424502
same_law,recall,3,center,364,-7.459290505,-6.5507411,,1.282104286
same_law,recall,3,center,365,-1.206904481,7.498125357,,0.437323908
same_law,recall,3,center,366,-5.577206271,3.654666982,,0.6157893239
same_law,recall,3,center,367,0.3424754933,-9.510356653,,0.5050952349
same_law,recall,3,center,368,-5.359488987,5.547363104,,0.2601510292
same_law,recall,3,center,369,-5.970485489,5.583811194,,0.3980948586
same_law,recall,3,center,370,-8.539778016,-0.6124714434,,0.3845980358
same_law,recall,3,center,371,-1.682756391,-8.029627315,,0.4256337705
same_law,recall,3,center,372,-3.811320539,-3.676359187,,1.381253339
same_law,recall,3,center,373,1.321817597,8.705801601,,0.4218463033
same_law,recall,3,center,374,4.980374125,-4.214103461,,0.7039926247
same_law,recall,3,center,375,5.600726695,-5.725729759,,0.2179765322
same_law,recall,3,center,376,5.365627118,-5.56489235,,0.1933423007
same_law,recall,3,center,377,5.221639348,5.57307208,,0.3513031778
same_law,recall,3,center,378,-1.084599109,-8.373663705,,0.445830044
same_law,recall,3,center,379,-3.37629778,-5.726448277,,1.052020148
same_law,recall,3,center,380,-5.895514814,-5.12447997,,0.2186872168
same_law,recall,3,center,381,6.364976071,-6.770623109,,0.189323822
same_law,recall,3,center,382,7.792841217,0.9182758409,,0.2931150031
same_law,recall,3,center,383,0.2698376291,-7.878045956,,0.3288551332
same_law,recall,3,center,384,9.554017669,-0.6777727596,,0.4418380497
same_law,recall,3,center,385,0.08274589511,7.479941335,,0.4811747945
same_law,recall,3,center,386,-4.16654602,-7.608714649,,1.004039796
same_law,recall,3,center,387,4.986712554,-6.186011216,,0.3734969618
same_law,recall,3,center,388,6.320393873,6.263129726,,0.6399149899
same_law,recall,3,center,389,1.39519426,6.425967158,,0.7675262668
same_law,recall,3,center,390,-7.249524991,-0.2932798643,,0.274171703
same_law,recall,3,center,391,-0.6656252373,8.539568533,,0.6616778634
same_law,recall,3,center,392,-0.9201395827,5.923086705,,1.180874718
same_law,recall,3,center,393,-6.027072738,4.159083398,,0.559716323
same_law,recall,3,center,394,5.007938428,-5.285299486,,0.5228787712
same_law,recall,3,center,395,-7.688000254,1.586899449,,0.3227953794
same_law,recall,3,center,396,5.457199503,4.123522659,,0.4428718146
same_law,recall,3,center,397,-6.412951106,4.737470025,,0.3049664108
same_law,recall,3,center,398,4.439029091,-5.221487054,,0.6189529208
same_law,recall,3,center,399,-8.645232338,-1.977372817,,0.5844013179
same_law,recall,3,center,400,6.353777053,-5.768280818,,0.4429486007
same_law,recall,3,center,401,-5.300016971,-5.551132705,,0.269162683
same_law,recall,3,center,402,0.6316547341,-7.961981253,,0.2065197994
same_law,recall,3,center,403,1.236202483,-7.57501721,,0.5817441409
same_law,recall,3,center,404,0.3920676234,8.409866918,,0.3248726692
same_law,recall,3,center,405,-1.456637743,-8.164635752,,0.3135203527
same_law,recall,3,center,406,-0.2593164895,-7.792453279,,0.2309197791
same_law,recall,3,center,407,6.641305836,1.634114777,,1.01209915
same_law,recall,3,center,408,5.761242914,4.445536709,,0.3494410109
same_law,recall,3,center,409,-9.708886964,-0.2812872937,,0.7500303219
same_law,recall,3,center,410,-5.746529662,-6.375146335,,0.2806415261
same_law,recall,3,center,411,8.092113828,-0.6411757672,,0.4262366308
same_law,recall,3,center,412,-5.105195998,-6.381396068,,0.5455068362
same_law,recall,3,center,413,-0.0385002251,-7.021160827,,0.2559489929
same_law,recall,3,center,414,2.571668883,6.992356807,,1.305714277
same_law,recall,3,center,415,7.53549223,-0.8398356978,,0.3257404608
same_law,recall,3,center,416,-4.872525928,4.508754944,,0.470069501
same_law,recall,3,center,417,-0.4843570456,-8.029601283,,0.285470256
same_law,recall,3,center,418,4.67817571,4.699529207,,0.4696296907
same_law,recall,3,center,419,-6.132477138,-7.75729449,,0.9998013945
same_law,recall,3,center,420,4.211376032,5.243820162,,0.4505449022
same_law,recall,3,center,421,8.148230636,-0.185759986,,0.3252627111
same_law,recall,3,center,422,3.882885555,-6.120640541,,0.7637588381
same_law,recall,3,center,423,0.7984376405,8.555865512,,0.4024958342
same_law,recall,3,center,424,-0.07874786153,-8.887369875,,0.3544579346
same_law,recall,3,center,425,0.631216371,-8.578928981,,0.4230011596
same_law,recall,3,center,426,-9.169248402,-0.8021862352,,0.4183854423
same_law,recall,3,center,427,-4.208508958,5.877034288,,0.5067329891
same_law,recall,3,center,428,9.159247053,-0.4793363133,,0.336020632
same_law,recall,3,center,429,0.9381493392,-8.601504044,,0.3077620516
same_law,recall,3,center,430,7.842572631,2.48635026,,1.445781225
same_law,recall,3,center,431,-7.232851368,-0.5011703753,,0.4329253067
same_law,recall,3,center,432,-5.741673289,-5.330630829,,0.1534264639
same_law,recall,3,center,433,9.21045759,-0.4891330917,,0.355990873
same_law,recall,3,center,434,3.915535165,5.377212436,,0.6129837684
same_law,recall,3,center,435,-5.641468792,-5.547316281,,0.1882979185
same_law,recall,3,center,436,1.316690136,8.316687078,,0.3662331496
same_law,recall,3,center,437,6.469771221,-6.757967943,,0.1513968873
same_law,recall,3,center,438,0.8679014884,10.09621983,,1.44385676
same_law,recall,3,center,439,-4.883944959,-5.40329853,,0.3582273769
same_law,recall,3,center,440,-7.846011812,1.787142239,,0.3034912597
same_law,recall,3,center,441,4.729672766,-5.767956607,,0.3172720667
same_law,recall,3,center,442,6.117061842,6.400855357,,0.512338916
same_law,recall,3,center,443,-8.437327906,0.3073213947,,0.4438200257
same_law,recall,3,center,444,-0.2779214814,-7.879528867,,0.2295323042
same_law,recall,3,center,445,-5.78894579,-6.798447927,,0.4254213976
same_law,recall,3,center,446,5.635740664,-4.779702727,,0.3418950383
same_law,recall,3,center,447,4.689835958,5.415762501,,0.2857882992
same_law,recall,3,center,448,6.321634314,-6.726719356,,0.1897202943
same_law,recall,3,center,449,8.182638338,-1.060129819,,0.3603110147
same_law,recall,3,center,450,-6.865369499,2.312821382,,1.03195521
same_law,recall,3,center,451,-3.634598965,-5.876034927,,0.8276400688
same_law,recall,3,center,452,0.7401991287,-7.879002271,,0.3263677256
same_law,recall,3,center,453,0.1021058961,-6.452242939,,0.5557929836
same_law,recall,3,center,454,-6.976033826,6.712148847,,0.5483783212
same_law,recall,3,center,455,-5.705830245,-4.248313629,,0.7415005722
same_law,recall,3,center,456,-5.469620881,-6.329526244,,0.2806415261
same_law,recall,3,center,457,-5.379713873,-4.920887154,,0.3761854332
same_law,recall,3,center,458,-5.621090575,6.144892526,,0.201320616
same_law,recall,3,center,459,5.135179074,3.522970349,,0.6814398242
same_law,recall,3,center,460,0.9000235838,8.699159736,,0.4218463033
same_law,recall,3,center,461,5.805032634,-5.588443687,,0.2507880682
same_law,recall,3,center,462,1.036295769,-8.457106725,,0.3723080341
same_law,recall,3,center,463,4.950320184,-5.845404119,,0.3425457616
same_law,recall,3,center,464,-4.467757061,4.269741345,,0.5935872266
same_law,recall,3,center,465,1.191829993,-8.639252854,,0.5638498049
same_law,recall,3,center,466,6.8992565,1.260061836,,0.6633696358
same_law,recall,3,center,467,7.903109905,-1.300234364,,0.3358515137
same_law,recall,3,center,468,5.29812119,-4.725801819,,0.3418950383
same_law,recall,3,center,469,-4.464780057,-6.083952931,,0.6682728077
same_law,recall,3,center,470,0.4063207591,-7.285915368,,0.4627155207
same_law,recall,3,center,471,5.012227756,6.011890325,,0.4603639822
same_law,recall,3,center,472,-0.03187791476,-8.53602441,,0.3544579346
same_law,recall,3,center,473,-6.149002185,-5.589819768,,0.3436387777
same_law,recall,3,center,474,-5.627000763,-6.222344203,,0.2417930774
same_law,recall,3,center,475,7.574054892,1.113337238,,0.1056208941
same_law,recall,3,center,476,-5.443027114,6.541948616,,0.3083959608
same_law,recall,3,center,477,-4.455032018,6.245696509,,0.4434923365
same_law,recall,3,center,478,2.270886313,7.174695968,,1.027302275
same_law,recall,3,center,479,6.465263843,5.338710276,,0.2339780158
same_law,recall,3,query,0,-7.69528292,-1.039984106,True,
same_law,recall,3,query,1,0.7504511958,-7.059435284,True,
same_law,recall,3,query,2,-7.607889438,4.354674743,True,
same_law,recall,3,query,3,5.784694653,-5.973096842,True,
same_law,recall,3,query,4,-8.016801158,-0.8530439276,True,
same_law,recall,3,query,5,6.536252224,-4.879062314,True,
same_law,recall,3,query,6,-7.933969302,1.127241207,True,
same_law,recall,3,query,7,0.4675093423,-8.859292463,True,
same_law,recall,3,query,8,6.025605034,-6.61573685,True,
same_law,recall,3,query,9,0.8784503013,-8.049925911,True,
same_law,recall,3,query,10,-5.841716613,-6.337783794,True,
same_law,recall,3,query,11,6.879395588,-5.811383732,True,
same_law,recall,3,query,12,5.228526427,-6.0089878,True,
same_law,recall,3,query,13,8.532309186,0.3654440644,True,
same_law,recall,3,query,14,-7.587267388,0.430821003,True,
same_law,recall,3,query,15,-3.515206649,-6.063269266,True,
same_law,recall,3,query,16,5.14461152,4.843081521,True,
same_law,recall,3,query,17,6.272833672,-4.527881957,True,
same_law,recall,3,query,18,-0.1139474577,-8.840156477,True,
same_law,recall,3,query,19,-8.824481216,0.6505927878,True,
same_law,recall,3,query,20,-4.913600078,6.200008518,True,
same_law,recall,3,query,21,-0.6655097073,-7.767838677,True,
same_law,recall,3,query,22,0.1166858091,-7.781311403,True,
same_law,recall,3,query,23,-4.785425472,5.880449798,True,
same_law,recall,3,query,24,6.335767813,5.724433319,True,
same_law,recall,3,query,25,-5.367734851,6.288142475,True,
same_law,recall,3,query,26,-7.114010069,-5.976525466,True,
same_law,recall,3,query,27,5.186481595,-6.295732098,True,
same_law,recall,3,query,28,7.724857749,1.494941311,True,
same_law,recall,3,query,29,4.791023134,6.625132604,True,
same_law,recall,3,query,30,3.973984478,-5.991739279,True,
same_law,recall,3,query,31,-5.494101184,-5.070631918,True,
same_law,recall,3,query,32,-4.94562767,6.450201485,True,
same_law,recall,3,query,33,-6.005579322,5.194502457,True,
same_law,recall,3,query,34,-4.798878368,5.465549925,True,
same_law,recall,3,query,35,-1.275686323,-9.133287214,True,
same_law,recall,3,query,36,4.737401963,-5.159693505,True,
same_law,recall,3,query,37,-5.514428513,6.347339604,True,
same_law,recall,3,query,38,-6.084106896,-5.498314558,True,
same_law,recall,3,query,39,-7.374409606,-0.3093465397,True,
same_law,recall,3,query,40,6.113629487,4.994928308,True,
same_law,recall,3,query,41,-6.019908096,-6.038592143,True,
same_law,recall,3,query,42,-6.852693895,-5.169881769,True,
same_law,recall,3,query,43,7.53059766,0.01249411873,True,
same_law,recall,3,query,44,6.137600908,-5.210323073,True,
same_law,recall,3,query,45,-4.991469141,-5.755339734,True,
same_law,recall,3,query,46,-0.423298312,-8.079718211,True,
same_law,recall,3,query,47,3.969519816,4.209741777,True,
same_law,recall,3,query,48,4.334154637,4.659607422,True,
same_law,recall,3,query,49,0.3997742267,-8.905479055,True,
same_law,recall,3,query,50,5.278691695,-4.357625952,True,
same_law,recall,3,query,51,-8.356263971,0.7375155685,True,
same_law,recall,3,query,52,4.723236569,5.451416692,True,
same_law,recall,3,query,53,-0.9500220549,-8.339033076,True,
same_law,recall,3,query,54,-4.816546112,-7.384174673,True,
same_law,recall,3,query,55,-5.222430606,-5.419118647,True,
same_law,recall,3,query,56,-8.594149956,-1.446057854,True,
same_law,recall,3,query,57,0.07212950771,7.470507291,True,
same_law,recall,3,query,58,5.889530461,5.678706395,True,
same_law,recall,3,query,59,7.258633141,-5.896209877,True,
same_law,recall,3,query,60,-6.680351742,5.836129884,True,
same_law,recall,3,query,61,5.876850933,-4.297666674,True,
same_law,recall,3,query,62,6.491965495,6.013725309,True,
same_law,recall,3,query,63,-4.193551358,-6.845617304,True,
same_law,recall,3,query,64,7.360248467,-0.9265759414,True,
same_law,recall,3,query,65,7.610190197,-1.376686148,True,
same_law,recall,3,query,66,6.292005196,5.434631552,True,
same_law,recall,3,query,67,-1.470806295,-9.015579081,True,
same_law,recall,3,query,68,0.3135138475,8.838126568,True,
same_law,recall,3,query,69,9.996730892,2.913862466,False,
same_law,recall,3,query,70,0.4144094333,7.01046188,True,
same_law,recall,3,query,71,-10.13204628,0.2677114623,True,
same_law,recall,3,query,72,-0.8129410953,-8.41535726,True,
same_law,recall,3,query,73,5.04475745,-5.797645136,True,
same_law,recall,3,query,74,6.72283448,-5.499805682,True,
same_law,recall,3,query,75,5.498219412,4.621200497,True,
same_law,recall,3,query,76,-1.674682945,7.513692091,True,
same_law,recall,3,query,77,5.603071699,-3.888924336,True,
same_law,recall,3,query,78,-5.526579728,-4.674114738,True,
same_law,recall,3,query,79,-6.156149848,4.471910483,True,
same_law,recall,3,query,80,7.034883238,-0.7252260645,False,
same_law,recall,3,query,81,2.128469732,-8.821386679,True,
same_law,recall,3,query,82,-4.818365046,4.753927071,True,
same_law,recall,3,query,83,-7.068426987,0.3849509661,True,
same_law,recall,3,query,84,-8.156637898,-0.04076252614,True,
same_law,recall,3,query,85,-0.6547876954,8.446072201,True,
same_law,recall,3,query,86,-6.11183773,-6.882460013,True,
same_law,recall,3,query,87,6.722062426,0.1725879177,True,
same_law,recall,3,query,88,9.579091256,0.1599916136,True,
same_law,recall,3,query,89,-5.775492576,5.942680389,True,
same_law,recall,3,query,90,-4.350852508,-5.437471748,True,
same_law,recall,3,query,91,7.589072769,1.10628871,True,
same_law,recall,3,query,92,8.428756438,1.535755992,True,
same_law,recall,3,query,93,-7.816765563,-1.224469032,True,
same_law,recall,3,query,94,-7.025013449,-4.005926317,True,
same_law,recall,3,query,95,9.723665721,-0.1795192133,True,
same_law,recall,3,query,96,-6.040041571,7.118298542,True,
same_law,recall,3,query,97,-9.107045682,-0.894727019,True,
same_law,recall,3,query,98,6.300181044,5.262249127,True,
same_law,recall,3,query,99,-0.00512186672,7.836557101,True,
same_law,recall,3,query,100,0.3375745488,9.407481861,True,
same_law,recall,3,query,101,0.0905849069,8.643938793,True,
same_law,recall,3,query,102,5.949827899,-0.04871840193,True,
same_law,recall,3,query,103,-0.8432302703,6.78118694,True,
same_law,recall,3,query,104,-8.878152367,-0.3341234407,True,
same_law,recall,3,query,105,0.9159025424,6.673607282,True,
same_law,recall,3,query,106,5.687485742,-6.141023683,True,
same_law,recall,3,query,107,-8.327673094,1.002757825,True,
same_law,recall,3,query,108,-7.461884563,1.337398107,True,
same_law,recall,3,query,109,-0.1545056792,7.304057388,True,
same_law,recall,3,query,110,-0.2238588169,-7.757503209,True,
same_law,recall,3,query,111,8.176573358,-1.084388072,True,
same_law,recall,3,query,112,-5.566364468,5.88508258,True,
same_law,recall,3,query,113,2.517474038,9.876844611,False,
same_law,recall,3,query,114,-8.853243351,-0.2873833615,True,
same_law,recall,3,query,115,-1.463442002,-8.590707014,True,
same_law,recall,3,query,116,-7.684394996,1.205853621,True,
same_law,recall,3,query,117,-0.7290838377,7.34585356,True,
same_law,recall,3,query,118,-7.804143279,-5.81952017,True,
same_law,recall,3,query,119,-6.719268661,5.127414822,True,
same_law,recall,3,query,120,-0.8768607782,7.905737446,True,
same_law,recall,3,query,121,6.242271609,-1.467045245,True,
same_law,recall,3,query,122,2.129247112,-9.287422581,True,
same_law,recall,3,query,123,-9.096785578,1.836913528,True,
same_law,recall,3,query,124,8.561921419,4.485287621,True,
same_law,recall,3,query,125,7.631751043,0.3415555509,True,
same_law,recall,3,query,126,1.728697644,-8.986857078,True,
same_law,recall,3,query,127,-0.2452778459,-7.222662424,True,
same_law,recall,3,query,128,8.434766074,-0.3761560712,True,
same_law,recall,3,query,129,-8.133822965,-1.374895808,True,
same_law,recall,3,query,130,-0.238173744,7.73361251,True,
same_law,recall,3,query,131,5.889024139,-6.212181468,True,
same_law,recall,3,query,132,-5.185315727,-4.644138432,True,
same_law,recall,3,query,133,5.812283577,6.008610658,True,
same_law,recall,3,query,134,-5.603698902,5.656938643,True,
same_law,recall,3,query,135,4.935296216,-5.340359988,True,
same_law,recall,3,query,136,5.559567651,-3.563685941,True,
same_law,recall,3,query,137,-4.083499347,-5.271007697,True,
same_law,recall,3,query,138,4.89379704,-6.769265721,True,
same_law,recall,3,query,139,6.847997203,5.919603475,True,
same_law,recall,3,query,140,6.136997653,3.912268263,True,
same_law,recall,3,query,141,-7.072561518,0.4544203382,True,
same_law,recall,3,query,142,4.546423565,5.185329442,True,
same_law,recall,3,query,143,-7.736282796,0.05246679836,True,
same_law,recall,3,query,144,5.364683064,-5.760342518,True,
same_law,recall,3,query,145,-5.908831628,-5.504291737,True,
same_law,recall,3,query,146,-6.528508027,-2.566658441,True,
same_law,recall,3,query,147,-5.893704514,5.833366671,True,
same_law,recall,3,query,148,5.952848239,5.284939668,True,
same_law,recall,3,query,149,-1.756721782,-7.672004516,True,
same_law,recall,3,query,150,9.727350214,-1.533861405,False,
same_law,recall,3,query,151,0.8638280137,-8.328525223,True,
same_law,recall,3,query,152,-0.06132434583,6.947101489,True,
same_law,recall,3,query,153,-5.991310422,-4.356809655,True,
same_law,recall,3,query,154,-7.417344758,1.732311605,True,
same_law,recall,3,query,155,1.177411889,8.439086679,True,
same_law,recall,3,query,156,7.400788776,-5.217861091,True,
same_law,recall,3,query,157,8.827988177,-0.2965709535,True,
same_law,recall,3,query,158,0.06654581586,-8.697423823,True,
same_law,recall,3,query,159,8.989583935,-1.178303623,True,
same_law,recall,3,query,160,0.7823503424,7.809348942,True,
same_law,recall,3,query,161,-4.485607156,-4.905985261,True,
same_law,recall,3,query,162,-3.836208092,6.387628941,True,
same_law,recall,3,query,163,-7.228894505,5.589901077,True,
same_law,recall,3,query,164,6.827992807,-0.5182798424,True,
same_law,recall,3,query,165,9.511228433,0.6375338109,False,
same_law,recall,3,query,166,-6.355784678,4.643136883,True,
same_law,recall,3,query,167,-5.624072157,4.4402941,True,
same_law,recall,3,query,168,4.985713972,5.968863721,True,
same_law,recall,3,query,169,1.155312036,-7.391238528,True,
same_law,recall,3,query,170,5.708710491,0.304366729,True,
same_law,recall,3,query,171,-7.927966427,0.4138902854,True,
same_law,recall,3,query,172,-4.040644568,-7.720092526,True,
same_law,recall,3,query,173,-6.247957675,6.247760572,True,
same_law,recall,3,query,174,6.418405601,1.475949048,True,
same_law,recall,3,query,175,0.3683566127,8.846583986,True,
same_law,recall,3,query,176,-0.5709436615,-7.18623631,True,
same_law,recall,3,query,177,-4.588382694,-5.423976229,True,
same_law,recall,3,query,178,5.891255142,5.927197489,True,
same_law,recall,3,query,179,-6.520199514,5.509325569,True,
same_law,recall,3,query,180,7.847477468,0.3833938644,True,
same_law,recall,3,query,181,0.9998242469,-9.058536082,True,
same_law,recall,3,query,182,-5.78186328,-4.175398702,True,
same_law,recall,3,query,183,7.256411771,-0.8222500173,True,
same_law,recall,3,query,184,8.202306192,0.8443851905,True,
same_law,recall,3,query,185,5.668280305,-4.327893659,True,
same_law,recall,3,query,186,0.8567939826,-7.158179933,True,
same_law,recall,3,query,187,6.210970751,-3.329201149,True,
same_law,recall,3,query,188,5.451692561,-7.660376542,True,
same_law,recall,3,query,189,-4.052599888,5.199154819,True,
same_law,recall,3,query,190,5.764734694,6.966404934,True,
same_law,recall,3,query,191,4.054594708,-6.908501464,True,
same_law,recall,3,query,192,-7.258132187,-6.45099054,True,
same_law,recall,3,query,193,6.096490856,6.181042092,True,
same_law,recall,3,query,194,8.276274179,-1.412765884,True,
same_law,recall,3,query,195,-7.966957686,5.711207835,True,
same_law,recall,3,query,196,-8.471776034,0.4593857717,True,
same_law,recall,3,query,197,0.7019536262,-7.861758568,True,
same_law,recall,3,query,198,6.416987335,-5.427642875,True,
same_law,recall,3,query,199,6.186918955,4.952180987,True,
same_law,recall,3,query,200,5.477242836,-5.460078153,True,
same_law,recall,3,query,201,0.8205284754,7.606258828,True,
same_law,recall,3,query,202,8.521167256,-0.2658387919,True,
same_law,recall,3,query,203,-5.774396417,6.486373292,True,
same_law,recall,3,query,204,-1.993060371,-9.296472328,True,
same_law,recall,3,query,205,4.174668852,3.32323813,True,
same_law,recall,3,query,206,4.978589809,6.406288149,True,
same_law,recall,3,query,207,5.371970183,-5.459064168,True,
same_law,recall,3,query,208,9.089217497,1.327686132,False,
same_law,recall,3,query,209,5.587716315,7.010440139,True,
same_law,recall,3,query,210,8.092126658,-0.8373982238,True,
same_law,recall,3,query,211,7.405599648,-1.480536513,True,
same_law,recall,3,query,212,-8.888133854,-0.3580166881,True,
same_law,recall,3,query,213,6.460439269,-3.936084418,True,
same_law,recall,3,query,214,6.617818485,0.3928274683,True,
same_law,recall,3,query,215,-9.040543939,0.4746970885,True,
same_law,recall,3,query,216,-5.7879409,3.825948424,True,
same_law,recall,3,query,217,-4.728557258,-6.261854962,True,
same_law,recall,3,query,218,-0.5339002384,-9.069752411,False,
same_law,recall,3,query,219,5.002570973,-5.228963809,True,
same_law,recall,3,query,220,-8.189244341,0.3286620023,True,
same_law,recall,3,query,221,6.018776103,6.977515905,True,
same_law,recall,3,query,222,5.314068099,-7.133712066,True,
same_law,recall,3,query,223,1.067222417,7.668511828,True,
same_law,recall,3,query,224,1.114592445,-7.616622887,True,
same_law,recall,3,query,225,7.86886247,0.348775894,True,
same_law,recall,3,query,226,-3.705841689,7.733834779,True,
same_law,recall,3,query,227,5.726235385,5.817044843,True,
same_law,recall,3,query,228,-4.580614092,-6.502515282,True,
same_law,recall,3,query,229,0.3330703726,-8.025862848,True,
same_law,recall,3,query,230,0.3139082115,-8.833368806,True,
same_law,recall,3,query,231,-7.246421743,-7.729837685,True,
same_law,recall,3,query,232,6.882615887,-0.4586752849,True,
same_law,recall,3,query,233,-0.2931915866,-6.062768838,True,
same_law,recall,3,query,234,9.10599337,-0.9620911163,True,
same_law,recall,3,query,235,8.347708452,-0.4070782364,True,
same_law,recall,3,query,236,-5.941218088,-5.4715286,True,
same_law,recall,3,query,237,6.276025366,5.317595766,True,
same_law,recall,3,query,238,1.063851533,6.858061774,True,
same_law,recall,3,query,239,-5.650515187,8.254527976,True,
same_law,recall,3,query,240,8.223079743,1.433214507,True,
same_law,recall,3,query,241,-5.565334071,-5.076077154,True,
same_law,recall,3,query,242,5.600071055,5.486446668,True,
same_law,recall,3,query,243,-6.436336646,6.087155608,True,
same_law,recall,3,query,244,-8.851537189,0.6655852363,True,
same_law,recall,3,query,245,6.742141254,6.023385657,True,
same_law,recall,3,query,246,-5.943102983,-5.20288867,True,
same_law,recall,3,query,247,-8.308673056,0.9355471255,True,
same_law,recall,3,query,248,-7.488260334,5.321246881,True,
same_law,recall,3,query,249,3.666042254,4.161793419,True,
same_law,recall,3,query,250,9.36386223,0.895184982,True,
same_law,recall,3,query,251,4.937374016,4.154350793,True,
same_law,recall,3,query,252,-2.964528838,7.456504492,True,
same_law,recall,3,query,253,2.420415012,8.434884271,False,
same_law,recall,3,query,254,-8.559572286,0.4650802095,True,
same_law,recall,3,query,255,4.095895896,5.359530887,True,
same_law,recall,3,query,256,5.756331723,5.570753598,True,
same_law,recall,3,query,257,6.447660371,6.001499476,True,
same_law,recall,3,query,258,-7.331673982,-0.6883722822,True,
same_law,recall,3,query,259,0.8978154084,-6.371063052,True,
same_law,recall,3,query,260,-0.9701495197,7.112304344,True,
same_law,recall,3,query,261,9.335784336,-0.1913439867,True,
same_law,recall,3,query,262,-4.253032857,-6.099389961,True,
same_law,recall,3,query,263,1.455045576,8.131485817,True,
same_law,recall,3,query,264,0.2582288233,-6.435281978,True,
same_law,recall,3,query,265,-8.361770477,-0.9411220959,True,
same_law,recall,3,query,266,-8.448564208,0.4523339506,True,
same_law,recall,3,query,267,-7.222613322,-5.019383347,True,
same_law,recall,3,query,268,-0.5387713176,9.147812661,True,
same_law,recall,3,query,269,-2.394260305,-8.786565775,True,
same_law,recall,3,query,270,-1.686468151,-8.826229466,True,
same_law,recall,3,query,271,-5.409188348,-5.836080875,True,
same_law,recall,3,query,272,-0.2533775689,-8.159184871,True,
same_law,recall,3,query,273,-5.453466009,4.648318208,True,
same_law,recall,3,query,274,-4.950004609,6.31952022,True,
same_law,recall,3,query,275,8.385037938,0.5565334428,True,
same_law,recall,3,query,276,-7.703581999,2.035073303,True,
same_law,recall,3,query,277,-5.743948421,-5.963937468,True,
same_law,recall,3,query,278,-6.41038183,-6.68911692,True,
same_law,recall,3,query,279,-9.244471788,-0.8887973132,True,
same_law,recall,3,query,280,-5.727534631,5.991149378,True,
same_law,recall,3,query,281,-5.605712191,4.891318972,True,
same_law,recall,3,query,282,-4.756669685,6.396266922,True,
same_law,recall,3,query,283,5.497205942,5.003938105,True,
same_law,recall,3,query,284,-5.108426329,-5.468880662,True,
same_law,recall,3,query,285,4.20872699,5.588873994,True,
same_law,recall,3,query,286,-7.737964188,-0.8996947865,True,
same_law,recall,3,query,287,5.846697642,4.202031764,True,
same_law,recall,3,query,288,6.99304035,6.904804235,True,
same_law,recall,3,query,289,-5.909371584,6.020308587,True,
same_law,recall,3,query,290,5.590078034,-1.15634766,True,
same_law,recall,3,query,291,5.363075329,-6.728987271,True,
same_law,recall,3,query,292,0.7143964826,-6.002703469,True,
same_law,recall,3,query,293,-1.176614719,7.162536596,True,
same_law,recall,3,query,294,-5.421405881,7.267970398,True,
same_law,recall,3,query,295,-1.222374313,8.249036122,True,
same_law,recall,3,query,296,-3.835555399,-7.308613398,True,
same_law,recall,3,query,297,6.718930793,-0.4236066065,True,
same_law,recall,3,query,298,-0.5205884129,8.812601288,True,
same_law,recall,3,query,299,-7.75834028,-1.77496206,True,
same_law,recall,3,query,300,-5.141443847,5.079315362,True,
same_law,recall,3,query,301,-6.725552783,-0.6275875364,True,
same_law,recall,3,query,302,-0.6366152831,8.541131611,True,
same_law,recall,3,query,303,-7.237073518,0.4480993639,True,
same_law,recall,3,query,304,6.314402683,0.5380344399,True,
same_law,recall,3,query,305,4.622546198,-5.421578138,True,
same_law,recall,3,query,306,-1.423734435,-7.553677852,True,
same_law,recall,3,query,307,-0.8065989043,-9.28263465,True,
same_law,recall,3,query,308,8.713820136,0.2416445217,True,
same_law,recall,3,query,309,-6.270831051,-4.2056754,True,
same_law,recall,3,query,310,-0.4406524216,8.032107674,True,
same_law,recall,3,query,311,5.925767697,5.037188315,True,
same_law,recall,3,query,312,6.127990543,-6.190306597,True,
same_law,recall,3,query,313,7.588361678,1.36264264,True,
same_law,recall,3,query,314,-1.040586053,5.587219669,True,
same_law,recall,3,query,315,-6.389063005,2.549327953,True,
same_law,recall,3,query,316,-0.4052692654,-9.936838041,True,
same_law,recall,3,query,317,-0.3104839762,-8.28622295,True,
same_law,recall,3,query,318,-0.189923841,-9.113388042,True,
same_law,recall,3,query,319,-7.420438858,0.5245073753,True,
same_law,recall,3,query,320,-7.151259869,6.356050981,True,
same_law,recall,3,query,321,7.709539231,-5.484893917,True,
same_law,recall,3,query,322,-5.994179412,-5.798857464,True,
same_law,recall,3,query,323,0.615256767,6.269328394,True,
same_law,recall,3,query,324,-5.492463547,-6.047318199,True,
same_law,recall,3,query,325,-3.809029237,-5.831026983,True,
same_law,recall,3,query,326,1.667887611,6.896259302,True,
same_law,recall,3,query,327,6.244113416,5.976254513,True,
same_law,recall,3,query,328,-0.8690472479,8.177396115,True,
same_law,recall,3,query,329,-4.444335413,5.333062545,True,
same_law,recall,3,query,330,6.308037351,-0.01756282648,True,
same_law,recall,3,query,331,-6.559277344,-5.999195188,True,
same_law,recall,3,query,332,-8.08158777,-1.705652216,True,
same_law,recall,3,query,333,6.384341661,0.4820668355,True,
same_law,recall,3,query,334,-8.522718696,-2.564744342,True,
same_law,recall,3,query,335,6.441698286,-5.384484494,True,
same_law,recall,3,query,336,-6.370729074,-6.973684461,True,
same_law,recall,3,query,337,-7.164192104,0.3493506226,True,
same_law,recall,3,query,338,8.039456532,6.077042848,True,
same_law,recall,3,query,339,6.044557391,-5.82378218,True,
same_law,recall,3,query,340,-4.840078382,6.281939451,True,
same_law,recall,3,query,341,1.251725009,7.478677081,True,
same_law,recall,3,query,342,-6.092261722,-6.13595742,True,
same_law,recall,3,query,343,6.447655971,-4.158479809,True,
same_law,recall,3,query,344,-0.4588404931,7.575226272,True,
same_law,recall,3,query,345,-7.685922776,-0.2457615,True,
same_law,recall,3,query,346,0.9520536531,-10.25177729,True,
same_law,recall,3,query,347,4.830149203,-6.439270583,True,
same_law,recall,3,query,348,3.336498237,-6.620492694,True,
same_law,recall,3,query,349,-6.572010365,-5.857958904,True,
same_law,recall,3,query,350,1.112965892,7.754939349,True,
same_law,recall,3,query,351,-1.03081372,7.943045459,True,
same_law,recall,3,query,352,-6.950826379,-0.9759588161,True,
same_law,recall,3,query,353,-0.9105748839,8.558548959,True,
same_law,recall,3,query,354,-8.221536116,0.6474846907,True,
same_law,recall,3,query,355,5.643207458,6.358517898,True,
same_law,recall,3,query,356,6.964921886,-0.01208465079,True,
same_law,recall,3,query,357,5.446164235,4.440963325,True,
same_law,recall,3,query,358,-1.563477948,-7.314250965,True,
same_law,recall,3,query,359,7.649047618,-1.022280282,True,
same_law,recall,3,query,360,5.560675313,6.784873107,True,
same_law,recall,3,query,361,-7.937592095,-7.153492939,True,
same_law,recall,3,query,362,4.733967808,7.118033116,True,
same_law,recall,3,query,363,8.282586983,0.7673172405,True,
same_law,recall,3,query,364,-1.140160919,-9.119535875,True,
same_law,recall,3,query,365,-5.209040533,5.71512858,True,
same_law,recall,3,query,366,0.5487388189,7.812329009,True,
same_law,recall,3,query,367,-7.721856274,0.1581190849,True,
same_law,recall,3,query,368,-7.222232611,0.8070082819,True,
same_law,recall,3,query,369,-7.276726244,-7.904122805,True,
same_law,recall,3,query,370,6.658599647,-4.469129156,True,
same_law,recall,3,query,371,6.97937698,-1.859835407,False,
same_law,recall,3,query,372,-5.557819428,-4.726016023,True,
same_law,recall,3,query,373,-3.859259727,-5.140556677,True,
same_law,recall,3,query,374,-0.3717166966,-8.893130622,True,
same_law,recall,3,query,375,5.668305541,-5.956118953,True,
same_law,recall,3,query,376,-6.671922155,7.7056099,True,
same_law,recall,3,query,377,-3.871685847,6.792902933,True,
same_law,recall,3,query,378,4.736003852,-4.801834925,True,
same_law,recall,3,query,379,0.6396264095,-7.557454376,True,
same_law,recall,3,query,380,6.906519517,-5.021483107,True,
same_law,recall,3,query,381,-7.259985764,0.6369062834,True,
same_law,recall,3,query,382,-5.316062841,3.87324312,True,
same_law,recall,3,query,383,5.740475327,5.100662291,True,
same_law,recall,3,query,384,-1.279840958,-6.318183381,True,
same_law,recall,3,query,385,1.728995341,9.3592206,True,
same_law,recall,3,query,386,5.912067666,7.00747937,True,
same_law,recall,3,query,387,-7.987946819,0.2027972769,True,
same_law,recall,3,query,388,-1.09347137,-7.603008696,True,
same_law,recall,3,query,389,0.06038592842,-9.302652117,True,
same_law,recall,3,query,390,-0.05119711182,7.920270436,True,
same_law,recall,3,query,391,7.454415416,-4.762640921,True,
same_law,recall,3,query,392,8.011445439,0.2487873098,True,
same_law,recall,3,query,393,0.0442123781,-8.202913985,True,
same_law,recall,3,query,394,-1.082427197,-8.151051878,True,
same_law,recall,3,query,395,-6.402952506,4.406538711,True,
same_law,recall,3,query,396,0.5112218145,8.39126466,True,
same_law,recall,3,query,397,-1.786707511,-8.122684637,True,
same_law,recall,3,query,398,6.652555635,6.716077988,True,
same_law,recall,3,query,399,1.025836843,8.038913207,True,
same_law,recall,3,query,400,-6.501899577,4.573155422,True,
same_law,recall,3,query,401,0.3446049048,8.379280034,True,
same_law,recall,3,query,402,-4.369523138,6.7568339,True,
same_law,recall,3,query,403,5.524625593,4.412648371,True,
same_law,recall,3,query,404,-5.975960847,-5.439623055,True,
same_law,recall,3,query,405,-8.202083245,-0.5778941081,True,
same_law,recall,3,query,406,-7.747115185,-0.5039577414,True,
same_law,recall,3,query,407,5.028788166,-5.345401415,True,
same_law,recall,3,query,408,5.254861669,5.900958638,True,
same_law,recall,3,query,409,-5.383650227,4.517425248,True,
same_law,recall,3,query,410,5.175613126,7.094631189,True,
same_law,recall,3,query,411,4.494774737,-7.773508698,True,
same_law,recall,3,query,412,3.795009096,5.685964196,True,
same_law,recall,3,query,413,8.030917278,-0.1176108554,True,
same_law,recall,3,query,414,1.214189829,-10.67283443,True,
same_law,recall,3,query,415,-7.604066126,1.561438202,True,
same_law,recall,3,query,416,-6.784635014,5.277047738,True,
same_law,recall,3,query,417,-0.7528919172,-8.894346046,False,
same_law,recall,3,query,418,5.330592244,-4.229368966,True,
same_law,recall,3,query,419,-6.162613325,-0.335939225,True,
same_law,recall,3,query,420,7.561914464,5.692430726,True,
same_law,recall,3,query,421,1.753691027,7.90670135,True,
same_law,recall,3,query,422,5.787912076,-5.291379777,False,
same_law,recall,3,query,423,-2.47800057,6.508139824,True,
same_law,recall,3,query,424,4.94958972,-4.687856379,True,
same_law,recall,3,query,425,-6.018686787,-6.146604432,True,
same_law,recall,3,query,426,-4.74825289,5.687939837,False,
same_law,recall,3,query,427,0.2785759145,8.013985222,True,
same_law,recall,3,query,428,-5.320271123,6.081820147,True,
same_law,recall,3,query,429,3.719887317,-4.990281581,False,
same_law,recall,3,query,430,4.67483483,-7.099153385,True,
same_law,recall,3,query,431,-0.05841124386,8.083981003,True,
same_law,recall,3,query,432,-6.350360414,-4.825822392,True,
same_law,recall,3,query,433,-6.999029416,-6.063797998,True,
same_law,recall,3,query,434,-6.241728384,5.610266979,True,
same_law,recall,3,query,435,5.935718534,4.6489613,True,
same_law,recall,3,query,436,0.7242826775,8.063002368,True,
same_law,recall,3,query,437,3.764907996,-7.61544569,True,
same_law,recall,3,query,438,-0.01231929293,7.779032682,True,
same_law,recall,3,query,439,5.553434136,5.628871793,True,
same_law,recall,3,query,440,5.882414089,-4.70920464,True,
same_law,recall,3,query,441,-6.76795915,4.484882657,True,
same_law,recall,3,query,442,-1.093323858,8.288916667,True,
same_law,recall,3,query,443,1.244947379,-8.431339438,True,
same_law,recall,3,query,444,3.155154405,-7.360847112,True,
same_law,recall,3,query,445,-0.8330367228,7.442271113,True,
same_law,recall,3,query,446,-6.065242877,-5.618273127,True,
same_law,recall,3,query,447,7.688253669,1.049339611,True,
same_law,recall,3,query,448,-6.332871555,-6.519172209,True,
same_law,recall,3,query,449,6.135729788,-7.192496319,True,
same_law,recall,3,query,450,0.3896917053,8.102553184,True,
same_law,recall,3,query,451,-5.804296739,7.245130357,True,
same_law,recall,3,query,452,7.377792555,2.060298171,True,
same_law,recall,3,query,453,5.4314228,4.379837805,True,
same_law,recall,3,query,454,-7.930080419,-1.0762452,True,
same_law,recall,3,query,455,-0.7517558478,8.3970333,True,
same_law,recall,3,query,456,0.5555820887,7.3778323,True,
same_law,recall,3,query,457,0.987405145,-6.842492242,True,
same_law,recall,3,query,458,-6.563698243,0.5294134071,True,
same_law,recall,3,query,459,1.363428712,6.119201572,True,
same_law,recall,3,query,460,-0.3179065486,7.132994744,True,
same_law,recall,3,query,461,-5.537628388,5.08540503,True,
same_law,recall,3,query,462,-8.166157842,1.88217488,True,
same_law,recall,3,query,463,7.830280204,0.4137923172,True,
same_law,recall,3,query,464,-5.889123579,-5.581140962,True,
same_law,recall,3,query,465,-5.650837569,-5.208530184,True,
same_law,recall,3,query,466,9.165307536,1.647393998,False,
same_law,recall,3,query,467,5.966474331,6.246401136,True,
same_law,recall,3,query,468,-6.807718759,-5.744730992,True,
same_law,recall,3,query,469,6.597143714,-4.790885611,True,
same_law,recall,3,query,470,5.868463982,6.543248209,True,
same_law,recall,3,query,471,-5.16608754,-4.456547991,True,
same_law,recall,3,query,472,0.289359157,7.644301684,True,
same_law,recall,3,query,473,8.335841257,-2.930594376,True,
same_law,recall,3,query,474,-5.273968513,2.008441424,False,
same_law,recall,3,query,475,-1.723463407,-7.548231399,True,
same_law,recall,3,query,476,-5.179324912,4.494425469,True,
same_law,recall,3,query,477,7.287897958,1.370540989,True,
same_law,recall,3,query,478,5.172824118,-3.413933937,True,
same_law,recall,3,query,479,-0.001919853176,-7.591963823,True,
mode_drop,precision,3,center,0,-7.69528292,-1.039984106,,0.2375810017
mode_drop,precision,3,center,1,0.7504511958,-7.059435284,,0.5102010873
mode_drop,precision,3,center,2,-7.607889438,4.354674743,,1.12736302
mode_drop,precision,3,center,3,5.784694653,-5.973096842,,0.2608564746
mode_drop,precision,3,center,4,-8.016801158,-0.8530439276,,0.3317180659
mode_drop,precision,3,center,5,6.536252224,-4.879062314,,0.427801456
mode_drop,precision,3,center,6,-7.933969302,1.127241207,,0.420891344
mode_drop,precision,3,center,7,0.4675093423,-8.859292463,,0.4324039847
mode_drop,precision,3,center,8,6.025605034,-6.61573685,,0.5828183651
mode_drop,precision,3,center,9,0.8784503013,-8.049925911,,0.4934720079
mode_drop,precision,3,center,10,-5.841716613,-6.337783794,,0.3482353346
mode_drop,precision,3,center,11,6.879395588,-5.811383732,,0.6008980258
mode_drop,precision,3,center,12,5.228526427,-6.0089878,,0.2898103866
mode_drop,precision,3,center,13,8.532309186,0.3654440644,,0.473141869
mode_drop,precision,3,center,14,-7.587267388,0.430821003,,0.341119457
mode_drop,precision,3,center,15,-3.515206649,-6.063269266,,0.9750051203
mode_drop,precision,3,center,16,5.14461152,4.843081521,,0.5026261863
mode_drop,precision,3,center,17,6.272833672,-4.527881957,,0.4175499081
mode_drop,precision,3,center,18,-0.1139474577,-8.840156477,,0.2835981293
mode_drop,precision,3,center,19,-8.824481216,0.6505927878,,0.3234063353
mode_drop,precision,3,center,20,-4.913600078,6.200008518,,0.2512857125
mode_drop,precision,3,center,21,-0.6655097073,-7.767838677,,0.4586067029
mode_drop,precision,3,center,22,0.1166858091,-7.781311403,,0.3413758522
mode_drop,precision,3,center,23,-4.785425472,5.880449798,,0.4051924008
mode_drop,precision,3,center,24,6.335767813,5.724433319,,0.2988069609
mode_drop,precision,3,center,25,-5.367734851,6.288142475,,0.4189070519
mode_drop,precision,3,center,26,-7.114010069,-5.976525466,,0.4958712442
mode_drop,precision,3,center,27,5.186481595,-6.295732098,,0.4678625781
mode_drop,precision,3,center,28,7.724857749,1.494941311,,0.4471025993
mode_drop,precision,3,center,29,4.791023134,6.625132604,,0.6069088757
mode_drop,precision,3,center,30,3.973984478,-5.991739279,,0.9202993597
mode_drop,precision,3,center,31,-5.494101184,-5.070631918,,0.3504570298
mode_drop,precision,3,center,32,-4.94562767,6.450201485,,0.1986271989
mode_drop,precision,3,center,33,-6.005579322,5.194502457,,0.5018106692
mode_drop,precision,3,center,34,-4.798878368,5.465549925,,0.4151179177
mode_drop,precision,3,center,35,-1.275686323,-9.133287214,,0.4922881914
mode_drop,precision,3,center,36,4.737401963,-5.159693505,,0.2859639971
mode_drop,precision,3,center,37,-5.514428513,6.347339604,,0.3289341487
mode_drop,precision,3,center,38,-6.084106896,-5.498314558,,0.1453777806
mode_drop,precision,3,center,39,-7.374409606,-0.3093465397,,0.4204556676
mode_drop,precision,3,center,40,6.113629487,4.994928308,,0.3259783786
mode_drop,precision,3,center,41,-6.019908096,-6.038592143,,0.2411113473
mode_drop,precision,3,center,42,-6.852693895,-5.169881769,,0.6088643371
mode_drop,precision,3,center,43,7.53059766,0.01249411873,,0.487831358
mode_drop,precision,3,center,44,6.137600908,-5.210323073,,0.358960261
mode_drop,precision,3,center,45,-4.991469141,-5.755339734,,0.4254509002
mode_drop,precision,3,center,46,-0.423298312,-8.079718211,,0.3789440854
mode_drop,precision,3,center,47,3.969519816,4.209741777,,0.9099312304
mode_drop,precision,3,center,48,4.334154637,4.659607422,,0.739364649
mode_drop,precision,3,center,49,0.3997742267,-8.905479055,,0.3928462211
mode_drop,precision,3,center,50,5.278691695,-4.357625952,,0.4662190964
mode_drop,precision,3,center,51,-8.356263971,0.7375155685,,0.2667787342
mode_drop,precision,3,center,52,4.723236569,5.451416692,,0.5802118709
mode_drop,precision,3,center,53,-0.9500220549,-8.339033076,,0.57178651
mode_drop,precision,3,center,54,-4.816546112,-7.384174673,,0.9126813238
mode_drop,precision,3,center,55,-5.222430606,-5.419118647,,0.4418686496
mode_drop,precision,3,center,56,-8.594149956,-1.446057854,,0.5745513268
mode_drop,precision,3,center,57,0.07212950771,7.470507291,,0.3198742206
mode_drop,precision,3,center,58,5.889530461,5.678706395,,0.2484970789
mode_drop,precision,3,center,59,7.258633141,-5.896209877,,0.6664956792
mode_drop,precision,3,center,60,-6.680351742,5.836129884,,0.4933604178
mode_drop,precision,3,center,61,5.876850933,-4.297666674,,0.458040834
mode_drop,precision,3,center,62,6.491965495,6.013725309,,0.2506685334
mode_drop,precision,3,center,63,-4.193551358,-6.845617304,,0.7485942127
mode_drop,precision,3,center,64,7.360248467,-0.9265759414,,0.3826281556
mode_drop,precision,3,center,65,7.610190197,-1.376686148,,0.5148495565
mode_drop,precision,3,center,66,6.292005196,5.434631552,,0.293087411
mode_drop,precision,3,center,67,-1.470806295,-9.015579081,,0.3466026245
mode_drop,precision,3,center,68,0.3135138475,8.838126568,,0.4598986792
mode_drop,precision,3,center,69,9.996730892,2.913862466,,2.08751559
mode_drop,precision,3,center,70,0.4144094333,7.01046188,,0.5734085172
mode_drop,precision,3,center,71,-10.13204628,0.2677114623,,1.362470003
mode_drop,precision,3,center,72,-0.8129410953,-8.41535726,,0.4827381907
mode_drop,precision,3,center,73,5.04475745,-5.797645136,,0.4525255805
mode_drop,precision,3,center,74,6.72283448,-5.499805682,,0.3487008194
mode_drop,precision,3,center,75,5.498219412,4.621200497,,0.2504350945
mode_drop,precision,3,center,76,-1.674682945,7.513692091,,0.8108510777
mode_drop,precision,3,center,77,5.603071699,-3.888924336,,0.4437862425
mode_drop,precision,3,center,78,-5.526579728,-4.674114738,,0.3978451075
mode_drop,precision,3,center,79,-6.156149848,4.471910483,,0.3602685291
mode_drop,precision,3,center,80,7.034883238,-0.7252260645,,0.3069766509
mode_drop,precision,3,center,81,2.128469732,-8.821386679,,0.9657891073
mode_drop,precision,3,center,82,-4.818365046,4.753927071,,0.6127645943
mode_drop,precision,3,center,83,-7.068426987,0.3849509661,,0.1800815715
mode_drop,precision,3,center,84,-8.156637898,-0.04076252614,,0.4305695283
mode_drop,precision,3,center,85,-0.6547876954,8.446072201,,0.2794245996
mode_drop,precision,3,center,86,-6.11183773,-6.882460013,,0.4252457886
mode_drop,precision,3,center,87,6.722062426,0.1725879177,,0.455602972
mode_drop,precision,3,center,88,9.579091256,0.1599916136,,0.4823400388
mode_drop,precision,3,center,89,-5.775492576,5.942680389,,0.1610079233
mode_drop,precision,3,center,90,-4.350852508,-5.437471748,,0.5483034757
mode_drop,precision,3,center,91,7.589072769,1.10628871,,0.4006688577
mode_drop,precision,3,center,92,8.428756438,1.535755992,,0.7050809907
mode_drop,precision,3,center,93,-7.816765563,-1.224469032,,0.3341974971
mode_drop,precision,3,center,94,-7.025013449,-4.005926317,,1.061784484
mode_drop,precision,3,center,95,9.723665721,-0.1795192133,,0.844218719
mode_drop,precision,3,center,96,-6.040041571,7.118298542,,0.6854902403
mode_drop,precision,3,center,97,-9.107045682,-0.894727019,,0.6055316025
mode_drop,precision,3,center,98,6.300181044,5.262249127,,0.3259783786
mode_drop,precision,3,center,99,-0.00512186672,7.836557101,,0.2530975008
mode_drop,precision,3,center,100,0.3375745488,9.407481861,,0.8024972897
mode_drop,precision,3,center,101,0.0905849069,8.643938793,,0.3668384085
mode_drop,precision,3,center,102,5.949827899,-0.04871840193,,0.6859556672
mode_drop,precision,3,center,103,-0.8432302703,6.78118694,,0.5760883615
mode_drop,precision,3,center,104,-8.878152367,-0.3341234407,,0.6055316025
mode_drop,precision,3,center,105,0.9159025424,6.673607282,,0.6041244561
mode_drop,precision,3,center,106,5.687485742,-6.141023683,,0.2137315043
mode_drop,precision,3,center,107,-8.327673094,1.002757825,,0.3707884281
mode_drop,precision,3,center,108,-7.461884563,1.337398107,,0.3974172431
mode_drop,precision,3,center,109,-0.1545056792,7.304057388,,0.3689177073
mode_drop,precision,3,center,110,-0.2238588169,-7.757503209,,0.3789440854
mode_drop,precision,3,center,111,8.176573358,-1.084388072,,0.5311692618
mode_drop,precision,3,center,112,-5.566364468,5.88508258,,0.231178537
mode_drop,precision,3,center,113,2.517474038,9.876844611,,1.965429834
mode_drop,precision,3,center,114,-8.853243351,-0.2873833615,,0.6582415527
mode_drop,precision,3,center,115,-1.463442002,-8.590707014,,0.5688106315
mode_drop,precision,3,center,116,-7.684394996,1.205853621,,0.3645450887
mode_drop,precision,3,center,117,-0.7290838377,7.34585356,,0.3544619958
mode_drop,precision,3,center,118,-7.804143279,-5.81952017,,0.8413560426
mode_drop,precision,3,center,119,-6.719268661,5.127414822,,0.5953593882
mode_drop,precision,3,center,120,-0.8768607782,7.905737446,,0.4400938316
mode_drop,precision,3,center,121,6.242271609,-1.467045245,,1.085600705
mode_drop,precision,3,center,122,2.129247112,-9.287422581,,1.152382331
mode_drop,precision,3,center,123,-9.096785578,1.836913528,,1.196727513
mode_drop,precision,3,center,124,8.561921419,4.485287621,,2.127922752
mode_drop,precision,3,center,125,7.631751043,0.3415555509,,0.2372213354
mode_drop,precision,3,center,126,1.728697644,-8.986857078,,0.7323894518
mode_drop,precision,3,center,127,-0.2452778459,-7.222662424,,0.5352695021
mode_drop,precision,3,center,128,8.434766074,-0.3761560712,,0.4011949809
mode_drop,precision,3,center,129,-8.133822965,-1.374895808,,0.3615289899
mode_drop,precision,3,center,130,-0.238173744,7.73361251,,0.264199626
mode_drop,precision,3,center,131,5.889024139,-6.212181468,,0.2608564746
mode_drop,precision,3,center,132,-5.185315727,-4.644138432,,0.3813960509
mode_drop,precision,3,center,133,5.812283577,6.008610658,,0.2834062454
mode_drop,precision,3,center,134,-5.603698902,5.656938643,,0.3394555998
mode_drop,precision,3,center,135,4.935296216,-5.340359988,,0.2679599093
mode_drop,precision,3,center,136,5.559567651,-3.563685941,,0.6923215407
mode_drop,precision,3,center,137,-4.083499347,-5.271007697,,0.5275476902
mode_drop,precision,3,center,138,4.89379704,-6.769265721,,0.47100368
mode_drop,precision,3,center,139,6.847997203,5.919603475,,0.4086276221
mode_drop,precision,3,center,140,6.136997653,3.912268263,,0.7908095803
mode_drop,precision,3,center,141,-7.072561518,0.4544203382,,0.1646333885
mode_drop,precision,3,center,142,4.546423565,5.185329442,,0.5262007049
mode_drop,precision,3,center,143,-7.736282796,0.05246679836,,0.3024504084
mode_drop,precision,3,center,144,5.364683064,-5.760342518,,0.3206686623
mode_drop,precision,3,center,145,-5.908831628,-5.504291737,,0.09321142924
mode_drop,precision,3,center,146,-6.528508027,-2.566658441,,1.645806212
mode_drop,precision,3,center,147,-5.893704514,5.833366671,,0.2291458327
mode_drop,precision,3,center,148,5.952848239,5.284939668,,0.3248228383
mode_drop,precision,3,center,149,-1.756721782,-7.672004516,,0.4066088824
mode_drop,precision,3,center,150,9.727350214,-1.533861405,,1.354347203
mode_drop,precision,3,center,151,0.8638280137,-8.328525223,,0.4940388929
mode_drop,precision,3,center,152,-0.06132434583,6.947101489,,0.4799345452
mode_drop,precision,3,center,153,-5.991310422,-4.356809655,,0.5627229637
mode_drop,precision,3,center,154,-7.417344758,1.732311605,,0.4166490173
mode_drop,precision,3,center,155,1.177411889,8.439086679,,0.5888679742
mode_drop,precision,3,center,156,7.400788776,-5.217861091,,0.5318518714
mode_drop,precision,3,center,157,8.827988177,-0.2965709535,,0.4928290507
mode_drop,precision,3,center,158,0.06654581586,-8.697423823,,0.3928462211
mode_drop,precision,3,center,159,8.989583935,-1.178303623,,0.8184169644
mode_drop,precision,3,center,160,0.7823503424,7.809348942,,0.2602151305
mode_drop,precision,3,center,161,-4.485607156,-4.905985261,,0.5483034757
mode_drop,precision,3,center,162,-3.836208092,6.387628941,,0.9205021239
mode_drop,precision,3,center,163,-7.228894505,5.589901077,,0.6012718093
mode_drop,precision,3,center,164,6.827992807,-0.5182798424,,0.292626706
mode_drop,precision,3,center,165,9.511228433,0.6375338109,,0.8089520735
mode_drop,precision,3,center,166,-6.355784678,4.643136883,,0.2630067402
mode_drop,precision,3,center,167,-5.624072157,4.4402941,,0.4480293702
mode_drop,precision,3,center,168,4.985713972,5.968863721,,0.5802118709
mode_drop,precision,3,center,169,1.155312036,-7.391238528,,0.5234555309
mode_drop,precision,3,center,170,5.708710491,0.304366729,,0.6803170754
mode_drop,precision,3,center,171,-7.927966427,0.4138902854,,0.3284818142
mode_drop,precision,3,center,172,-4.040644568,-7.720092526,,0.8877428689
mode_drop,precision,3,center,173,-6.247957675,6.247760572,,0.5302794497
mode_drop,precision,3,center,174,6.418405601,1.475949048,,0.9944657884
mode_drop,precision,3,center,175,0.3683566127,8.846583986,,0.4679071774
mode_drop,precision,3,center,176,-0.5709436615,-7.18623631,,0.6683819476
mode_drop,precision,3,center,177,-4.588382694,-5.423976229,,0.5219787261
mode_drop,precision,3,center,178,5.891255142,5.927197489,,0.2484970789
mode_drop,precision,3,center,179,-6.520199514,5.509325569,,0.3639365282
mode_drop,precision,3,center,180,7.847477468,0.3833938644,,0.2121424527
mode_drop,precision,3,center,181,0.9998242469,-9.058536082,,0.6733951141
mode_drop,precision,3,center,182,-5.78186328,-4.175398702,,0.5602565279
mode_drop,precision,3,center,183,7.256411771,-0.8222500173,,0.4406529413
mode_drop,precision,3,center,184,8.202306192,0.8443851905,,0.5534042919
mode_drop,precision,3,center,185,5.668280305,-4.327893659,,0.3907215043
mode_drop,precision,3,center,186,0.8567939826,-7.158179933,,0.3787206581
mode_drop,precision,3,center,187,6.210970751,-3.329201149,,0.8263360717
mode_drop,precision,3,center,188,5.451692561,-7.660376542,,0.9355955254
mode_drop,precision,3,center,189,-4.052599888,5.199154819,,0.8502022661
mode_drop,precision,3,center,190,5.764734694,6.966404934,,0.2542842729
mode_drop,precision,3,center,191,4.054594708,-6.908501464,,0.7736999377
mode_drop,precision,3,center,192,-7.258132187,-6.45099054,,0.8321761413
mode_drop,precision,3,center,193,6.096490856,6.181042092,,0.3264334247
mode_drop,precision,3,center,194,8.276274179,-1.412765884,,0.6670604314
mode_drop,precision,3,center,195,-7.966957686,5.711207835,,1.039800756
mode_drop,precision,3,center,196,-8.471776034,0.4593857717,,0.3011631127
mode_drop,precision,3,center,197,0.7019536262,-7.861758568,,0.403738863
mode_drop,precision,3,center,198,6.416987335,-5.427642875,,0.3539557481
mode_drop,precision,3,center,199,6.186918955,4.952180987,,0.3301068801
mode_drop,precision,3,center,200,5.477242836,-5.460078153,,0.3535173527
mode_drop,precision,3,center,201,0.8205284754,7.606258828,,0.3280633167
mode_drop,precision,3,center,202,8.521167256,-0.2658387919,,0.3083561956
mode_drop,precision,3,center,203,-5.774396417,6.486373292,,0.4852160387
mode_drop,precision,3,center,204,-1.993060371,-9.296472328,,0.6488189884
mode_drop,precision,3,center,205,4.174668852,3.32323813,,1.12803698
mode_drop,precision,3,center,206,4.978589809,6.406288149,,0.5759201812
mode_drop,precision,3,center,207,5.371970183,-5.459064168,,0.3615150319
mode_drop,precision,3,center,208,9.089217497,1.327686132,,0.6924607397
mode_drop,precision,3,center,209,5.587716315,7.010440139,,0.3243648647
mode_drop,precision,3,center,210,8.092126658,-0.8373982238,,0.5004970979
mode_drop,precision,3,center,211,7.405599648,-1.480536513,,0.5558138573
mode_drop,precision,3,center,212,-8.888133854,-0.3580166881,,0.5796381353
mode_drop,precision,3,center,213,6.460439269,-3.936084418,,0.6208221859
mode_drop,precision,3,center,214,6.617818485,0.3928274683,,0.3363721355
mode_drop,precision,3,center,215,-9.040543939,0.4746970885,,0.4810677868
mode_drop,precision,3,center,216,-5.7879409,3.825948424,,0.7435353465
mode_drop,precision,3,center,217,-4.728557258,-6.261854962,,0.5706840934
mode_drop,precision,3,center,218,-0.5339002384,-9.069752411,,0.3459529015
mode_drop,precision,3,center,219,5.002570973,-5.228963809,,0.2740674706
mode_drop,precision,3,center,220,-8.189244341,0.3286620023,,0.2873004425
mode_drop,precision,3,center,221,6.018776103,6.977515905,,0.4323153323
mode_drop,precision,3,center,222,5.314068099,-7.133712066,,0.5562813148
mode_drop,precision,3,center,223,1.067222417,7.668511828,,0.2647233224
mode_drop,precision,3,center,224,1.114592445,-7.616622887,,0.479960724
mode_drop,precision,3,center,225,7.86886247,0.348775894,,0.1741482705
mode_drop,precision,3,center,226,-3.705841689,7.733834779,,1.181102782
mode_drop,precision,3,center,227,5.726235385,5.817044843,,0.2140159061
mode_drop,precision,3,center,228,-4.580614092,-6.502515282,,0.519441517
mode_drop,precision,3,center,229,0.3330703726,-8.025862848,,0.403738863
mode_drop,precision,3,center,230,0.3139082115,-8.833368806,,0.2822573171
mode_drop,precision,3,center,231,-7.246421743,-7.729837685,,1.156981137
mode_drop,precision,3,center,232,6.882615887,-0.4586752849,,0.3069766509
mode_drop,precision,3,center,233,-0.2931915866,-6.062768838,,1.019172983
mode_drop,precision,3,center,234,9.10599337,-0.9620911163,,0.8042729798
mode_drop,precision,3,center,235,8.347708452,-0.4070782364,,0.4291247054
mode_drop,precision,3,center,236,-5.941218088,-5.4715286,,0.1213618868
mode_drop,precision,3,center,237,6.276025366,5.317595766,,0.3248228383
mode_drop,precision,3,center,238,1.063851533,6.858061774,,0.6484287184
mode_drop,precision,3,center,239,-5.650515187,8.254527976,,1.159561662
mode_drop,precision,3,center,240,8.223079743,1.433214507,,0.5891956415
mode_drop,precision,3,center,241,-5.565334071,-5.076077154,,0.3501417789
mode_drop,precision,3,center,242,5.600071055,5.486446668,,0.3474917986
mode_drop,precision,3,center,243,-6.436336646,6.087155608,,0.5150680929
mode_drop,precision,3,center,244,-8.851537189,0.6655852363,,0.3541832442
mode_drop,precision,3,center,245,6.742141254,6.023385657,,0.2952930667
mode_drop,precision,3,center,246,-5.943102983,-5.20288867,,0.2923198572
mode_drop,precision,3,center,247,-8.308673056,0.9355471255,,0.3009531734
mode_drop,precision,3,center,248,-7.488260334,5.321246881,,0.7050121661
mode_drop,precision,3,center,249,3.666042254,4.161793419,,0.9807527668
mode_drop,precision,3,center,250,9.36386223,0.895184982,,0.7660501438
mode_drop,precision,3,center,251,4.937374016,4.154350793,,0.64154661
mode_drop,precision,3,center,252,-2.964528838,7.456504492,,1.123966578
mode_drop,precision,3,center,253,2.420415012,8.434884271,,1.154321797
mode_drop,precision,3,center,254,-8.559572286,0.4650802095,,0.3234063353
mode_drop,precision,3,center,255,4.095895896,5.359530887,,0.48303346
mode_drop,precision,3,center,256,5.756331723,5.570753598,,0.2110572322
mode_drop,precision,3,center,257,6.447660371,6.001499476,,0.2952930667
mode_drop,precision,3,center,258,-7.331673982,-0.6883722822,,0.4579617149
mode_drop,precision,3,center,259,0.8978154084,-6.371063052,,0.6428025127
mode_drop,precision,3,center,260,-0.9701495197,7.112304344,,0.354608561
mode_drop,precision,3,center,261,9.335784336,-0.1913439867,,0.5185842788
mode_drop,precision,3,center,262,-4.253032857,-6.099389961,,0.519441517
mode_drop,precision,3,center,263,1.455045576,8.131485817,,0.4390783813
mode_drop,precision,3,center,264,0.2582288233,-6.435281978,,0.6654551139
mode_drop,precision,3,center,265,-8.361770477,-0.9411220959,,0.4523434093
mode_drop,precision,3,center,266,-8.448564208,0.4523339506,,0.2873004425
mode_drop,precision,3,center,267,-7.222613322,-5.019383347,,0.893471308
mode_drop,precision,3,center,268,-0.5387713176,9.147812661,,0.6967564867
mode_drop,precision,3,center,269,-2.394260305,-8.786565775,,0.8999214198
mode_drop,precision,3,center,270,-1.686468151,-8.826229466,,0.5128607711
mode_drop,precision,3,center,271,-5.409188348,-5.836080875,,0.4254509002
mode_drop,precision,3,center,272,-0.2533775689,-8.159184871,,0.3007856578
mode_drop,precision,3,center,273,-5.453466009,4.648318208,,0.2867547236
mode_drop,precision,3,center,274,-4.950004609,6.31952022,,0.1307545432
mode_drop,precision,3,center,275,8.385037938,0.5565334428,,0.3409538379
mode_drop,precision,3,center,276,-7.703581999,2.035073303,,0.4871902482
mode_drop,precision,3,center,277,-5.743948421,-5.963937468,,0.2997781789
mode_drop,precision,3,center,278,-6.41038183,-6.68911692,,0.3556826273
mode_drop,precision,3,center,279,-9.244471788,-0.8887973132,,0.6647202591
mode_drop,precision,3,center,280,-5.727534631,5.991149378,,0.1929403723
mode_drop,precision,3,center,281,-5.605712191,4.891318972,,0.4348655339
mode_drop,precision,3,center,282,-4.756669685,6.396266922,,0.2080106938
mode_drop,precision,3,center,283,5.497205942,5.003938105,,0.3875534372
mode_drop,precision,3,center,284,-5.108426329,-5.468880662,,0.4746512287
mode_drop,precision,3,center,285,4.20872699,5.588873994,,0.5262007049
mode_drop,precision,3,center,286,-7.737964188,-0.8996947865,,0.282712501
mode_drop,precision,3,center,287,5.846697642,4.202031764,,0.4517390645
mode_drop,precision,3,center,288,6.99304035,6.904804235,,0.9769738012
mode_drop,precision,3,center,289,-5.909371584,6.020308587,,0.187597274
mode_drop,precision,3,center,290,5.590078034,-1.15634766,,1.345814996
mode_drop,precision,3,center,291,5.363075329,-6.728987271,,0.47100368
mode_drop,precision,3,center,292,0.7143964826,-6.002703469,,0.8830509116
mode_drop,precision,3,center,293,-1.176614719,7.162536596,,0.4836207185
mode_drop,precision,3,center,294,-5.421405881,7.267970398,,0.8576108413
mode_drop,precision,3,center,295,-1.222374313,8.249036122,,0.3610065743
mode_drop,precision,3,center,296,-3.835555399,-7.308613398,,0.9838964813
mode_drop,precision,3,center,297,6.718930793,-0.4236066065,,0.4368068735
mode_drop,precision,3,center,298,-0.5205884129,8.812601288,,0.3903242479
mode_drop,precision,3,center,299,-7.75834028,-1.77496206,,0.5535847608
mode_drop,precision,3,center,300,-5.141443847,5.079315362,,0.5008869516
mode_drop,precision,3,center,301,-6.725552783,-0.6275875364,,0.6340028167
mode_drop,precision,3,center,302,-0.6366152831,8.541131611,,0.2745127081
mode_drop,precision,3,center,303,-7.237073518,0.4480993639,,0.1800815715
mode_drop,precision,3,center,304,6.314402683,0.5380344399,,0.5474829922
mode_drop,precision,3,center,305,4.622546198,-5.421578138,,0.4133224281
mode_drop,precision,3,center,306,-1.423734435,-7.553677852,,0.3339269743
mode_drop,precision,3,center,307,-0.8065989043,-9.28263465,,0.3919853066
mode_drop,precision,3,center,308,8.713820136,0.2416445217,,0.5428208231
mode_drop,precision,3,center,309,-6.270831051,-4.2056754,,0.6252257276
mode_drop,precision,3,center,310,-0.4406524216,8.032107674,,0.4051950223
mode_drop,precision,3,center,311,5.925767697,5.037188315,,0.249226982
mode_drop,precision,3,center,312,6.127990543,-6.190306597,,0.4062414871
mode_drop,precision,3,center,313,7.588361678,1.36264264,,0.3005675145
mode_drop,precision,3,center,314,-1.040586053,5.587219669,,1.58117906
mode_drop,precision,3,center,315,-6.389063005,2.549327953,,1.411066126
mode_drop,precision,3,center,316,-0.4052692654,-9.936838041,,0.8511424982
mode_drop,precision,3,center,317,-0.3104839762,-8.28622295,,0.3643485795
mode_drop,precision,3,center,318,-0.189923841,-9.113388042,,0.3138086531
mode_drop,precision,3,center,319,-7.420438858,0.5245073753,,0.1986480105
mode_drop,precision,3,center,320,-7.151259869,6.356050981,,0.7700732517
mode_drop,precision,3,center,321,7.709539231,-5.484893917,,0.7659879578
mode_drop,precision,3,center,322,-5.994179412,-5.798857464,,0.2417378813
mode_drop,precision,3,center,323,0.615256767,6.269328394,,0.7630853965
mode_drop,precision,3,center,324,-5.492463547,-6.047318199,,0.4542553977
mode_drop,precision,3,center,325,-3.809029237,-5.831026983,,0.6236629239
mode_drop,precision,3,center,326,1.667887611,6.896259302,,0.7842547199
mode_drop,precision,3,center,327,6.244113416,5.976254513,,0.2524487532
mode_drop,precision,3,center,328,-0.8690472479,8.177396115,,0.2717710132
mode_drop,precision,3,center,329,-4.444335413,5.333062545,,0.4672298419
mode_drop,precision,3,center,330,6.308037351,-0.01756282648,,0.5054227407
mode_drop,precision,3,center,331,-6.559277344,-5.999195188,,0.4444720548
mode_drop,precision,3,center,332,-8.08158777,-1.705652216,,0.5492431685
mode_drop,precision,3,center,333,6.384341661,0.4820668355,,0.4580747927
mode_drop,precision,3,center,334,-8.522718696,-2.564744342,,1.12096471
mode_drop,precision,3,center,335,6.441698286,-5.384484494,,0.35043889
mode_drop,precision,3,center,336,-6.370729074,-6.973684461,,0.4560861525
mode_drop,precision,3,center,337,-7.164192104,0.3493506226,,0.1394123714
mode_drop,precision,3,center,338,8.039456532,6.077042848,,1.29842444
mode_drop,precision,3,center,339,6.044557391,-5.82378218,,0.3988464316
mode_drop,precision,3,center,340,-4.840078382,6.281939451,,0.141519544
mode_drop,precision,3,center,341,1.251725009,7.478677081,,0.4496749406
mode_drop,precision,3,center,342,-6.092261722,-6.13595742,,0.321724629
mode_drop,precision,3,center,343,6.447655971,-4.158479809,,0.4086817622
mode_drop,precision,3,center,344,-0.4588404931,7.575226272,,0.397114458
mode_drop,precision,3,center,345,-7.685922776,-0.2457615,,0.3179363339
mode_drop,precision,3,center,346,0.9520536531,-10.25177729,,1.302271065
mode_drop,precision,3,center,347,4.830149203,-6.439270583,,0.5863852718
mode_drop,precision,3,center,348,3.336498237,-6.620492694,,0.8953879401
mode_drop,precision,3,center,349,-6.572010365,-5.857958904,,0.4740411398
mode_drop,precision,3,center,350,1.112965892,7.754939349,,0.3091519577
mode_drop,precision,3,center,351,-1.03081372,7.943045459,,0.3514746223
mode_drop,precision,3,center,352,-6.950826379,-0.9759588161,,0.7472046441
mode_drop,precision,3,center,353,-0.9105748839,8.558548959,,0.2794245996
mode_drop,precision,3,center,354,-8.221536116,0.6474846907,,0.3009531734
mode_drop,precision,3,center,355,5.643207458,6.358517898,,0.3886152475
mode_drop,precision,3,center,356,6.964921886,-0.01208465079,,0.4794391909
mode_drop,precision,3,center,357,5.446164235,4.440963325,,0.187603783
mode_drop,precision,3,center,358,-1.563477948,-7.314250965,,0.4066088824
mode_drop,precision,3,center,359,7.649047618,-1.022280282,,0.4406529413
mode_drop,precision,3,center,360,5.560675313,6.784873107,,0.3913009793
mode_drop,precision,3,center,361,-7.937592095,-7.153492939,,1.000094429
mode_drop,precision,3,center,362,4.733967808,7.118033116,,0.7526093421
mode_drop,precision,3,center,363,8.282586983,0.7673172405,,0.473141869
mode_drop,precision,3,center,364,-1.140160919,-9.119535875,,0.3713015326
mode_drop,precision,3,center,365,-5.209040533,5.71512858,,0.3989251774
mode_drop,precision,3,center,366,0.5487388189,7.812329009,,0.3090485251
mode_drop,precision,3,center,367,-7.721856274,0.1581190849,,0.3041060738
mode_drop,precision,3,center,368,-7.222232611,0.8070082819,,0.3592156232
mode_drop,precision,3,center,369,-7.276726244,-7.904122805,,1.298671007
mode_drop,precision,3,center,370,6.658599647,-4.469129156,,0.3902144014
mode_drop,precision,3,center,371,6.97937698,-1.859835407,,0.8352295732
mode_drop,precision,3,center,372,-5.557819428,-4.726016023,,0.3504570298
mode_drop,precision,3,center,373,-3.859259727,-5.140556677,,0.6688309587
mode_drop,precision,3,center,374,-0.3717166966,-8.893130622,,0.2855905698
mode_drop,precision,3,center,375,5.668305541,-5.956118953,,0.3380602181
mode_drop,precision,3,center,376,-6.671922155,7.7056099,,1.159561662
mode_drop,precision,3,center,377,-3.871685847,6.792902933,,0.9554355146
mode_drop,precision,3,center,378,4.736003852,-4.801834925,,0.5034849683
mode_drop,precision,3,center,379,0.6396264095,-7.557454376,,0.4786372814
mode_drop,precision,3,center,380,6.906519517,-5.021483107,,0.5123794284
mode_drop,precision,3,center,381,-7.259985764,0.6369062834,,0.195904849
mode_drop,precision,3,center,382,-5.316062841,3.87324312,,0.6453034577
mode_drop,precision,3,center,383,5.740475327,5.100662291,,0.2811768229
mode_drop,precision,3,center,384,-1.279840958,-6.318183381,,1.120736929
mode_drop,precision,3,center,385,1.728995341,9.3592206,,1.154321797
mode_drop,precision,3,center,386,5.912067666,7.00747937,,0.3243648647
mode_drop,precision,3,center,387,-7.987946819,0.2027972769,,0.2698153432
mode_drop,precision,3,center,388,-1.09347137,-7.603008696,,0.548154452
mode_drop,precision,3,center,389,0.06038592842,-9.302652117,,0.5224278494
mode_drop,precision,3,center,390,-0.05119711182,7.920270436,,0.1638694404
mode_drop,precision,3,center,391,7.454415416,-4.762640921,,0.7659879578
mode_drop,precision,3,center,392,8.011445439,0.2487873098,,0.2450459039
mode_drop,precision,3,center,393,0.0442123781,-8.202913985,,0.3643485795
mode_drop,precision,3,center,394,-1.082427197,-8.151051878,,0.548154452
mode_drop,precision,3,center,395,-6.402952506,4.406538711,,0.2553135733
mode_drop,precision,3,center,396,0.5112218145,8.39126466,,0.3913451972
mode_drop,precision,3,center,397,-1.786707511,-8.122684637,,0.5779241644
mode_drop,precision,3,center,398,6.652555635,6.716077988,,0.6984613442
mode_drop,precision,3,center,399,1.025836843,8.038913207,,0.3346422379
mode_drop,precision,3,center,400,-6.501899577,4.573155422,,0.2803208474
mode_drop,precision,3,center,401,0.3446049048,8.379280034,,0.3668384085
mode_drop,precision,3,center,402,-4.369523138,6.7568339,,0.6486426136
mode_drop,precision,3,center,403,5.524625593,4.412648371,,0.2102172106
mode_drop,precision,3,center,404,-5.975960847,-5.439623055,,0.1230457663
mode_drop,precision,3,center,405,-8.202083245,-0.5778941081,,0.4609365708
mode_drop,precision,3,center,406,-7.747115185,-0.5039577414,,0.4204556676
mode_drop,precision,3,center,407,5.028788166,-5.345401415,,0.3455334233
mode_drop,precision,3,center,408,5.254861669,5.900958638,,0.4787846118
mode_drop,precision,3,center,409,-5.383650227,4.517425248,,0.2524914225
mode_drop,precision,3,center,410,5.175613126,7.094631189,,0.494189192
mode_drop,precision,3,center,411,4.494774737,-7.773508698,,0.9635821743
mode_drop,precision,3,center,412,3.795009096,5.685964196,,0.9029168627
mode_drop,precision,3,center,413,8.030917278,-0.1176108554,,0.4795200507
mode_drop,precision,3,center,414,1.214189829,-10.67283443,,1.660330037
mode_drop,precision,3,center,415,-7.604066126,1.561438202,,0.3645450887
mode_drop,precision,3,center,416,-6.784635014,5.277047738,,0.5433633285
mode_drop,precision,3,center,417,-0.7528919172,-8.894346046,,0.3919853066
mode_drop,precision,3,center,418,5.330592244,-4.229368966,,0.4360591691
mode_drop,precision,3,center,419,-6.162613325,-0.335939225,,1.015334869
mode_drop,precision,3,center,420,7.561914464,5.692430726,,0.884058415
mode_drop,precision,3,center,421,1.753691027,7.90670135,,0.6596776927
mode_drop,precision,3,center,422,5.787912076,-5.291379777,,0.4484704146
mode_drop,precision,3,center,423,-2.47800057,6.508139824,,1.363543379
mode_drop,precision,3,center,424,4.94958972,-4.687856379,,0.5173527979
mode_drop,precision,3,center,425,-6.018686787,-6.146604432,,0.2605148567
mode_drop,precision,3,center,426,-4.74825289,5.687939837,,0.4615890812
mode_drop,precision,3,center,427,0.2785759145,8.013985222,,0.3371249369
mode_drop,precision,3,center,428,-5.320271123,6.081820147,,0.3289341487
mode_drop,precision,3,center,429,3.719887317,-4.990281581,,1.033190636
mode_drop,precision,3,center,430,4.67483483,-7.099153385,,0.6488805461
mode_drop,precision,3,center,431,-0.05841124386,8.083981003,,0.3084119753
mode_drop,precision,3,center,432,-6.350360414,-4.825822392,,0.6088643371
mode_drop,precision,3,center,433,-6.999029416,-6.063797998,,0.4444720548
mode_drop,precision,3,center,434,-6.241728384,5.610266979,,0.478149054
mode_drop,precision,3,center,435,5.935718534,4.6489613,,0.3937560538
mode_drop,precision,3,center,436,0.7242826775,8.063002368,,0.306027416
mode_drop,precision,3,center,437,3.764907996,-7.61544569,,0.7639951115
mode_drop,precision,3,center,438,-0.01231929293,7.779032682,,0.2303762685
mode_drop,precision,3,center,439,5.553434136,5.628871793,,0.2554787041
mode_drop,precision,3,center,440,5.882414089,-4.70920464,,0.4373229257
mode_drop,precision,3,center,441,-6.76795915,4.484882657,,0.4415112635
mode_drop,precision,3,center,442,-1.093323858,8.288916667,,0.3257280467
mode_drop,precision,3,center,443,1.244947379,-8.431339438,,0.6733951141
mode_drop,precision,3,center,444,3.155154405,-7.360847112,,1.006781726
mode_drop,precision,3,center,445,-0.8330367228,7.442271113,,0.397114458
mode_drop,precision,3,center,446,-6.065242877,-5.618273127,,0.1921356406
mode_drop,precision,3,center,447,7.688253669,1.049339611,,0.4471025993
mode_drop,precision,3,center,448,-6.332871555,-6.519172209,,0.4524894096
mode_drop,precision,3,center,449,6.135729788,-7.192496319,,0.8287453353
mode_drop,precision,3,center,450,0.3896917053,8.102553184,,0.3132473207
mode_drop,precision,3,center,451,-5.804296739,7.245130357,,0.7593459773
mode_drop,precision,3,center,452,7.377792555,2.060298171,,0.7287404168
mode_drop,precision,3,center,453,5.4314228,4.379837805,,0.2504350945
mode_drop,precision,3,center,454,-7.930080419,-1.0762452,,0.2394562479
mode_drop,precision,3,center,455,-0.7517558478,8.3970333,,0.2265188611
mode_drop,precision,3,center,456,0.5555820887,7.3778323,,0.3935616139
mode_drop,precision,3,center,457,0.987405145,-6.842492242,,0.4798664415
mode_drop,precision,3,center,458,-6.563698243,0.5294134071,,0.6269094692
mode_drop,precision,3,center,459,1.363428712,6.119201572,,0.7972834403
mode_drop,precision,3,center,460,-0.3179065486,7.132994744,,0.4630071692
mode_drop,precision,3,center,461,-5.537628388,5.08540503,,0.4451159363
mode_drop,precision,3,center,462,-8.166157842,1.88217488,,0.7636622524
mode_drop,precision,3,center,463,7.830280204,0.4137923172,,0.2112628172
mode_drop,precision,3,center,464,-5.889123579,-5.581140962,,0.1660362277
mode_drop,precision,3,center,465,-5.650837569,-5.208530184,,0.2923198572
mode_drop,precision,3,center,466,9.165307536,1.647393998,,0.7779732449
mode_drop,precision,3,center,467,5.966474331,6.246401136,,0.3126087228
mode_drop,precision,3,center,468,-6.807718759,-5.744730992,,0.3720262385
mode_drop,precision,3,center,469,6.597143714,-4.790885611,,0.3858608453
mode_drop,precision,3,center,470,5.868463982,6.543248209,,0.3913009793
mode_drop,precision,3,center,471,-5.16608754,-4.456547991,,0.4754649222
mode_drop,precision,3,center,472,0.289359157,7.644301684,,0.3303972289
mode_drop,precision,3,center,473,8.335841257,-2.930594376,,1.722793446
mode_drop,precision,3,center,474,-5.273968513,2.008441424,,1.888782493
mode_drop,precision,3,center,475,-1.723463407,-7.548231399,,0.2997784524
mode_drop,precision,3,center,476,-5.179324912,4.494425469,,0.4445594523
mode_drop,precision,3,center,477,7.287897958,1.370540989,,0.4543229016
mode_drop,precision,3,center,478,5.172824118,-3.413933937,,0.8305570828
mode_drop,precision,3,center,479,-0.001919853176,-7.591963823,,0.44227439
mode_drop,precision,3,query,0,-5.655624096,-5.358108712,True,
mode_drop,precision,3,query,1,-5.930992105,-6.547446088,True,
mode_drop,precision,3,query,2,-0.4546707852,7.008353445,True,
mode_drop,precision,3,query,3,-5.596710647,6.997069495,True,
mode_drop,precision,3,query,4,-6.149060768,5.03637935,True,
mode_drop,precision,3,query,5,0.4898420502,-7.643112992,True,
mode_drop,precision,3,query,6,-5.55144,-6.587322294,False,
mode_drop,precision,3,query,7,-5.686106072,6.352157444,True,
mode_drop,precision,3,query,8,-1.344214547,7.542384239,True,
mode_drop,precision,3,query,9,3.75563151,-6.946391989,True,
mode_drop,precision,3,query,10,-7.498589287,5.421763118,True,
mode_drop,precision,3,query,11,-1.267446481,-7.728735641,True,
mode_drop,precision,3,query,12,5.813605336,-5.843785194,True,
mode_drop,precision,3,query,13,-8.17361396,-6.195547145,True,
mode_drop,precision,3,query,14,-0.0485009454,-7.886691014,True,
mode_drop,precision,3,query,15,-1.530135766,-8.477753276,True,
mode_drop,precision,3,query,16,-6.635373328,4.84801701,True,
mode_drop,precision,3,query,17,-4.595955626,4.849319574,True,
mode_drop,precision,3,query,18,-0.03252170495,8.884389867,True,
mode_drop,precision,3,query,19,-6.240454682,-5.768556199,True,
mode_drop,precision,3,query,20,5.767318393,5.720636024,True,
mode_drop,precision,3,query,21,-1.225055826,8.07614023,True,
mode_drop,precision,3,query,22,1.358823422,6.452855322,True,
mode_drop,precision,3,query,23,6.516236938,5.776208275,True,
mode_drop,precision,3,query,24,-6.298324644,-3.656437703,True,
mode_drop,precision,3,query,25,6.419113962,4.457565347,True,
mode_drop,precision,3,query,26,0.07451622877,8.576689584,True,
mode_drop,precision,3,query,27,-5.845636375,6.339764517,True,
mode_drop,precision,3,query,28,-0.06651732015,-7.332752439,True,
mode_drop,precision,3,query,29,-4.218331658,-6.3325165,True,
mode_drop,precision,3,query,30,5.85999286,-6.120161826,True,
mode_drop,precision,3,query,31,-5.529585838,4.469659722,True,
mode_drop,precision,3,query,32,-6.236155846,-5.853050222,True,
mode_drop,precision,3,query,33,-4.758090377,-4.511632242,True,
mode_drop,precision,3,query,34,-1.323527792,-8.794642366,True,
mode_drop,precision,3,query,35,0.6469034226,6.007580216,True,
mode_drop,precision,3,query,36,-6.120024114,-5.754141175,True,
mode_drop,precision,3,query,37,-4.399839272,6.34625815,True,
mode_drop,precision,3,query,38,5.329640829,-6.025430144,True,
mode_drop,precision,3,query,39,5.406658849,-4.133324849,True,
mode_drop,precision,3,query,40,-6.084879192,5.353173861,True,
mode_drop,precision,3,query,41,0.3525890673,-8.120770445,True,
mode_drop,precision,3,query,42,-0.197284228,6.885932857,True,
mode_drop,precision,3,query,43,-5.668375718,-6.100435472,True,
mode_drop,precision,3,query,44,1.166127776,-7.346911497,True,
mode_drop,precision,3,query,45,-5.680997863,6.325235273,True,
mode_drop,precision,3,query,46,5.316984698,6.708980608,True,
mode_drop,precision,3,query,47,-0.005399560672,8.583382354,True,
mode_drop,precision,3,query,48,-6.947747495,-5.310174201,True,
mode_drop,precision,3,query,49,-1.688204117,-10.03532894,False,
mode_drop,precision,3,query,50,5.352377372,4.756926642,True,
mode_drop,precision,3,query,51,0.1640527957,-5.755243374,True,
mode_drop,precision,3,query,52,-6.488577431,5.032910663,True,
mode_drop,precision,3,query,53,-5.451450303,6.149867541,True,
mode_drop,precision,3,query,54,5.480448184,5.450923919,True,
mode_drop,precision,3,query,55,-4.954391294,-5.136946612,True,
mode_drop,precision,3,query,56,-1.033675832,7.920818681,True,
mode_drop,precision,3,query,57,5.692141098,-6.711338872,True,
mode_drop,precision,3,query,58,5.91669335,4.798897772,True,
mode_drop,precision,3,query,59,-4.684787542,5.849600162,True,
mode_drop,precision,3,query,60,5.746160735,-6.247882602,True,
mode_drop,precision,3,query,61,-5.775464073,3.659107957,True,
mode_drop,precision,3,query,62,-1.131407471,8.362839799,True,
mode_drop,precision,3,query,63,-7.785421291,-4.810245728,True,
mode_drop,precision,3,query,64,3.910757774,-4.900115747,True,
mode_drop,precision,3,query,65,-6.502351282,6.435845334,True,
mode_drop,precision,3,query,66,5.787805457,4.120019309,True,
mode_drop,precision,3,query,67,-4.4077055,7.098561405,True,
mode_drop,precision,3,query,68,-5.722659155,5.382937977,True,
mode_drop,precision,3,query,69,5.496987284,-6.632006572,True,
mode_drop,precision,3,query,70,-4.55826749,5.113962318,True,
mode_drop,precision,3,query,71,-0.05119041269,-8.793296403,True,
mode_drop,precision,3,query,72,5.03078115,4.379129098,True,
mode_drop,precision,3,query,73,-4.399784936,-5.810941823,True,
mode_drop,precision,3,query,74,0.9659216187,8.013324597,True,
mode_drop,precision,3,query,75,4.962450722,-5.983539509,True,
mode_drop,precision,3,query,76,-0.5602310505,-7.992040901,True,
mode_drop,precision,3,query,77,5.28158741,-5.956775965,True,
mode_drop,precision,3,query,78,-7.035428934,4.850008322,True,
mode_drop,precision,3,query,79,1.654057549,7.328766784,True,
mode_drop,precision,3,query,80,-1.054093788,8.337326333,True,
mode_drop,precision,3,query,81,1.4072722,-9.454024302,True,
mode_drop,precision,3,query,82,-5.865376098,5.024801696,True,
mode_drop,precision,3,query,83,-7.417873724,6.391780959,True,
mode_drop,precision,3,query,84,5.633410331,-5.585412405,True,
mode_drop,precision,3,query,85,-6.409165722,6.111638412,True,
mode_drop,precision,3,query,86,-0.5392973495,7.857096792,True,
mode_drop,precision,3,query,87,-6.765115042,-6.87295701,True,
mode_drop,precision,3,query,88,6.992386105,5.149749545,True,
mode_drop,precision,3,query,89,-5.365173893,5.623063815,True,
mode_drop,precision,3,query,90,5.215709047,-6.16481522,True,
mode_drop,precision,3,query,91,0.6300825914,7.698132395,True,
mode_drop,precision,3,query,92,-5.808297898,-5.634632692,True,
mode_drop,precision,3,query,93,-4.480345929,-4.976343275,True,
mode_drop,precision,3,query,94,0.3826002677,7.436428607,True,
mode_drop,precision,3,query,95,-1.38196872,8.949529932,False,
mode_drop,precision,3,query,96,6.623301384,5.51614585,False,
mode_drop,precision,3,query,97,6.198738091,6.438297303,True,
mode_drop,precision,3,query,98,0.8311844527,-7.078616527,True,
mode_drop,precision,3,query,99,-0.4556176507,9.514972983,True,
mode_drop,precision,3,query,100,-6.903447308,6.518577326,True,
mode_drop,precision,3,query,101,-5.16292217,6.530473363,True,
mode_drop,precision,3,query,102,7.535862557,-4.172408776,True,
mode_drop,precision,3,query,103,-6.802031157,-7.34552583,True,
mode_drop,precision,3,query,104,-4.83996519,4.641841834,True,
mode_drop,precision,3,query,105,-5.669259638,-4.817126772,True,
mode_drop,precision,3,query,106,-1.643797351,5.890019546,True,
mode_drop,precision,3,query,107,0.2592990203,8.04438589,True,
mode_drop,precision,3,query,108,5.411051178,-5.618319486,True,
mode_drop,precision,3,query,109,4.796338642,-7.170348657,True,
mode_drop,precision,3,query,110,5.490199399,4.685145558,True,
mode_drop,precision,3,query,111,-1.643481322,8.505681071,False,
mode_drop,precision,3,query,112,-0.06139862842,-7.593471463,True,
mode_drop,precision,3,query,113,-0.9892949414,7.341941208,True,
mode_drop,precision,3,query,114,-0.9990430272,7.113358133,True,
mode_drop,precision,3,query,115,5.852262167,4.873879633,True,
mode_drop,precision,3,query,116,6.012920538,5.996610175,True,
mode_drop,precision,3,query,117,7.682015236,4.264065204,True,
mode_drop,precision,3,query,118,6.544756627,-5.746342211,True,
mode_drop,precision,3,query,119,-5.67088398,4.206990428,True,
mode_drop,precision,3,query,120,-0.4601938127,-7.256802737,True,
mode_drop,precision,3,query,121,-5.739332622,-5.575799879,True,
mode_drop,precision,3,query,122,-0.2907166806,-6.845430253,True,
mode_drop,precision,3,query,123,-5.678326817,-7.857269922,False,
mode_drop,precision,3,query,124,-0.6920725505,6.031203393,True,
mode_drop,precision,3,query,125,2.405415834,5.1267389,False,
mode_drop,precision,3,query,126,6.9904141,5.703974156,True,
mode_drop,precision,3,query,127,4.484308542,-6.597554118,True,
mode_drop,precision,3,query,128,1.13061323,8.157626623,True,
mode_drop,precision,3,query,129,5.704853491,-5.710316038,True,
mode_drop,precision,3,query,130,-5.618453988,-4.851448603,True,
mode_drop,precision,3,query,131,0.5525672974,8.2157047,True,
mode_drop,precision,3,query,132,-6.699722607,6.167963014,True,
mode_drop,precision,3,query,133,-6.341101327,-4.563008574,True,
mode_drop,precision,3,query,134,4.385803428,-5.794475226,True,
mode_drop,precision,3,query,135,5.649495963,-6.9814998,True,
mode_drop,precision,3,query,136,7.378825893,7.117261017,True,
mode_drop,precision,3,query,137,5.193270488,-4.885133084,True,
mode_drop,precision,3,query,138,6.035530319,3.043294786,False,
mode_drop,precision,3,query,139,5.907252266,5.59551017,True,
mode_drop,precision,3,query,140,0.08321735347,-9.07687492,True,
mode_drop,precision,3,query,141,-5.926201296,-5.835113013,True,
mode_drop,precision,3,query,142,-4.468760032,5.99128131,True,
mode_drop,precision,3,query,143,-5.66240928,-4.127884252,True,
mode_drop,precision,3,query,144,-6.212102179,5.267423945,True,
mode_drop,precision,3,query,145,-1.816755011,9.569105846,False,
mode_drop,precision,3,query,146,-4.692521881,-4.740006205,True,
mode_drop,precision,3,query,147,-4.987955803,5.767002837,True,
mode_drop,precision,3,query,148,0.2154889392,7.74799341,True,
mode_drop,precision,3,query,149,-0.2036004257,8.054303612,True,
mode_drop,precision,3,query,150,1.511829512,8.555687902,True,
mode_drop,precision,3,query,151,5.598394124,-6.2362463,True,
mode_drop,precision,3,query,152,-6.291852737,7.259559261,True,
mode_drop,precision,3,query,153,-5.150166945,5.724404808,True,
mode_drop,precision,3,query,154,-6.003036092,-6.765907661,True,
mode_drop,precision,3,query,155,5.589992692,-4.783196215,True,
mode_drop,precision,3,query,156,5.264317003,5.429611666,True,
mode_drop,precision,3,query,157,-0.2210343514,-7.890405632,True,
mode_drop,precision,3,query,158,-1.593010879,7.764601648,True,
mode_drop,precision,3,query,159,-6.511249768,6.541439282,True,
mode_drop,precision,3,query,160,-6.427452926,-5.079807502,True,
mode_drop,precision,3,query,161,-4.132416797,5.343257988,True,
mode_drop,precision,3,query,162,5.055277997,5.848286509,True,
mode_drop,precision,3,query,163,5.654825222,-6.650470597,True,
mode_drop,precision,3,query,164,6.117773665,-3.641338196,True,
mode_drop,precision,3,query,165,-0.2581119953,-8.202876196,True,
mode_drop,precision,3,query,166,4.611922226,5.975942701,True,
mode_drop,precision,3,query,167,4.409878025,4.549923225,True,
mode_drop,precision,3,query,168,6.936521521,-6.562307309,False,
mode_drop,precision,3,query,169,6.738211819,-4.132496246,True,
mode_drop,precision,3,query,170,0.2593264575,8.553391403,True,
mode_drop,precision,3,query,171,7.609105193,5.460125847,True,
mode_drop,precision,3,query,172,-6.249860046,-7.010085314,True,
mode_drop,precision,3,query,173,0.04170708035,-6.520855789,True,
mode_drop,precision,3,query,174,0.9595953814,7.057908759,True,
mode_drop,precision,3,query,175,4.801478866,5.15268302,True,
mode_drop,precision,3,query,176,0.2922680825,-8.205311427,True,
mode_drop,precision,3,query,177,0.2144539454,-7.703260622,True,
mode_drop,precision,3,query,178,-5.955627836,-5.697028191,True,
mode_drop,precision,3,query,179,5.863446627,5.572884546,True,
mode_drop,precision,3,query,180,-5.153333384,-3.785978476,False,
mode_drop,precision,3,query,181,0.5919722848,-7.944189454,True,
mode_drop,precision,3,query,182,3.970735626,6.044811336,True,
mode_drop,precision,3,query,183,-7.603532661,4.247820163,True,
mode_drop,precision,3,query,184,6.511493502,6.36308931,True,
mode_drop,precision,3,query,185,-0.1499389983,6.289988894,True,
mode_drop,precision,3,query,186,5.285505733,4.978115931,True,
mode_drop,precision,3,query,187,0.6368407461,-5.742269468,True,
mode_drop,precision,3,query,188,5.873784737,4.877543121,True,
mode_drop,precision,3,query,189,-1.17055153,7.943905719,True,
mode_drop,precision,3,query,190,5.480061056,-6.808373409,True,
mode_drop,precision,3,query,191,0.1163552357,6.849086479,True,
mode_drop,precision,3,query,192,1.112107272,9.062650606,True,
mode_drop,precision,3,query,193,6.741605515,-6.13090472,True,
mode_drop,precision,3,query,194,6.171374813,-5.788923755,True,
mode_drop,precision,3,query,195,-0.3888120614,-8.339145657,True,
mode_drop,precision,3,query,196,-1.299715273,6.556136304,True,
mode_drop,precision,3,query,197,0.7943147909,7.808764596,True,
mode_drop,precision,3,query,198,0.2164248511,-6.998289612,True,
mode_drop,precision,3,query,199,-7.389986745,4.872724176,True,
mode_drop,precision,3,query,200,-5.481519406,-5.264759463,True,
mode_drop,precision,3,query,201,5.279779799,6.686033482,True,
mode_drop,precision,3,query,202,-5.446459311,4.443472111,True,
mode_drop,precision,3,query,203,-6.587618025,-4.851383189,True,
mode_drop,precision,3,query,204,6.120685706,-7.555915488,True,
mode_drop,precision,3,query,205,-4.309141946,6.254881281,True,
mode_drop,precision,3,query,206,-4.313511262,5.273153368,True,
mode_drop,precision,3,query,207,5.361148028,4.530397165,True,
mode_drop,precision,3,query,208,2.53692957,7.824545775,True,
mode_drop,precision,3,query,209,7.244387442,-6.304146701,True,
mode_drop,precision,3,query,210,-5.493013057,-7.328206736,True,
mode_drop,precision,3,query,211,-0.3828671488,-7.016245092,True,
mode_drop,precision,3,query,212,4.405110434,6.729081794,True,
mode_drop,precision,3,query,213,5.994092065,-6.700805174,True,
mode_drop,precision,3,query,214,-6.158451521,5.197788573,True,
mode_drop,precision,3,query,215,5.607334912,5.120710284,True,
mode_drop,precision,3,query,216,4.829566349,5.352266547,True,
mode_drop,precision,3,query,217,-1.026889739,6.710473427,True,
mode_drop,precision,3,query,218,-5.705030732,6.539728475,True,
mode_drop,precision,3,query,219,4.127482544,5.660362401,True,
mode_drop,precision,3,query,220,5.006898055,4.679708812,True,
mode_drop,precision,3,query,221,-4.803416597,-6.175023939,True,
mode_drop,precision,3,query,222,7.155155933,-6.436693614,True,
mode_drop,precision,3,query,223,-5.270352256,-5.884137256,True,
mode_drop,precision,3,query,224,4.90283244,6.244529292,True,
mode_drop,precision,3,query,225,5.501871676,6.26006483,True,
mode_drop,precision,3,query,226,-5.704145757,4.571037994,True,
mode_drop,precision,3,query,227,5.554785006,-5.60489908,True,
mode_drop,precision,3,query,228,6.615317203,4.750585242,True,
mode_drop,precision,3,query,229,-0.03932985327,-9.72187873,True,
mode_drop,precision,3,query,230,0.6514930603,6.918517025,True,
mode_drop,precision,3,query,231,-7.463213771,5.597637415,True,
mode_drop,precision,3,query,232,6.762539208,-7.181301198,True,
mode_drop,precision,3,query,233,4.568818664,-6.400129141,True,
mode_drop,precision,3,query,234,4.527357603,6.036282138,True,
mode_drop,precision,3,query,235,-6.464221695,-6.378368986,True,
mode_drop,precision,3,query,236,6.240159648,4.901339619,True,
mode_drop,precision,3,query,237,0.4327800978,7.028614828,True,
mode_drop,precision,3,query,238,-6.868992764,-7.492303539,True,
mode_drop,precision,3,query,239,1.861202787,-8.320259032,True,
mode_drop,precision,3,query,240,5.900787617,5.625804741,True,
mode_drop,precision,3,query,241,0.159961757,8.049686479,True,
mode_drop,precision,3,query,242,1.908217039,-9.038926591,True,
mode_drop,precision,3,query,243,4.099392143,-6.668813918,True,
mode_drop,precision,3,query,244,-6.991563259,6.403816302,True,
mode_drop,precision,3,query,245,6.477232459,-6.618169795,True,
mode_drop,precision,3,query,246,-1.390435776,7.645203347,True,
mode_drop,precision,3,query,247,1.391123878,-10.81956942,True,
mode_drop,precision,3,query,248,-5.13022748,-6.732609477,True,
mode_drop,precision,3,query,249,1.040367147,-9.077923941,True,
mode_drop,precision,3,query,250,-5.942270077,4.150575149,True,
mode_drop,precision,3,query,251,-6.6341121,7.042693413,True,
mode_drop,precision,3,query,252,6.477432935,-6.058522402,True,
mode_drop,precision,3,query,253,-6.52702662,-7.550661386,True,
mode_drop,precision,3,query,254,-0.3936567119,7.969096747,True,
mode_drop,precision,3,query,255,-0.08405435783,7.906208072,True,
mode_drop,precision,3,query,256,4.535044622,-5.723128135,True,
mode_drop,precision,3,query,257,-5.695527629,-4.366292212,True,
mode_drop,precision,3,query,258,7.523587704,5.519865223,True,
mode_drop,precision,3,query,259,-6.423160201,-5.721836379,True,
mode_drop,precision,3,query,260,-0.6076212753,7.257566184,True,
mode_drop,precision,3,query,261,-5.715504401,4.613549818,True,
mode_drop,precision,3,query,262,0.6061067512,7.896084451,True,
mode_drop,precision,3,query,263,-5.406845943,-5.839794285,True,
mode_drop,precision,3,query,264,-6.384108697,4.70889469,True,
mode_drop,precision,3,query,265,-5.894130254,5.108093912,True,
mode_drop,precision,3,query,266,0.2339013332,7.995568297,True,
mode_drop,precision,3,query,267,4.294547502,5.723975549,True,
mode_drop,precision,3,query,268,-6.999714667,-6.273331875,True,
mode_drop,precision,3,query,269,5.36250064,3.581580972,False,
mode_drop,precision,3,query,270,0.09150744786,-7.84901665,True,
mode_drop,precision,3,query,271,5.498830056,-6.081171522,True,
mode_drop,precision,3,query,272,-0.3736036601,7.023460531,True,
mode_drop,precision,3,query,273,-0.2697003697,-8.552611804,True,
mode_drop,precision,3,query,274,5.748539642,4.45271816,True,
mode_drop,precision,3,query,275,-5.42126434,5.800073143,True,
mode_drop,precision,3,query,276,-5.798417082,5.217649426,True,
mode_drop,precision,3,query,277,-5.104514357,-7.321455956,True,
mode_drop,precision,3,query,278,6.117307588,5.899891716,True,
mode_drop,precision,3,query,279,-5.373477957,-5.273541657,True,
mode_drop,precision,3,query,280,-0.6536444066,-8.259460058,True,
mode_drop,precision,3,query,281,0.6370583312,-7.569360756,True,
mode_drop,precision,3,query,282,0.2067127654,-9.514320245,True,
mode_drop,precision,3,query,283,0.5378871149,-6.830529008,True,
mode_drop,precision,3,query,284,1.009671493,-7.766121951,True,
mode_drop,precision,3,query,285,-1.557678604,-7.057455186,True,
mode_drop,precision,3,query,286,5.509599613,-8.189373898,True,
mode_drop,precision,3,query,287,-5.279646846,4.164682466,True,
mode_drop,precision,3,query,288,-6.95329483,5.021895357,True,
mode_drop,precision,3,query,289,1.272591178,-8.370845354,True,
mode_drop,precision,3,query,290,-5.385862662,-3.908886286,True,
mode_drop,precision,3,query,291,7.250884012,-5.760207665,True,
mode_drop,precision,3,query,292,-0.2415210221,6.739129366,True,
mode_drop,precision,3,query,293,-6.351312324,-5.231495902,True,
mode_drop,precision,3,query,294,-5.261123488,-5.546616018,True,
mode_drop,precision,3,query,295,6.651655907,4.884486236,True,
mode_drop,precision,3,query,296,-0.05607652018,-7.268757012,True,
mode_drop,precision,3,query,297,6.241000156,-4.585908474,True,
mode_drop,precision,3,query,298,-5.259833843,5.347451694,True,
mode_drop,precision,3,query,299,6.01904651,4.654259053,True,
mode_drop,precision,3,query,300,-7.296313581,-5.076182469,True,
mode_drop,precision,3,query,301,-5.711994582,5.965263876,True,
mode_drop,precision,3,query,302,-1.697684364,-8.365114025,True,
mode_drop,precision,3,query,303,-6.256711363,-6.521066364,True,
mode_drop,precision,3,query,304,3.401839243,5.321980767,True,
mode_drop,precision,3,query,305,-4.759549961,-5.275856528,True,
mode_drop,precision,3,query,306,5.05590764,5.641978278,True,
mode_drop,precision,3,query,307,-4.900054169,-8.417272112,False,
mode_drop,precision,3,query,308,5.532317703,6.200054397,True,
mode_drop,precision,3,query,309,0.6821286252,-6.299269793,True,
mode_drop,precision,3,query,310,-4.52180857,5.969417084,True,
mode_drop,precision,3,query,311,5.958830256,-4.869908901,True,
mode_drop,precision,3,query,312,-6.196181244,5.616666195,True,
mode_drop,precision,3,query,313,-4.750615246,7.614299464,True,
mode_drop,precision,3,query,314,-5.816121555,-5.705254939,True,
mode_drop,precision,3,query,315,5.855334443,-4.313650555,True,
mode_drop,precision,3,query,316,-0.03031330359,-6.530640964,True,
mode_drop,precision,3,query,317,4.690197032,5.470817954,True,
mode_drop,precision,3,query,318,5.458689093,-4.870348525,False,
mode_drop,precision,3,query,319,-4.611593873,4.147409891,False,
mode_drop,precision,3,query,320,-6.571971875,5.993706728,True,
mode_drop,precision,3,query,321,4.998160604,-7.179282025,True,
mode_drop,precision,3,query,322,1.038479972,-7.506029916,True,
mode_drop,precision,3,query,323,6.150031746,5.181408533,True,
mode_drop,precision,3,query,324,1.028938452,7.760040004,True,
mode_drop,precision,3,query,325,1.096435278,7.088334849,True,
mode_drop,precision,3,query,326,-0.8541354477,-7.795336789,True,
mode_drop,precision,3,query,327,-0.7023321458,-7.324548935,True,
mode_drop,precision,3,query,328,-5.396766505,4.733883032,True,
mode_drop,precision,3,query,329,5.72971985,-6.008131938,True,
mode_drop,precision,3,query,330,-4.74102142,5.024301266,True,
mode_drop,precision,3,query,331,5.217681154,6.868091155,True,
mode_drop,precision,3,query,332,-3.41826086,7.655862914,True,
mode_drop,precision,3,query,333,0.06322301166,8.218854707,True,
mode_drop,precision,3,query,334,7.190312912,-5.781289056,True,
mode_drop,precision,3,query,335,-0.9763491371,-7.883124403,True,
mode_drop,precision,3,query,336,0.4515167805,7.170850382,True,
mode_drop,precision,3,query,337,-7.303085391,-7.093583764,True,
mode_drop,precision,3,query,338,6.322283534,4.898477733,True,
mode_drop,precision,3,query,339,5.515507157,-5.444295565,True,
mode_drop,precision,3,query,340,-5.03771337,-5.991757048,True,
mode_drop,precision,3,query,341,0.4987157005,7.109939708,True,
mode_drop,precision,3,query,342,-0.3617140257,6.975584412,True,
mode_drop,precision,3,query,343,6.788621466,-5.683937478,True,
mode_drop,precision,3,query,344,4.917546762,5.304482451,True,
mode_drop,precision,3,query,345,-5.87858273,-4.956334458,True,
mode_drop,precision,3,query,346,4.061218071,-6.694060091,True,
mode_drop,precision,3,query,347,-6.034961501,-3.124548417,True,
mode_drop,precision,3,query,348,-4.701175357,-5.768305929,True,
mode_drop,precision,3,query,349,-4.944854667,-3.59941808,False,
mode_drop,precision,3,query,350,5.423110323,5.290440905,True,
mode_drop,precision,3,query,351,1.211943543,-7.505824502,True,
mode_drop,precision,3,query,352,0.6713331553,7.491777601,True,
mode_drop,precision,3,query,353,1.924203132,9.709590802,True,
mode_drop,precision,3,query,354,-5.090906461,6.341144088,True,
mode_drop,precision,3,query,355,3.629593377,-5.019144456,True,
mode_drop,precision,3,query,356,-5.850962837,-5.222948544,True,
mode_drop,precision,3,query,357,6.339313661,-5.998146018,True,
mode_drop,precision,3,query,358,-7.34733605,-5.288979684,True,
mode_drop,precision,3,query,359,4.915470597,5.326660157,True,
mode_drop,precision,3,query,360,-0.6045098441,-8.341574255,True,
mode_drop,precision,3,query,361,3.347333292,6.873801377,False,
mode_drop,precision,3,query,362,0.2533461023,-6.888600737,True,
mode_drop,precision,3,query,363,1.97984183,-7.977406877,True,
mode_drop,precision,3,query,364,-1.802436256,-8.89388685,True,
mode_drop,precision,3,query,365,-6.86375873,5.154979606,True,
mode_drop,precision,3,query,366,-5.577206271,3.654666982,True,
mode_drop,precision,3,query,367,0.3424754933,-9.510356653,True,
mode_drop,precision,3,query,368,-5.359488987,5.547363104,True,
mode_drop,precision,3,query,369,-5.970485489,5.583811194,True,
mode_drop,precision,3,query,370,-6.196632265,-6.269325693,True,
mode_drop,precision,3,query,371,3.974097859,-5.686481564,True,
mode_drop,precision,3,query,372,-3.811320539,-3.676359187,False,
mode_drop,precision,3,query,373,1.321817597,8.705801601,True,
mode_drop,precision,3,query,374,4.980374125,-4.214103461,True,
mode_drop,precision,3,query,375,5.600726695,-5.725729759,True,
mode_drop,precision,3,query,376,5.365627118,-5.56489235,True,
mode_drop,precision,3,query,377,-0.4352149016,7.916217831,True,
mode_drop,precision,3,query,378,4.572255141,-6.030517954,True,
mode_drop,precision,3,query,379,2.28055647,-8.069594028,True,
mode_drop,precision,3,query,380,-0.2386605648,-7.467625721,True,
mode_drop,precision,3,query,381,6.364976071,-6.770623109,True,
mode_drop,precision,3,query,382,5.449695467,6.57513009,True,
mode_drop,precision,3,query,383,5.926691879,-5.534900206,True,
mode_drop,precision,3,query,384,7.210871918,4.97908149,True,
mode_drop,precision,3,query,385,0.08274589511,7.479941335,True,
mode_drop,precision,3,query,386,1.490308229,-9.951860399,True,
mode_drop,precision,3,query,387,4.986712554,-6.186011216,True,
mode_drop,precision,3,query,388,0.6635396232,8.606275476,True,
mode_drop,precision,3,query,389,1.39519426,6.425967158,True,
mode_drop,precision,3,query,390,-4.90637924,-5.950134114,True,
mode_drop,precision,3,query,391,-0.6656252373,8.539568533,True,
mode_drop,precision,3,query,392,-6.576993832,3.579940954,True,
mode_drop,precision,3,query,393,-6.027072738,4.159083398,True,
mode_drop,precision,3,query,394,5.007938428,-5.285299486,True,
mode_drop,precision,3,query,395,-5.344854504,-4.069954801,True,
mode_drop,precision,3,query,396,-0.1996547469,6.466668409,True,
mode_drop,precision,3,query,397,-6.412951106,4.737470025,True,
mode_drop,precision,3,query,398,4.439029091,-5.221487054,True,
mode_drop,precision,3,query,399,-6.302086587,-7.634227066,True,
mode_drop,precision,3,query,400,6.353777053,-5.768280818,True,
mode_drop,precision,3,query,401,-5.300016971,-5.551132705,True,
mode_drop,precision,3,query,402,0.6316547341,-7.961981253,True,
mode_drop,precision,3,query,403,1.236202483,-7.57501721,True,
mode_drop,precision,3,query,404,0.3920676234,8.409866918,True,
mode_drop,precision,3,query,405,-1.456637743,-8.164635752,True,
mode_drop,precision,3,query,406,-0.2593164895,-7.792453279,True,
mode_drop,precision,3,query,407,4.298160085,7.290969026,True,
mode_drop,precision,3,query,408,5.761242914,4.445536709,True,
mode_drop,precision,3,query,409,-7.365741213,-5.938141543,True,
mode_drop,precision,3,query,410,-0.08967541293,-8.718292086,True,
mode_drop,precision,3,query,411,5.748968077,5.015678482,True,
mode_drop,precision,3,query,412,0.5516582517,-8.724541818,True,
mode_drop,precision,3,query,413,-0.0385002251,-7.021160827,True,
mode_drop,precision,3,query,414,2.571668883,6.992356807,False,
mode_drop,precision,3,query,415,5.192346479,4.817018552,True,
mode_drop,precision,3,query,416,-4.872525928,4.508754944,True,
mode_drop,precision,3,query,417,5.172497204,-5.686455533,True,
mode_drop,precision,3,query,418,4.67817571,4.699529207,True,
mode_drop,precision,3,query,419,-6.132477138,-7.75729449,True,
mode_drop,precision,3,query,420,-1.445478217,7.586965912,True,
mode_drop,precision,3,query,421,5.805084886,5.471094264,True,
mode_drop,precision,3,query,422,3.882885555,-6.120640541,True,
mode_drop,precision,3,query,423,0.7984376405,8.555865512,True,
mode_drop,precision,3,query,424,-0.07874786153,-8.887369875,True,
mode_drop,precision,3,query,425,0.631216371,-8.578928981,True,
mode_drop,precision,3,query,426,-6.826102652,-6.459040485,True,
mode_drop,precision,3,query,427,-4.208508958,5.877034288,True,
mode_drop,precision,3,query,428,6.816101303,5.177517936,True,
mode_drop,precision,3,query,429,0.9381493392,-8.601504044,True,
mode_drop,precision,3,query,430,5.49942688,8.143204509,False,
mode_drop,precision,3,query,431,-4.889705617,-6.158024625,True,
mode_drop,precision,3,query,432,-0.08481903903,-7.673776579,True,
mode_drop,precision,3,query,433,6.867311839,5.167721158,True,
mode_drop,precision,3,query,434,-1.741319085,7.720358187,True,
mode_drop,precision,3,query,435,-5.641468792,-5.547316281,True,
mode_drop,precision,3,query,436,1.316690136,8.316687078,True,
mode_drop,precision,3,query,437,6.469771221,-6.757967943,True,
mode_drop,precision,3,query,438,0.8679014884,10.09621983,True,
mode_drop,precision,3,query,439,-4.883944959,-5.40329853,True,
mode_drop,precision,3,query,440,-5.502866061,-3.86971201,True,
mode_drop,precision,3,query,441,4.729672766,-5.767956607,True,
mode_drop,precision,3,query,442,0.4602075929,8.744001108,True,
mode_drop,precision,3,query,443,-6.094182155,-5.349532855,True,
mode_drop,precision,3,query,444,5.378932768,-5.536383117,True,
mode_drop,precision,3,query,445,-0.1320915404,-9.141593678,True,
mode_drop,precision,3,query,446,5.635740664,-4.779702727,True,
mode_drop,precision,3,query,447,4.689835958,5.415762501,True,
mode_drop,precision,3,query,448,6.321634314,-6.726719356,True,
mode_drop,precision,3,query,449,5.839492587,4.596724431,True,
mode_drop,precision,3,query,450,-4.522223749,-3.344032868,False,
mode_drop,precision,3,query,451,2.022255284,-8.219180678,True,
mode_drop,precision,3,query,452,0.7401991287,-7.879002271,True,
mode_drop,precision,3,query,453,5.758960146,-4.109097189,True,
mode_drop,precision,3,query,454,-6.976033826,6.712148847,True,
mode_drop,precision,3,query,455,-5.705830245,-4.248313629,True,
mode_drop,precision,3,query,456,0.1872333689,-8.672671995,True,
mode_drop,precision,3,query,457,0.2771403768,-7.264032905,True,
mode_drop,precision,3,query,458,-5.621090575,6.144892526,True,
mode_drop,precision,3,query,459,-0.5216751757,5.866116099,True,
mode_drop,precision,3,query,460,0.9000235838,8.699159736,True,
mode_drop,precision,3,query,461,5.805032634,-5.588443687,True,
mode_drop,precision,3,query,462,6.693150019,-6.113960975,True,
mode_drop,precision,3,query,463,4.950320184,-5.845404119,True,
mode_drop,precision,3,query,464,-4.467757061,4.269741345,True,
mode_drop,precision,3,query,465,1.191829993,-8.639252854,True,
mode_drop,precision,3,query,466,4.55611075,6.916916086,True,
mode_drop,precision,3,query,467,5.559964155,4.356619885,True,
mode_drop,precision,3,query,468,5.29812119,-4.725801819,True,
mode_drop,precision,3,query,469,1.192074193,-8.427098682,True,
mode_drop,precision,3,query,470,0.4063207591,-7.285915368,True,
mode_drop,precision,3,query,471,5.012227756,6.011890325,True,
mode_drop,precision,3,query,472,-0.03187791476,-8.53602441,True,
mode_drop,precision,3,query,473,-0.4921479354,-7.932965518,True,
mode_drop,precision,3,query,474,-5.627000763,-6.222344203,True,
mode_drop,precision,3,query,475,5.230909141,6.770191488,True,
mode_drop,precision,3,query,476,-5.443027114,6.541948616,True,
mode_drop,precision,3,query,477,-4.455032018,6.245696509,True,
mode_drop,precision,3,query,478,2.270886313,7.174695968,True,
mode_drop,precision,3,query,479,0.8084095931,7.681856027,True,
mode_drop,recall,3,center,0,-5.655624096,-5.358108712,,0.2332307044
mode_drop,recall,3,center,1,-5.930992105,-6.547446088,,0.3816410771
mode_drop,recall,3,center,2,-0.4546707852,7.008353445,,0.2850169122
mode_drop,recall,3,center,3,-5.596710647,6.997069495,,0.6370905687
mode_drop,recall,3,center,4,-6.149060768,5.03637935,,0.2648255002
mode_drop,recall,3,center,5,0.4898420502,-7.643112992,,0.3179270681
mode_drop,recall,3,center,6,-5.55144,-6.587322294,,0.4455652057
mode_drop,recall,3,center,7,-5.686106072,6.352157444,,0.1885232995
mode_drop,recall,3,center,8,-1.344214547,7.542384239,,0.3335868574
mode_drop,recall,3,center,9,3.75563151,-6.946391989,,0.8078725631
mode_drop,recall,3,center,10,-7.498589287,5.421763118,,0.6761954392
mode_drop,recall,3,center,11,-1.267446481,-7.728735641,,0.4751865315
mode_drop,recall,3,center,12,5.813605336,-5.843785194,,0.24342227
mode_drop,recall,3,center,13,-8.17361396,-6.195547145,,1.226621273
mode_drop,recall,3,center,14,-0.0485009454,-7.886691014,,0.2159897231
mode_drop,recall,3,center,15,-1.530135766,-8.477753276,,0.3782929418
mode_drop,recall,3,center,16,-6.635373328,4.84801701,,0.2872088695
mode_drop,recall,3,center,17,-4.595955626,4.849319574,,0.3202931162
mode_drop,recall,3,center,18,-0.03252170495,8.884389867,,0.4412882657
mode_drop,recall,3,center,19,-6.240454682,-5.768556199,,0.188584326
mode_drop,recall,3,center,20,5.767318393,5.720636024,,0.1877177887
mode_drop,recall,3,center,21,-1.225055826,8.07614023,,0.3016067926
mode_drop,recall,3,center,22,1.358823422,6.452855322,,0.7248949506
mode_drop,recall,3,center,23,6.516236938,5.776208275,,0.4796475259
mode_drop,recall,3,center,24,-6.298324644,-3.656437703,,0.823553451
mode_drop,recall,3,center,25,6.419113962,4.457565347,,0.4514198309
mode_drop,recall,3,center,26,0.07451622877,8.576689584,,0.3257861014
mode_drop,recall,3,center,27,-5.845636375,6.339764517,,0.2444494456
mode_drop,recall,3,center,28,-0.06651732015,-7.332752439,,0.2607692669
mode_drop,recall,3,center,29,-4.218331658,-6.3325165,,0.693678894
mode_drop,recall,3,center,30,5.85999286,-6.120161826,,0.2802424754
mode_drop,recall,3,center,31,-5.529585838,4.469659722,,0.2350958784
mode_drop,recall,3,center,32,-6.236155846,-5.853050222,,0.2284462766
mode_drop,recall,3,center,33,-4.758090377,-4.511632242,,0.655402252
mode_drop,recall,3,center,34,-1.323527792,-8.794642366,,0.56963825
mode_drop,recall,3,center,35,0.6469034226,6.007580216,,0.8573137179
mode_drop,recall,3,center,36,-6.120024114,-5.754141175,,0.1740345634
mode_drop,recall,3,center,37,-4.399839272,6.34625815,,0.3616056253
mode_drop,recall,3,center,38,5.329640829,-6.025430144,,0.1800240277
mode_drop,recall,3,center,39,5.406658849,-4.133324849,,0.4835567695
mode_drop,recall,3,center,40,-6.084879192,5.353173861,,0.2574480501
mode_drop,recall,3,center,41,0.3525890673,-8.120770445,,0.3210788905
mode_drop,recall,3,center,42,-0.197284228,6.885932857,,0.2236121719
mode_drop,recall,3,center,43,-5.668375718,-6.100435472,,0.3699595063
mode_drop,recall,3,center,44,1.166127776,-7.346911497,,0.2386266556
mode_drop,recall,3,center,45,-5.680997863,6.325235273,,0.1900326007
mode_drop,recall,3,center,46,5.316984698,6.708980608,,0.1875562848
mode_drop,recall,3,center,47,-0.005399560672,8.583382354,,0.3022269573
mode_drop,recall,3,center,48,-6.947747495,-5.310174201,,0.5690125254
mode_drop,recall,3,center,49,-1.688204117,-10.03532894,,1.565575794
mode_drop,recall,3,center,50,5.352377372,4.756926642,,0.2266992025
mode_drop,recall,3,center,51,0.1640527957,-5.755243374,,0.7753262829
mode_drop,recall,3,center,52,-6.488577431,5.032910663,,0.3395343814
mode_drop,recall,3,center,53,-5.451450303,6.149867541,,0.3098137095
mode_drop,recall,3,center,54,5.480448184,5.450923919,,0.3252627111
mode_drop,recall,3,center,55,-4.954391294,-5.136946612,,0.4407854773
mode_drop,recall,3,center,56,-1.033675832,7.920818681,,0.4170078134
mode_drop,recall,3,center,57,5.692141098,-6.711338872,,0.2332244536
mode_drop,recall,3,center,58,5.91669335,4.798897772,,0.1771906554
mode_drop,recall,3,center,59,-4.684787542,5.849600162,,0.314218575
mode_drop,recall,3,center,60,5.746160735,-6.247882602,,0.2403137198
mode_drop,recall,3,center,61,-5.775464073,3.659107957,,0.5577743254
mode_drop,recall,3,center,62,-1.131407471,8.362839799,,0.420758863
mode_drop,recall,3,center,63,-7.785421291,-4.810245728,,0.9755131301
mode_drop,recall,3,center,64,3.910757774,-4.900115747,,0.7889126474
mode_drop,recall,3,center,65,-6.502351282,6.435845334,,0.3373331833
mode_drop,recall,3,center,66,5.787805457,4.120019309,,0.3350079544
mode_drop,recall,3,center,67,-4.4077055,7.098561405,,0.8494179929
mode_drop,recall,3,center,68,-5.722659155,5.382937977,,0.3239469058
mode_drop,recall,3,center,69,5.496987284,-6.632006572,,0.2106623485
mode_drop,recall,3,center,70,-4.55826749,5.113962318,,0.2919715769
mode_drop,recall,3,center,71,-0.05119041269,-8.793296403,,0.2579958349
mode_drop,recall,3,center,72,5.03078115,4.379129098,,0.4667446085
mode_drop,recall,3,center,73,-4.399784936,-5.810941823,,0.5435754822
mode_drop,recall,3,center,74,0.9659216187,8.013324597,,0.2670087963
mode_drop,recall,3,center,75,4.962450722,-5.983539509,,0.3114492933
mode_drop,recall,3,center,76,-0.5602310505,-7.992040901,,0.3523268049
mode_drop,recall,3,center,77,5.28158741,-5.956775965,,0.2503370165
mode_drop,recall,3,center,78,-7.035428934,4.850008322,,0.3552847467
mode_drop,recall,3,center,79,1.654057549,7.328766784,,0.7454138258
mode_drop,recall,3,center,80,-1.054093788,8.337326333,,0.4102952411
mode_drop,recall,3,center,81,1.4072722,-9.454024302,,0.6505780833
mode_drop,recall,3,center,82,-5.865376098,5.024801696,,0.2839208239
mode_drop,recall,3,center,83,-7.417873724,6.391780959,,0.5457637579
mode_drop,recall,3,center,84,5.633410331,-5.585412405,,0.1440735226
mode_drop,recall,3,center,85,-6.409165722,6.111638412,,0.3373331833
mode_drop,recall,3,center,86,-0.5392973495,7.857096792,,0.3893365569
mode_drop,recall,3,center,87,-6.765115042,-6.87295701,,0.5331902869
mode_drop,recall,3,center,88,6.992386105,5.149749545,,0.2772429181
mode_drop,recall,3,center,89,-5.365173893,5.623063815,,0.2376930468
mode_drop,recall,3,center,90,5.215709047,-6.16481522,,0.229975355
mode_drop,recall,3,center,91,0.6300825914,7.698132395,,0.1993987391
mode_drop,recall,3,center,92,-5.808297898,-5.634632692,,0.1599978408
mode_drop,recall,3,center,93,-4.480345929,-4.976343275,,0.5005121779
mode_drop,recall,3,center,94,0.3826002677,7.436428607,,0.3029950532
mode_drop,recall,3,center,95,-1.38196872,8.949529932,,0.6944747786
mode_drop,recall,3,center,96,6.623301384,5.51614585,,0.4123726693
mode_drop,recall,3,center,97,6.198738091,6.438297303,,0.5445286987
mode_drop,recall,3,center,98,0.8311844527,-7.078616527,,0.4727387942
mode_drop,recall,3,center,99,-0.4556176507,9.514972983,,1.034677451
mode_drop,recall,3,center,100,-6.903447308,6.518577326,,0.3928633089
mode_drop,recall,3,center,101,-5.16292217,6.530473363,,0.4776078678
mode_drop,recall,3,center,102,7.535862557,-4.172408776,,1.514269482
mode_drop,recall,3,center,103,-6.802031157,-7.34552583,,0.4740085329
mode_drop,recall,3,center,104,-4.83996519,4.641841834,,0.3950507402
mode_drop,recall,3,center,105,-5.669259638,-4.817126772,,0.4446429605
mode_drop,recall,3,center,106,-1.643797351,5.890019546,,1.026508439
mode_drop,recall,3,center,107,0.2592990203,8.04438589,,0.2624598435
mode_drop,recall,3,center,108,5.411051178,-5.618319486,,0.1443589992
mode_drop,recall,3,center,109,4.796338642,-7.170348657,,0.773629381
mode_drop,recall,3,center,110,5.490199399,4.685145558,,0.3257404608
mode_drop,recall,3,center,111,-1.643481322,8.505681071,,0.5996542586
mode_drop,recall,3,center,112,-0.06139862842,-7.593471463,,0.2607692669
mode_drop,recall,3,center,113,-0.9892949414,7.341941208,,0.4076092924
mode_drop,recall,3,center,114,-0.9990430272,7.113358133,,0.4171414029
mode_drop,recall,3,center,115,5.852262167,4.873879633,,0.1754325585
mode_drop,recall,3,center,116,6.012920538,5.996610175,,0.3873892902
mode_drop,recall,3,center,117,7.682015236,4.264065204,,1.172410526
mode_drop,recall,3,center,118,6.544756627,-5.746342211,,0.3193570896
mode_drop,recall,3,center,119,-5.67088398,4.206990428,,0.3260215
mode_drop,recall,3,center,120,-0.4601938127,-7.256802737,,0.3058158117
mode_drop,recall,3,center,121,-5.739332622,-5.575799879,,0.1505162876
mode_drop,recall,3,center,122,-0.2907166806,-6.845430253,,0.4085366759
mode_drop,recall,3,center,123,-5.678326817,-7.857269922,,0.6624381989
mode_drop,recall,3,center,124,-0.6920725505,6.031203393,,0.6573469965
mode_drop,recall,3,center,125,2.405415834,5.1267389,,1.689360957
mode_drop,recall,3,center,126,6.9904141,5.703974156,,0.5502012761
mode_drop,recall,3,center,127,4.484308542,-6.597554118,,0.4339573128
mode_drop,recall,3,center,128,1.13061323,8.157626623,,0.4103813845
mode_drop,recall,3,center,129,5.704853491,-5.710316038,,0.157761626
mode_drop,recall,3,center,130,-5.618453988,-4.851448603,,0.4354043488
mode_drop,recall,3,center,131,0.5525672974,8.2157047,,0.339641601
mode_drop,recall,3,center,132,-6.699722607,6.167963014,,0.3327407052
mode_drop,recall,3,center,133,-6.341101327,-4.563008574,,0.6071480086
mode_drop,recall,3,center,134,4.385803428,-5.794475226,,0.3448903579
mode_drop,recall,3,center,135,5.649495963,-6.9814998,,0.3310720986
mode_drop,recall,3,center,136,7.378825893,7.117261017,,1.465688737
mode_drop,recall,3,center,137,5.193270488,-4.885133084,,0.4096091216
mode_drop,recall,3,center,138,6.035530319,3.043294786,,1.396777002
mode_drop,recall,3,center,139,5.907252266,5.59551017,,0.1609891028
mode_drop,recall,3,center,140,0.08321735347,-9.07687492,,0.3138187737
mode_drop,recall,3,center,141,-5.926201296,-5.835113013,,0.2100564771
mode_drop,recall,3,center,142,-4.468760032,5.99128131,,0.2583436324
mode_drop,recall,3,center,143,-5.66240928,-4.127884252,,0.3034912597
mode_drop,recall,3,center,144,-6.212102179,5.267423945,,0.2394907605
mode_drop,recall,3,center,145,-1.816755011,9.569105846,,1.362213376
mode_drop,recall,3,center,146,-4.692521881,-4.740006205,,0.4755389328
mode_drop,recall,3,center,147,-4.987955803,5.767002837,,0.4037473587
mode_drop,recall,3,center,148,0.2154889392,7.74799341,,0.2996127924
mode_drop,recall,3,center,149,-0.2036004257,8.054303612,,0.2696533856
mode_drop,recall,3,center,150,1.511829512,8.555687902,,0.5511611693
mode_drop,recall,3,center,151,5.598394124,-6.2362463,,0.2632158976
mode_drop,recall,3,center,152,-6.291852737,7.259559261,,0.7508870493
mode_drop,recall,3,center,153,-5.150166945,5.724404808,,0.2741522967
mode_drop,recall,3,center,154,-6.003036092,-6.765907661,,0.352559788
mode_drop,recall,3,center,155,5.589992692,-4.783196215,,0.2974610734
mode_drop,recall,3,center,156,5.264317003,5.429611666,,0.2975467024
mode_drop,recall,3,center,157,-0.2210343514,-7.890405632,,0.2558959904
mode_drop,recall,3,center,158,-1.593010879,7.764601648,,0.2351438419
mode_drop,recall,3,center,159,-6.511249768,6.541439282,,0.4183378225
mode_drop,recall,3,center,160,-6.427452926,-5.079807502,,0.4287437143
mode_drop,recall,3,center,161,-4.132416797,5.343257988,,0.5391726577
mode_drop,recall,3,center,162,5.055277997,5.848286509,,0.4245562287
mode_drop,recall,3,center,163,5.654825222,-6.650470597,,0.2355330376
mode_drop,recall,3,center,164,6.117773665,-3.641338196,,0.7913151915
mode_drop,recall,3,center,165,-0.2581119953,-8.202876196,,0.3499275433
mode_drop,recall,3,center,166,4.611922226,5.975942701,,0.4019163456
mode_drop,recall,3,center,167,4.409878025,4.549923225,,0.6439653131
mode_drop,recall,3,center,168,6.936521521,-6.562307309,,0.4626738161
mode_drop,recall,3,center,169,6.738211819,-4.132496246,,0.7986486772
mode_drop,recall,3,center,170,0.2593264575,8.553391403,,0.2664194472
mode_drop,recall,3,center,171,7.609105193,5.460125847,,0.6650117794
mode_drop,recall,3,center,172,-6.249860046,-7.010085314,,0.5331902869
mode_drop,recall,3,center,173,0.04170708035,-6.520855789,,0.4646010541
mode_drop,recall,3,center,174,0.9595953814,7.057908759,,0.4638073953
mode_drop,recall,3,center,175,4.801478866,5.15268302,,0.2079955742
mode_drop,recall,3,center,176,0.2922680825,-8.205311427,,0.4089630795
mode_drop,recall,3,center,177,0.2144539454,-7.703260622,,0.296897797
mode_drop,recall,3,center,178,-5.955627836,-5.697028191,,0.1599978408
mode_drop,recall,3,center,179,5.863446627,5.572884546,,0.11733437
mode_drop,recall,3,center,180,-5.153333384,-3.785978476,,0.342524294
mode_drop,recall,3,center,181,0.5919722848,-7.944189454,,0.2974645716
mode_drop,recall,3,center,182,3.970735626,6.044811336,,0.5566873202
mode_drop,recall,3,center,183,-7.603532661,4.247820163,,1.010940969
mode_drop,recall,3,center,184,6.511493502,6.36308931,,0.6082224479
mode_drop,recall,3,center,185,-0.1499389983,6.289988894,,0.5637871333
mode_drop,recall,3,center,186,5.285505733,4.978115931,,0.3412944662
mode_drop,recall,3,center,187,0.6368407461,-5.742269468,,0.9799901735
mode_drop,recall,3,center,188,5.873784737,4.877543121,,0.1861735119
mode_drop,recall,3,center,189,-1.17055153,7.943905719,,0.3709072512
mode_drop,recall,3,center,190,5.480061056,-6.808373409,,0.2355330376
mode_drop,recall,3,center,191,0.1163552357,6.849086479,,0.3743874764
mode_drop,recall,3,center,192,1.112107272,9.062650606,,0.5960031618
mode_drop,recall,3,center,193,6.741605515,-6.13090472,,0.4236314536
mode_drop,recall,3,center,194,6.171374813,-5.788923755,,0.3527005835
mode_drop,recall,3,center,195,-0.3888120614,-8.339145657,,0.2444491578
mode_drop,recall,3,center,196,-1.299715273,6.556136304,,0.7497359618
mode_drop,recall,3,center,197,0.7943147909,7.808764596,,0.2074777657
mode_drop,recall,3,center,198,0.2164248511,-6.998289612,,0.2725910363
mode_drop,recall,3,center,199,-7.389986745,4.872724176,,0.5596769362
mode_drop,recall,3,center,200,-5.481519406,-5.264759463,,0.3246877909
mode_drop,recall,3,center,201,5.279779799,6.686033482,,0.1923570584
mode_drop,recall,3,center,202,-5.446459311,4.443472111,,0.2946317666
mode_drop,recall,3,center,203,-6.587618025,-4.851383189,,0.4475779923
mode_drop,recall,3,center,204,6.120685706,-7.555915488,,0.8224122472
mode_drop,recall,3,center,205,-4.309141946,6.254881281,,0.3081604747
mode_drop,recall,3,center,206,-4.313511262,5.273153368,,0.4946638296
mode_drop,recall,3,center,207,5.361148028,4.530397165,,0.2640575602
mode_drop,recall,3,center,208,2.53692957,7.824545775,,1.012551141
mode_drop,recall,3,center,209,7.244387442,-6.304146701,,0.5256464324
mode_drop,recall,3,center,210,-5.493013057,-7.328206736,,0.6973876036
mode_drop,recall,3,center,211,-0.3828671488,-7.016245092,,0.3444020072
mode_drop,recall,3,center,212,4.405110434,6.729081794,,0.6946353887
mode_drop,recall,3,center,213,5.994092065,-6.700805174,,0.3429804087
mode_drop,recall,3,center,214,-6.158451521,5.197788573,,0.1719228763
mode_drop,recall,3,center,215,5.607334912,5.120710284,,0.3477279548
mode_drop,recall,3,center,216,4.829566349,5.352266547,,0.1534806771
mode_drop,recall,3,center,217,-1.026889739,6.710473427,,0.6325859048
mode_drop,recall,3,center,218,-5.705030732,6.539728475,,0.2444494456
mode_drop,recall,3,center,219,4.127482544,5.660362401,,0.5488312229
mode_drop,recall,3,center,220,5.006898055,4.679708812,,0.3293193404
mode_drop,recall,3,center,221,-4.803416597,-6.175023939,,0.2974587891
mode_drop,recall,3,center,222,7.155155933,-6.436693614,,0.5143255734
mode_drop,recall,3,center,223,-5.270352256,-5.884137256,,0.3343232365
mode_drop,recall,3,center,224,4.90283244,6.244529292,,0.4245562287
mode_drop,recall,3,center,225,5.501871676,6.26006483,,0.4803895237
mode_drop,recall,3,center,226,-5.704145757,4.571037994,,0.2875332313
mode_drop,recall,3,center,227,5.554785006,-5.60489908,,0.1443589992
mode_drop,recall,3,center,228,6.615317203,4.750585242,,0.3526419868
mode_drop,recall,3,center,229,-0.03932985327,-9.72187873,,0.5876525101
mode_drop,recall,3,center,230,0.6514930603,6.918517025,,0.3219668235
mode_drop,recall,3,center,231,-7.463213771,5.597637415,,0.7451793616
mode_drop,recall,3,center,232,6.762539208,-7.181301198,,0.6312819641
mode_drop,recall,3,center,233,4.568818664,-6.400129141,,0.4695548839
mode_drop,recall,3,center,234,4.527357603,6.036282138,,0.4293579283
mode_drop,recall,3,center,235,-6.464221695,-6.378368986,,0.3707636957
mode_drop,recall,3,center,236,6.240159648,4.901339619,,0.3315717506
mode_drop,recall,3,center,237,0.4327800978,7.028614828,,0.2448609527
mode_drop,recall,3,center,238,-6.868992764,-7.492303539,,0.5844013179
mode_drop,recall,3,center,239,1.861202787,-8.320259032,,0.4885595724
mode_drop,recall,3,center,240,5.900787617,5.625804741,,0.1637284527
mode_drop,recall,3,center,241,0.159961757,8.049686479,,0.1948750218
mode_drop,recall,3,center,242,1.908217039,-9.038926591,,0.8203349903
mode_drop,recall,3,center,243,4.099392143,-6.668813918,,0.4418381592
mode_drop,recall,3,center,244,-6.991563259,6.403816302,,0.3752302487
mode_drop,recall,3,center,245,6.477232459,-6.618169795,,0.1897202943
mode_drop,recall,3,center,246,-1.390435776,7.645203347,,0.2351438419
mode_drop,recall,3,center,247,1.391123878,-10.81956942,,1.677409162
mode_drop,recall,3,center,248,-5.13022748,-6.732609477,,0.6228952713
mode_drop,recall,3,center,249,1.040367147,-9.077923941,,0.5254243998
mode_drop,recall,3,center,250,-5.942270077,4.150575149,,0.4832103021
mode_drop,recall,3,center,251,-6.6341121,7.042693413,,0.5160919066
mode_drop,recall,3,center,252,6.477432935,-6.058522402,,0.273909386
mode_drop,recall,3,center,253,-6.52702662,-7.550661386,,0.3469099047
mode_drop,recall,3,center,254,-0.3936567119,7.969096747,,0.2082825044
mode_drop,recall,3,center,255,-0.08405435783,7.906208072,,0.3159249961
mode_drop,recall,3,center,256,4.535044622,-5.723128135,,0.3096338543
mode_drop,recall,3,center,257,-5.695527629,-4.366292212,,0.451599168
mode_drop,recall,3,center,258,7.523587704,5.519865223,,0.6246904899
mode_drop,recall,3,center,259,-6.423160201,-5.721836379,,0.3048525654
mode_drop,recall,3,center,260,-0.6076212753,7.257566184,,0.3741444843
mode_drop,recall,3,center,261,-5.715504401,4.613549818,,0.3182949693
mode_drop,recall,3,center,262,0.6061067512,7.896084451,,0.2946527744
mode_drop,recall,3,center,263,-5.406845943,-5.839794285,,0.3273965947
mode_drop,recall,3,center,264,-6.384108697,4.70889469,,0.3404409896
mode_drop,recall,3,center,265,-5.894130254,5.108093912,,0.2648255002
mode_drop,recall,3,center,266,0.2339013332,7.995568297,,0.2482586171
mode_drop,recall,3,center,267,4.294547502,5.723975549,,0.4052334654
mode_drop,recall,3,center,268,-6.999714667,-6.273331875,,0.5456972767
mode_drop,recall,3,center,269,5.36250064,3.581580972,,0.861812605
mode_drop,recall,3,center,270,0.09150744786,-7.84901665,,0.2485962842
mode_drop,recall,3,center,271,5.498830056,-6.081171522,,0.2421670457
mode_drop,recall,3,center,272,-0.3736036601,7.023460531,,0.2236121719
mode_drop,recall,3,center,273,-0.2697003697,-8.552611804,,0.2446608695
mode_drop,recall,3,center,274,5.748539642,4.45271816,,0.2116496939
mode_drop,recall,3,center,275,-5.42126434,5.800073143,,0.2814595791
mode_drop,recall,3,center,276,-5.798417082,5.217649426,,0.2041415125
mode_drop,recall,3,center,277,-5.104514357,-7.321455956,,0.7850842913
mode_drop,recall,3,center,278,6.117307588,5.899891716,,0.3698261264
mode_drop,recall,3,center,279,-5.373477957,-5.273541657,,0.294547162
mode_drop,recall,3,center,280,-0.6536444066,-8.259460058,,0.2832650012
mode_drop,recall,3,center,281,0.6370583312,-7.569360756,,0.3654875037
mode_drop,recall,3,center,282,0.2067127654,-9.514320245,,0.4545432096
mode_drop,recall,3,center,283,0.5378871149,-6.830529008,,0.3841493789
mode_drop,recall,3,center,284,1.009671493,-7.766121951,,0.2963736016
mode_drop,recall,3,center,285,-1.557678604,-7.057455186,,1.009788891
mode_drop,recall,3,center,286,5.509599613,-8.189373898,,1.215948529
mode_drop,recall,3,center,287,-5.279646846,4.164682466,,0.3943103167
mode_drop,recall,3,center,288,-6.95329483,5.021895357,,0.3623641278
mode_drop,recall,3,center,289,1.272591178,-8.370845354,,0.4062693374
mode_drop,recall,3,center,290,-5.385862662,-3.908886286,,0.2630136773
mode_drop,recall,3,center,291,7.250884012,-5.760207665,,0.5439778303
mode_drop,recall,3,center,292,-0.2415210221,6.739129366,,0.2756587706
mode_drop,recall,3,center,293,-6.351312324,-5.231495902,,0.4475779923
mode_drop,recall,3,center,294,-5.261123488,-5.546616018,,0.3273965947
mode_drop,recall,3,center,295,6.651655907,4.884486236,,0.336020632
mode_drop,recall,3,center,296,-0.05607652018,-7.268757012,,0.2699735115
mode_drop,recall,3,center,297,6.241000156,-4.585908474,,0.6355275482
mode_drop,recall,3,center,298,-5.259833843,5.347451694,,0.3925818112
mode_drop,recall,3,center,299,6.01904651,4.654259053,,0.2663770968
mode_drop,recall,3,center,300,-7.296313581,-5.076182469,,0.5567303676
mode_drop,recall,3,center,301,-5.711994582,5.965263876,,0.3343830913
mode_drop,recall,3,center,302,-1.697684364,-8.365114025,,0.5390488475
mode_drop,recall,3,center,303,-6.256711363,-6.521066364,,0.326785748
mode_drop,recall,3,center,304,3.401839243,5.321980767,,0.97904435
mode_drop,recall,3,center,305,-4.759549961,-5.275856528,,0.4094668242
mode_drop,recall,3,center,306,5.05590764,5.641978278,,0.3451783314
mode_drop,recall,3,center,307,-4.900054169,-8.417272112,,1.240025659
mode_drop,recall,3,center,308,5.532317703,6.200054397,,0.5218894873
mode_drop,recall,3,center,309,0.6821286252,-6.299269793,,0.6776725676
mode_drop,recall,3,center,310,-4.52180857,5.969417084,,0.2842348125
mode_drop,recall,3,center,311,5.958830256,-4.869908901,,0.4003449706
mode_drop,recall,3,center,312,-6.196181244,5.616666195,,0.3496049561
mode_drop,recall,3,center,313,-4.750615246,7.614299464,,1.159601663
mode_drop,recall,3,center,314,-5.816121555,-5.705254939,,0.1505162876
mode_drop,recall,3,center,315,5.855334443,-4.313650555,,0.4835567695
mode_drop,recall,3,center,316,-0.03031330359,-6.530640964,,0.456725145
mode_drop,recall,3,center,317,4.690197032,5.470817954,,0.2674502748
mode_drop,recall,3,center,318,5.458689093,-4.870348525,,0.2160458324
mode_drop,recall,3,center,319,-4.611593873,4.147409891,,0.5446250126
mode_drop,recall,3,center,320,-6.571971875,5.993706728,,0.4475863866
mode_drop,recall,3,center,321,4.998160604,-7.179282025,,0.6807022544
mode_drop,recall,3,center,322,1.038479972,-7.506029916,,0.2094121255
mode_drop,recall,3,center,323,6.150031746,5.181408533,,0.4106660423
mode_drop,recall,3,center,324,1.028938452,7.760040004,,0.2610061427
mode_drop,recall,3,center,325,1.096435278,7.088334849,,0.5860698494
mode_drop,recall,3,center,326,-0.8541354477,-7.795336789,,0.3872681578
mode_drop,recall,3,center,327,-0.7023321458,-7.324548935,,0.4852445794
mode_drop,recall,3,center,328,-5.396766505,4.733883032,,0.340696241
mode_drop,recall,3,center,329,5.72971985,-6.008131938,,0.2403137198
mode_drop,recall,3,center,330,-4.74102142,5.024301266,,0.3950507402
mode_drop,recall,3,center,331,5.217681154,6.868091155,,0.1923570584
mode_drop,recall,3,center,332,-3.41826086,7.655862914,,1.636630935
mode_drop,recall,3,center,333,0.06322301166,8.218854707,,0.2810478793
mode_drop,recall,3,center,334,7.190312912,-5.781289056,,0.5256464324
mode_drop,recall,3,center,335,-0.9763491371,-7.883124403,,0.4301361013
mode_drop,recall,3,center,336,0.4515167805,7.170850382,,0.2743743411
mode_drop,recall,3,center,337,-7.303085391,-7.093583764,,0.5894182452
mode_drop,recall,3,center,338,6.322283534,4.898477733,,0.3296694137
mode_drop,recall,3,center,339,5.515507157,-5.444295565,,0.183888882
mode_drop,recall,3,center,340,-5.03771337,-5.991757048,,0.2563257121
mode_drop,recall,3,center,341,0.4987157005,7.109939708,,0.2449154243
mode_drop,recall,3,center,342,-0.3617140257,6.975584412,,0.1872820327
mode_drop,recall,3,center,343,6.788621466,-5.683937478,,0.4404940471
mode_drop,recall,3,center,344,4.917546762,5.304482451,,0.1910885236
mode_drop,recall,3,center,345,-5.87858273,-4.956334458,,0.2804781725
mode_drop,recall,3,center,346,4.061218071,-6.694060091,,0.4339573128
mode_drop,recall,3,center,347,-6.034961501,-3.124548417,,1.018093903
mode_drop,recall,3,center,348,-4.701175357,-5.768305929,,0.4039656388
mode_drop,recall,3,center,349,-4.944854667,-3.59941808,,0.5387565515
mode_drop,recall,3,center,350,5.423110323,5.290440905,,0.2504938784
mode_drop,recall,3,center,351,1.211943543,-7.505824502,,0.1734636928
mode_drop,recall,3,center,352,0.6713331553,7.491777601,,0.2939901215
mode_drop,recall,3,center,353,1.924203132,9.709590802,,1.170666944
mode_drop,recall,3,center,354,-5.090906461,6.341144088,,0.4081403924
mode_drop,recall,3,center,355,3.629593377,-5.019144456,,0.8343432758
mode_drop,recall,3,center,356,-5.850962837,-5.222948544,,0.2741883015
mode_drop,recall,3,center,357,6.339313661,-5.998146018,,0.268286064
mode_drop,recall,3,center,358,-7.34733605,-5.288979684,,0.6489259434
mode_drop,recall,3,center,359,4.915470597,5.326660157,,0.2079955742
mode_drop,recall,3,center,360,-0.6045098441,-8.341574255,,0.3523268049
mode_drop,recall,3,center,361,3.347333292,6.873801377,,1.038316155
mode_drop,recall,3,center,362,0.2533461023,-6.888600737,,0.3205408807
mode_drop,recall,3,center,363,1.97984183,-7.977406877,,0.3627985977
mode_drop,recall,3,center,364,-1.802436256,-8.89388685,,0.5390488475
mode_drop,recall,3,center,365,-6.86375873,5.154979606,,0.3826041397
mode_drop,recall,3,center,366,-5.577206271,3.654666982,,0.5904721884
mode_drop,recall,3,center,367,0.3424754933,-9.510356653,,0.5050952349
mode_drop,recall,3,center,368,-5.359488987,5.547363104,,0.2601510292
mode_drop,recall,3,center,369,-5.970485489,5.583811194,,0.3190108782
mode_drop,recall,3,center,370,-6.196632265,-6.269325693,,0.3845980358
mode_drop,recall,3,center,371,3.974097859,-5.686481564,,0.5621425467
mode_drop,recall,3,center,372,-3.811320539,-3.676359187,,1.262558594
mode_drop,recall,3,center,373,1.321817597,8.705801601,,0.4139077586
mode_drop,recall,3,center,374,4.980374125,-4.214103461,,0.7039926247
mode_drop,recall,3,center,375,5.600726695,-5.725729759,,0.1440735226
mode_drop,recall,3,center,376,5.365627118,-5.56489235,,0.1923736231
mode_drop,recall,3,center,377,-0.4352149016,7.916217831,,0.2696533856
mode_drop,recall,3,center,378,4.572255141,-6.030517954,,0.3096338543
mode_drop,recall,3,center,379,2.28055647,-8.069594028,,0.4885595724
mode_drop,recall,3,center,380,-0.2386605648,-7.467625721,,0.2572263427
mode_drop,recall,3,center,381,6.364976071,-6.770623109,,0.189323822
mode_drop,recall,3,center,382,5.449695467,6.57513009,,0.2931150031
mode_drop,recall,3,center,383,5.926691879,-5.534900206,,0.2975996446
mode_drop,recall,3,center,384,7.210871918,4.97908149,,0.4418380497
mode_drop,recall,3,center,385,0.08274589511,7.479941335,,0.4577397248
mode_drop,recall,3,center,386,1.490308229,-9.951860399,,0.9829607882
mode_drop,recall,3,center,387,4.986712554,-6.186011216,,0.3425457616
mode_drop,recall,3,center,388,0.6635396232,8.606275476,,0.2540711503
mode_drop,recall,3,center,389,1.39519426,6.425967158,,0.7675262668
mode_drop,recall,3,center,390,-4.90637924,-5.950134114,,0.2473393202
mode_drop,recall,3,center,391,-0.6656252373,8.539568533,,0.6319849186
mode_drop,recall,3,center,392,-6.576993832,3.579940954,,0.8535207261
mode_drop,recall,3,center,393,-6.027072738,4.159083398,,0.5234390365
mode_drop,recall,3,center,394,5.007938428,-5.285299486,,0.4479729789
mode_drop,recall,3,center,395,-5.344854504,-4.069954801,,0.3227953794
mode_drop,recall,3,center,396,-0.1996547469,6.466668409,,0.4192711488
mode_drop,recall,3,center,397,-6.412951106,4.737470025,,0.3049664108
mode_drop,recall,3,center,398,4.439029091,-5.221487054,,0.5754549641
mode_drop,recall,3,center,399,-6.302086587,-7.634227066,,0.5773153178
mode_drop,recall,3,center,400,6.353777053,-5.768280818,,0.2303197768
mode_drop,recall,3,center,401,-5.300016971,-5.551132705,,0.3077952847
mode_drop,recall,3,center,402,0.6316547341,-7.961981253,,0.3210788905
mode_drop,recall,3,center,403,1.236202483,-7.57501721,,0.2386266556
mode_drop,recall,3,center,404,0.3920676234,8.409866918,,0.335072184
mode_drop,recall,3,center,405,-1.456637743,-8.164635752,,0.4751865315
mode_drop,recall,3,center,406,-0.2593164895,-7.792453279,,0.2309197791
mode_drop,recall,3,center,407,4.298160085,7.290969026,,1.01209915
mode_drop,recall,3,center,408,5.761242914,4.445536709,,0.2200439509
mode_drop,recall,3,center,409,-7.365741213,-5.938141543,,0.7500303219
mode_drop,recall,3,center,410,-0.08967541293,-8.718292086,,0.1912120716
mode_drop,recall,3,center,411,5.748968077,5.015678482,,0.1861735119
mode_drop,recall,3,center,412,0.5516582517,-8.724541818,,0.4056028288
mode_drop,recall,3,center,413,-0.0385002251,-7.021160827,,0.3073993737
mode_drop,recall,3,center,414,2.571668883,6.992356807,,0.8329137392
mode_drop,recall,3,center,415,5.192346479,4.817018552,,0.2307489604
mode_drop,recall,3,center,416,-4.872525928,4.508754944,,0.4457081829
mode_drop,recall,3,center,417,5.172497204,-5.686455533,,0.2552202426
mode_drop,recall,3,center,418,4.67817571,4.699529207,,0.4696296907
mode_drop,recall,3,center,419,-6.132477138,-7.75729449,,0.4650243017
mode_drop,recall,3,center,420,-1.445478217,7.586965912,,0.2309119765
mode_drop,recall,3,center,421,5.805084886,5.471094264,,0.1819185107
mode_drop,recall,3,center,422,3.882885555,-6.120640541,,0.5994248911
mode_drop,recall,3,center,423,0.7984376405,8.555865512,,0.3870330315
mode_drop,recall,3,center,424,-0.07874786153,-8.887369875,,0.249288774
mode_drop,recall,3,center,425,0.631216371,-8.578928981,,0.453771593
mode_drop,recall,3,center,426,-6.826102652,-6.459040485,,0.4183854423
mode_drop,recall,3,center,427,-4.208508958,5.877034288,,0.3910183478
mode_drop,recall,3,center,428,6.816101303,5.177517936,,0.336020632
mode_drop,recall,3,center,429,0.9381493392,-8.601504044,,0.3080504202
mode_drop,recall,3,center,430,5.49942688,8.143204509,,1.445781225
mode_drop,recall,3,center,431,-4.889705617,-6.158024625,,0.2226009929
mode_drop,recall,3,center,432,-0.08481903903,-7.673776579,,0.2159897231
mode_drop,recall,3,center,433,6.867311839,5.167721158,,0.355990873
mode_drop,recall,3,center,434,-1.741319085,7.720358187,,0.3588416725
mode_drop,recall,3,center,435,-5.641468792,-5.547316281,,0.1897363347
mode_drop,recall,3,center,436,1.316690136,8.316687078,,0.389148304
mode_drop,recall,3,center,437,6.469771221,-6.757967943,,0.1513968873
mode_drop,recall,3,center,438,0.8679014884,10.09621983,,1.397429333
mode_drop,recall,3,center,439,-4.883944959,-5.40329853,,0.4034892129
mode_drop,recall,3,center,440,-5.502866061,-3.86971201,,0.3034912597
mode_drop,recall,3,center,441,4.729672766,-5.767956607,,0.3061352146
mode_drop,recall,3,center,442,0.4602075929,8.744001108,,0.3410113084
mode_drop,recall,3,center,443,-6.094182155,-5.349532855,,0.3740993292
mode_drop,recall,3,center,444,5.378932768,-5.536383117,,0.1647200075
mode_drop,recall,3,center,445,-0.1320915404,-9.141593678,,0.3575695513
mode_drop,recall,3,center,446,5.635740664,-4.779702727,,0.3354460281
mode_drop,recall,3,center,447,4.689835958,5.415762501,,0.2425906389
mode_drop,recall,3,center,448,6.321634314,-6.726719356,,0.1897202943
mode_drop,recall,3,center,449,5.839492587,4.596724431,,0.1885466626
mode_drop,recall,3,center,450,-4.522223749,-3.344032868,,0.7847446438
mode_drop,recall,3,center,451,2.022255284,-8.219180678,,0.2984889752
mode_drop,recall,3,center,452,0.7401991287,-7.879002271,,0.2921597539
mode_drop,recall,3,center,453,5.758960146,-4.109097189,,0.5895299967
mode_drop,recall,3,center,454,-6.976033826,6.712148847,,0.4755735236
mode_drop,recall,3,center,455,-5.705830245,-4.248313629,,0.4026355139
mode_drop,recall,3,center,456,0.1872333689,-8.672671995,,0.2806415261
mode_drop,recall,3,center,457,0.2771403768,-7.264032905,,0.3332503827
mode_drop,recall,3,center,458,-5.621090575,6.144892526,,0.201320616
mode_drop,recall,3,center,459,-0.5216751757,5.866116099,,0.6814398242
mode_drop,recall,3,center,460,0.9000235838,8.699159736,,0.4208385712
mode_drop,recall,3,center,461,5.805032634,-5.588443687,,0.1716490711
mode_drop,recall,3,center,462,6.693150019,-6.113960975,,0.3723080341
mode_drop,recall,3,center,463,4.950320184,-5.845404119,,0.2731799429
mode_drop,recall,3,center,464,-4.467757061,4.269741345,,0.5263056765
mode_drop,recall,3,center,465,1.191829993,-8.639252854,,0.2802944079
mode_drop,recall,3,center,466,4.55611075,6.916916086,,0.6633696358
mode_drop,recall,3,center,467,5.559964155,4.356619885,,0.2640575602
mode_drop,recall,3,center,468,5.29812119,-4.725801819,,0.2974610734
mode_drop,recall,3,center,469,1.192074193,-8.427098682,,0.3080504202
mode_drop,recall,3,center,470,0.4063207591,-7.285915368,,0.3654875037
mode_drop,recall,3,center,471,5.012227756,6.011890325,,0.3724820192
mode_drop,recall,3,center,472,-0.03187791476,-8.53602441,,0.2579958349
mode_drop,recall,3,center,473,-0.4921479354,-7.932965518,,0.2744338159
mode_drop,recall,3,center,474,-5.627000763,-6.222344203,,0.4413757855
mode_drop,recall,3,center,475,5.230909141,6.770191488,,0.1056208941
mode_drop,recall,3,center,476,-5.443027114,6.541948616,,0.3083959608
mode_drop,recall,3,center,477,-4.455032018,6.245696509,,0.2547853057
mode_drop,recall,3,center,478,2.270886313,7.174695968,,0.702199249
mode_drop,recall,3,center,479,0.8084095931,7.681856027,,0.2339780158
mode_drop,recall,3,query,0,-7.69528292,-1.039984106,False,
mode_drop,recall,3,query,1,0.7504511958,-7.059435284,True,
mode_drop,recall,3,query,2,-7.607889438,4.354674743,True,
mode_drop,recall,3,query,3,5.784694653,-5.973096842,True,
mode_drop,recall,3,query,4,-8.016801158,-0.8530439276,False,
mode_drop,recall,3,query,5,6.536252224,-4.879062314,True,
mode_drop,recall,3,query,6,-7.933969302,1.127241207,False,
mode_drop,recall,3,query,7,0.4675093423,-8.859292463,True,
mode_drop,recall,3,query,8,6.025605034,-6.61573685,True,
mode_drop,recall,3,query,9,0.8784503013,-8.049925911,True,
mode_drop,recall,3,query,10,-5.841716613,-6.337783794,True,
mode_drop,recall,3,query,11,6.879395588,-5.811383732,True,
mode_drop,recall,3,query,12,5.228526427,-6.0089878,True,
mode_drop,recall,3,query,13,8.532309186,0.3654440644,False,
mode_drop,recall,3,query,14,-7.587267388,0.430821003,False,
mode_drop,recall,3,query,15,-3.515206649,-6.063269266,False,
mode_drop,recall,3,query,16,5.14461152,4.843081521,True,
mode_drop,recall,3,query,17,6.272833672,-4.527881957,True,
mode_drop,recall,3,query,18,-0.1139474577,-8.840156477,True,
mode_drop,recall,3,query,19,-8.824481216,0.6505927878,False,
mode_drop,recall,3,query,20,-4.913600078,6.200008518,True,
mode_drop,recall,3,query,21,-0.6655097073,-7.767838677,True,
mode_drop,recall,3,query,22,0.1166858091,-7.781311403,True,
mode_drop,recall,3,query,23,-4.785425472,5.880449798,True,
mode_drop,recall,3,query,24,6.335767813,5.724433319,True,
mode_drop,recall,3,query,25,-5.367734851,6.288142475,True,
mode_drop,recall,3,query,26,-7.114010069,-5.976525466,True,
mode_drop,recall,3,query,27,5.186481595,-6.295732098,True,
mode_drop,recall,3,query,28,7.724857749,1.494941311,False,
mode_drop,recall,3,query,29,4.791023134,6.625132604,True,
mode_drop,recall,3,query,30,3.973984478,-5.991739279,True,
mode_drop,recall,3,query,31,-5.494101184,-5.070631918,True,
mode_drop,recall,3,query,32,-4.94562767,6.450201485,True,
mode_drop,recall,3,query,33,-6.005579322,5.194502457,True,
mode_drop,recall,3,query,34,-4.798878368,5.465549925,True,
mode_drop,recall,3,query,35,-1.275686323,-9.133287214,True,
mode_drop,recall,3,query,36,4.737401963,-5.159693505,True,
mode_drop,recall,3,query,37,-5.514428513,6.347339604,True,
mode_drop,recall,3,query,38,-6.084106896,-5.498314558,True,
mode_drop,recall,3,query,39,-7.374409606,-0.3093465397,False,
mode_drop,recall,3,query,40,6.113629487,4.994928308,True,
mode_drop,recall,3,query,41,-6.019908096,-6.038592143,True,
mode_drop,recall,3,query,42,-6.852693895,-5.169881769,True,
mode_drop,recall,3,query,43,7.53059766,0.01249411873,False,
mode_drop,recall,3,query,44,6.137600908,-5.210323073,True,
mode_drop,recall,3,query,45,-4.991469141,-5.755339734,True,
mode_drop,recall,3,query,46,-0.423298312,-8.079718211,True,
mode_drop,recall,3,query,47,3.969519816,4.209741777,True,
mode_drop,recall,3,query,48,4.334154637,4.659607422,True,
mode_drop,recall,3,query,49,0.3997742267,-8.905479055,True,
mode_drop,recall,3,query,50,5.278691695,-4.357625952,True,
mode_drop,recall,3,query,51,-8.356263971,0.7375155685,False,
mode_drop,recall,3,query,52,4.723236569,5.451416692,True,
mode_drop,recall,3,query,53,-0.9500220549,-8.339033076,True,
mode_drop,recall,3,query,54,-4.816546112,-7.384174673,True,
mode_drop,recall,3,query,55,-5.222430606,-5.419118647,True,
mode_drop,recall,3,query,56,-8.594149956,-1.446057854,False,
mode_drop,recall,3,query,57,0.07212950771,7.470507291,True,
mode_drop,recall,3,query,58,5.889530461,5.678706395,True,
mode_drop,recall,3,query,59,7.258633141,-5.896209877,True,
mode_drop,recall,3,query,60,-6.680351742,5.836129884,True,
mode_drop,recall,3,query,61,5.876850933,-4.297666674,True,
mode_drop,recall,3,query,62,6.491965495,6.013725309,True,
mode_drop,recall,3,query,63,-4.193551358,-6.845617304,True,
mode_drop,recall,3,query,64,7.360248467,-0.9265759414,False,
mode_drop,recall,3,query,65,7.610190197,-1.376686148,False,
mode_drop,recall,3,query,66,6.292005196,5.434631552,True,
mode_drop,recall,3,query,67,-1.470806295,-9.015579081,True,
mode_drop,recall,3,query,68,0.3135138475,8.838126568,True,
mode_drop,recall,3,query,69,9.996730892,2.913862466,False,
mode_drop,recall,3,query,70,0.4144094333,7.01046188,True,
mode_drop,recall,3,query,71,-10.13204628,0.2677114623,False,
mode_drop,recall,3,query,72,-0.8129410953,-8.41535726,True,
mode_drop,recall,3,query,73,5.04475745,-5.797645136,True,
mode_drop,recall,3,query,74,6.72283448,-5.499805682,True,
mode_drop,recall,3,query,75,5.498219412,4.621200497,True,
mode_drop,recall,3,query,76,-1.674682945,7.513692091,True,
mode_drop,recall,3,query,77,5.603071699,-3.888924336,True,
mode_drop,recall,3,query,78,-5.526579728,-4.674114738,True,
mode_drop,recall,3,query,79,-6.156149848,4.471910483,True,
mode_drop,recall,3,query,80,7.034883238,-0.7252260645,False,
mode_drop,recall,3,query,81,2.128469732,-8.821386679,True,
mode_drop,recall,3,query,82,-4.818365046,4.753927071,True,
mode_drop,recall,3,query,83,-7.068426987,0.3849509661,False,
mode_drop,recall,3,query,84,-8.156637898,-0.04076252614,False,
mode_drop,recall,3,query,85,-0.6547876954,8.446072201,True,
mode_drop,recall,3,query,86,-6.11183773,-6.882460013,True,
mode_drop,recall,3,query,87,6.722062426,0.1725879177,False,
mode_drop,recall,3,query,88,9.579091256,0.1599916136,False,
mode_drop,recall,3,query,89,-5.775492576,5.942680389,True,
mode_drop,recall,3,query,90,-4.350852508,-5.437471748,True,
mode_drop,recall,3,query,91,7.589072769,1.10628871,False,
mode_drop,recall,3,query,92,8.428756438,1.535755992,False,
mode_drop,recall,3,query,93,-7.816765563,-1.224469032,False,
mode_drop,recall,3,query,94,-7.025013449,-4.005926317,True,
mode_drop,recall,3,query,95,9.723665721,-0.1795192133,False,
mode_drop,recall,3,query,96,-6.040041571,7.118298542,True,
mode_drop,recall,3,query,97,-9.107045682,-0.894727019,False,
mode_drop,recall,3,query,98,6.300181044,5.262249127,True,
mode_drop,recall,3,query,99,-0.00512186672,7.836557101,True,
mode_drop,recall,3,query,100,0.3375745488,9.407481861,True,
mode_drop,recall,3,query,101,0.0905849069,8.643938793,True,
mode_drop,recall,3,query,102,5.949827899,-0.04871840193,False,
mode_drop,recall,3,query,103,-0.8432302703,6.78118694,True,
mode_drop,recall,3,query,104,-8.878152367,-0.3341234407,False,
mode_drop,recall,3,query,105,0.9159025424,6.673607282,True,
mode_drop,recall,3,query,106,5.687485742,-6.141023683,True,
mode_drop,recall,3,query,107,-8.327673094,1.002757825,False,
mode_drop,recall,3,query,108,-7.461884563,1.337398107,False,
mode_drop,recall,3,query,109,-0.1545056792,7.304057388,True,
mode_drop,recall,3,query,110,-0.2238588169,-7.757503209,True,
mode_drop,recall,3,query,111,8.176573358,-1.084388072,False,
mode_drop,recall,3,query,112,-5.566364468,5.88508258,True,
mode_drop,recall,3,query,113,2.517474038,9.876844611,True,
mode_drop,recall,3,query,114,-8.853243351,-0.2873833615,False,
mode_drop,recall,3,query,115,-1.463442002,-8.590707014,True,
mode_drop,recall,3,query,116,-7.684394996,1.205853621,False,
mode_drop,recall,3,query,117,-0.7290838377,7.34585356,True,
mode_drop,recall,3,query,118,-7.804143279,-5.81952017,True,
mode_drop,recall,3,query,119,-6.719268661,5.127414822,True,
mode_drop,recall,3,query,120,-0.8768607782,7.905737446,True,
mode_drop,recall,3,query,121,6.242271609,-1.467045245,False,
mode_drop,recall,3,query,122,2.129247112,-9.287422581,True,
mode_drop,recall,3,query,123,-9.096785578,1.836913528,False,
mode_drop,recall,3,query,124,8.561921419,4.485287621,True,
mode_drop,recall,3,query,125,7.631751043,0.3415555509,False,
mode_drop,recall,3,query,126,1.728697644,-8.986857078,True,
mode_drop,recall,3,query,127,-0.2452778459,-7.222662424,True,
mode_drop,recall,3,query,128,8.434766074,-0.3761560712,False,
mode_drop,recall,3,query,129,-8.133822965,-1.374895808,False,
mode_drop,recall,3,query,130,-0.238173744,7.73361251,True,
mode_drop,recall,3,query,131,5.889024139,-6.212181468,True,
mode_drop,recall,3,query,132,-5.185315727,-4.644138432,True,
mode_drop,recall,3,query,133,5.812283577,6.008610658,True,
mode_drop,recall,3,query,134,-5.603698902,5.656938643,True,
mode_drop,recall,3,query,135,4.935296216,-5.340359988,True,
mode_drop,recall,3,query,136,5.559567651,-3.563685941,True,
mode_drop,recall,3,query,137,-4.083499347,-5.271007697,True,
mode_drop,recall,3,query,138,4.89379704,-6.769265721,True,
mode_drop,recall,3,query,139,6.847997203,5.919603475,True,
mode_drop,recall,3,query,140,6.136997653,3.912268263,True,
mode_drop,recall,3,query,141,-7.072561518,0.4544203382,False,
mode_drop,recall,3,query,142,4.546423565,5.185329442,False,
mode_drop,recall,3,query,143,-7.736282796,0.05246679836,False,
mode_drop,recall,3,query,144,5.364683064,-5.760342518,True,
mode_drop,recall,3,query,145,-5.908831628,-5.504291737,True,
mode_drop,recall,3,query,146,-6.528508027,-2.566658441,True,
mode_drop,recall,3,query,147,-5.893704514,5.833366671,True,
mode_drop,recall,3,query,148,5.952848239,5.284939668,True,
mode_drop,recall,3,query,149,-1.756721782,-7.672004516,True,
mode_drop,recall,3,query,150,9.727350214,-1.533861405,False,
mode_drop,recall,3,query,151,0.8638280137,-8.328525223,True,
mode_drop,recall,3,query,152,-0.06132434583,6.947101489,True,
mode_drop,recall,3,query,153,-5.991310422,-4.356809655,True,
mode_drop,recall,3,query,154,-7.417344758,1.732311605,False,
mode_drop,recall,3,query,155,1.177411889,8.439086679,True,
mode_drop,recall,3,query,156,7.400788776,-5.217861091,True,
mode_drop,recall,3,query,157,8.827988177,-0.2965709535,False,
mode_drop,recall,3,query,158,0.06654581586,-8.697423823,True,
mode_drop,recall,3,query,159,8.989583935,-1.178303623,False,
mode_drop,recall,3,query,160,0.7823503424,7.809348942,True,
mode_drop,recall,3,query,161,-4.485607156,-4.905985261,True,
mode_drop,recall,3,query,162,-3.836208092,6.387628941,True,
mode_drop,recall,3,query,163,-7.228894505,5.589901077,True,
mode_drop,recall,3,query,164,6.827992807,-0.5182798424,False,
mode_drop,recall,3,query,165,9.511228433,0.6375338109,False,
mode_drop,recall,3,query,166,-6.355784678,4.643136883,True,
mode_drop,recall,3,query,167,-5.624072157,4.4402941,True,
mode_drop,recall,3,query,168,4.985713972,5.968863721,True,
mode_drop,recall,3,query,169,1.155312036,-7.391238528,True,
mode_drop,recall,3,query,170,5.708710491,0.304366729,False,
mode_drop,recall,3,query,171,-7.927966427,0.4138902854,False,
mode_drop,recall,3,query,172,-4.040644568,-7.720092526,True,
mode_drop,recall,3,query,173,-6.247957675,6.247760572,True,
mode_drop,recall,3,query,174,6.418405601,1.475949048,False,
mode_drop,recall,3,query,175,0.3683566127,8.846583986,True,
mode_drop,recall,3,query,176,-0.5709436615,-7.18623631,True,
mode_drop,recall,3,query,177,-4.588382694,-5.423976229,True,
mode_drop,recall,3,query,178,5.891255142,5.927197489,True,
mode_drop,recall,3,query,179,-6.520199514,5.509325569,True,
mode_drop,recall,3,query,180,7.847477468,0.3833938644,False,
mode_drop,recall,3,query,181,0.9998242469,-9.058536082,True,
mode_drop,recall,3,query,182,-5.78186328,-4.175398702,True,
mode_drop,recall,3,query,183,7.256411771,-0.8222500173,False,
mode_drop,recall,3,query,184,8.202306192,0.8443851905,False,
mode_drop,recall,3,query,185,5.668280305,-4.327893659,True,
mode_drop,recall,3,query,186,0.8567939826,-7.158179933,True,
mode_drop,recall,3,query,187,6.210970751,-3.329201149,True,
mode_drop,recall,3,query,188,5.451692561,-7.660376542,True,
mode_drop,recall,3,query,189,-4.052599888,5.199154819,True,
mode_drop,recall,3,query,190,5.764734694,6.966404934,True,
mode_drop,recall,3,query,191,4.054594708,-6.908501464,True,
mode_drop,recall,3,query,192,-7.258132187,-6.45099054,True,
mode_drop,recall,3,query,193,6.096490856,6.181042092,True,
mode_drop,recall,3,query,194,8.276274179,-1.412765884,False,
mode_drop,recall,3,query,195,-7.966957686,5.711207835,True,
mode_drop,recall,3,query,196,-8.471776034,0.4593857717,False,
mode_drop,recall,3,query,197,0.7019536262,-7.861758568,True,
mode_drop,recall,3,query,198,6.416987335,-5.427642875,False,
mode_drop,recall,3,query,199,6.186918955,4.952180987,True,
mode_drop,recall,3,query,200,5.477242836,-5.460078153,True,
mode_drop,recall,3,query,201,0.8205284754,7.606258828,True,
mode_drop,recall,3,query,202,8.521167256,-0.2658387919,False,
mode_drop,recall,3,query,203,-5.774396417,6.486373292,True,
mode_drop,recall,3,query,204,-1.993060371,-9.296472328,True,
mode_drop,recall,3,query,205,4.174668852,3.32323813,False,
mode_drop,recall,3,query,206,4.978589809,6.406288149,True,
mode_drop,recall,3,query,207,5.371970183,-5.459064168,True,
mode_drop,recall,3,query,208,9.089217497,1.327686132,False,
mode_drop,recall,3,query,209,5.587716315,7.010440139,True,
mode_drop,recall,3,query,210,8.092126658,-0.8373982238,False,
mode_drop,recall,3,query,211,7.405599648,-1.480536513,False,
mode_drop,recall,3,query,212,-8.888133854,-0.3580166881,False,
mode_drop,recall,3,query,213,6.460439269,-3.936084418,True,
mode_drop,recall,3,query,214,6.617818485,0.3928274683,False,
mode_drop,recall,3,query,215,-9.040543939,0.4746970885,False,
mode_drop,recall,3,query,216,-5.7879409,3.825948424,True,
mode_drop,recall,3,query,217,-4.728557258,-6.261854962,True,
mode_drop,recall,3,query,218,-0.5339002384,-9.069752411,True,
mode_drop,recall,3,query,219,5.002570973,-5.228963809,True,
mode_drop,recall,3,query,220,-8.189244341,0.3286620023,False,
mode_drop,recall,3,query,221,6.018776103,6.977515905,True,
mode_drop,recall,3,query,222,5.314068099,-7.133712066,True,
mode_drop,recall,3,query,223,1.067222417,7.668511828,True,
mode_drop,recall,3,query,224,1.114592445,-7.616622887,True,
mode_drop,recall,3,query,225,7.86886247,0.348775894,False,
mode_drop,recall,3,query,226,-3.705841689,7.733834779,True,
mode_drop,recall,3,query,227,5.726235385,5.817044843,True,
mode_drop,recall,3,query,228,-4.580614092,-6.502515282,True,
mode_drop,recall,3,query,229,0.3330703726,-8.025862848,True,
mode_drop,recall,3,query,230,0.3139082115,-8.833368806,True,
mode_drop,recall,3,query,231,-7.246421743,-7.729837685,True,
mode_drop,recall,3,query,232,6.882615887,-0.4586752849,False,
mode_drop,recall,3,query,233,-0.2931915866,-6.062768838,True,
mode_drop,recall,3,query,234,9.10599337,-0.9620911163,False,
mode_drop,recall,3,query,235,8.347708452,-0.4070782364,False,
mode_drop,recall,3,query,236,-5.941218088,-5.4715286,True,
mode_drop,recall,3,query,237,6.276025366,5.317595766,True,
mode_drop,recall,3,query,238,1.063851533,6.858061774,True,
mode_drop,recall,3,query,239,-5.650515187,8.254527976,True,
mode_drop,recall,3,query,240,8.223079743,1.433214507,False,
mode_drop,recall,3,query,241,-5.565334071,-5.076077154,True,
mode_drop,recall,3,query,242,5.600071055,5.486446668,True,
mode_drop,recall,3,query,243,-6.436336646,6.087155608,True,
mode_drop,recall,3,query,244,-8.851537189,0.6655852363,False,
mode_drop,recall,3,query,245,6.742141254,6.023385657,True,
mode_drop,recall,3,query,246,-5.943102983,-5.20288867,True,
mode_drop,recall,3,query,247,-8.308673056,0.9355471255,False,
mode_drop,recall,3,query,248,-7.488260334,5.321246881,True,
mode_drop,recall,3,query,249,3.666042254,4.161793419,True,
mode_drop,recall,3,query,250,9.36386223,0.895184982,False,
mode_drop,recall,3,query,251,4.937374016,4.154350793,True,
mode_drop,recall,3,query,252,-2.964528838,7.456504492,True,
mode_drop,recall,3,query,253,2.420415012,8.434884271,True,
mode_drop,recall,3,query,254,-8.559572286,0.4650802095,False,
mode_drop,recall,3,query,255,4.095895896,5.359530887,True,
mode_drop,recall,3,query,256,5.756331723,5.570753598,True,
mode_drop,recall,3,query,257,6.447660371,6.001499476,True,
mode_drop,recall,3,query,258,-7.331673982,-0.6883722822,False,
mode_drop,recall,3,query,259,0.8978154084,-6.371063052,True,
mode_drop,recall,3,query,260,-0.9701495197,7.112304344,True,
mode_drop,recall,3,query,261,9.335784336,-0.1913439867,False,
mode_drop,recall,3,query,262,-4.253032857,-6.099389961,True,
mode_drop,recall,3,query,263,1.455045576,8.131485817,True,
mode_drop,recall,3,query,264,0.2582288233,-6.435281978,True,
mode_drop,recall,3,query,265,-8.361770477,-0.9411220959,False,
mode_drop,recall,3,query,266,-8.448564208,0.4523339506,False,
mode_drop,recall,3,query,267,-7.222613322,-5.019383347,True,
mode_drop,recall,3,query,268,-0.5387713176,9.147812661,True,
mode_drop,recall,3,query,269,-2.394260305,-8.786565775,True,
mode_drop,recall,3,query,270,-1.686468151,-8.826229466,True,
mode_drop,recall,3,query,271,-5.409188348,-5.836080875,True,
mode_drop,recall,3,query,272,-0.2533775689,-8.159184871,True,
mode_drop,recall,3,query,273,-5.453466009,4.648318208,True,
mode_drop,recall,3,query,274,-4.950004609,6.31952022,True,
mode_drop,recall,3,query,275,8.385037938,0.5565334428,False,
mode_drop,recall,3,query,276,-7.703581999,2.035073303,False,
mode_drop,recall,3,query,277,-5.743948421,-5.963937468,True,
mode_drop,recall,3,query,278,-6.41038183,-6.68911692,True,
mode_drop,recall,3,query,279,-9.244471788,-0.8887973132,False,
mode_drop,recall,3,query,280,-5.727534631,5.991149378,True,
mode_drop,recall,3,query,281,-5.605712191,4.891318972,True,
mode_drop,recall,3,query,282,-4.756669685,6.396266922,True,
mode_drop,recall,3,query,283,5.497205942,5.003938105,True,
mode_drop,recall,3,query,284,-5.108426329,-5.468880662,True,
mode_drop,recall,3,query,285,4.20872699,5.588873994,True,
mode_drop,recall,3,query,286,-7.737964188,-0.8996947865,False,
mode_drop,recall,3,query,287,5.846697642,4.202031764,True,
mode_drop,recall,3,query,288,6.99304035,6.904804235,True,
mode_drop,recall,3,query,289,-5.909371584,6.020308587,True,
mode_drop,recall,3,query,290,5.590078034,-1.15634766,False,
mode_drop,recall,3,query,291,5.363075329,-6.728987271,True,
mode_drop,recall,3,query,292,0.7143964826,-6.002703469,True,
mode_drop,recall,3,query,293,-1.176614719,7.162536596,True,
mode_drop,recall,3,query,294,-5.421405881,7.267970398,True,
mode_drop,recall,3,query,295,-1.222374313,8.249036122,True,
mode_drop,recall,3,query,296,-3.835555399,-7.308613398,False,
mode_drop,recall,3,query,297,6.718930793,-0.4236066065,False,
mode_drop,recall,3,query,298,-0.5205884129,8.812601288,True,
mode_drop,recall,3,query,299,-7.75834028,-1.77496206,False,
mode_drop,recall,3,query,300,-5.141443847,5.079315362,True,
mode_drop,recall,3,query,301,-6.725552783,-0.6275875364,False,
mode_drop,recall,3,query,302,-0.6366152831,8.541131611,True,
mode_drop,recall,3,query,303,-7.237073518,0.4480993639,False,
mode_drop,recall,3,query,304,6.314402683,0.5380344399,False,
mode_drop,recall,3,query,305,4.622546198,-5.421578138,True,
mode_drop,recall,3,query,306,-1.423734435,-7.553677852,True,
mode_drop,recall,3,query,307,-0.8065989043,-9.28263465,True,
mode_drop,recall,3,query,308,8.713820136,0.2416445217,False,
mode_drop,recall,3,query,309,-6.270831051,-4.2056754,True,
mode_drop,recall,3,query,310,-0.4406524216,8.032107674,True,
mode_drop,recall,3,query,311,5.925767697,5.037188315,True,
mode_drop,recall,3,query,312,6.127990543,-6.190306597,True,
mode_drop,recall,3,query,313,7.588361678,1.36264264,False,
mode_drop,recall,3,query,314,-1.040586053,5.587219669,True,
mode_drop,recall,3,query,315,-6.389063005,2.549327953,False,
mode_drop,recall,3,query,316,-0.4052692654,-9.936838041,True,
mode_drop,recall,3,query,317,-0.3104839762,-8.28622295,True,
mode_drop,recall,3,query,318,-0.189923841,-9.113388042,True,
mode_drop,recall,3,query,319,-7.420438858,0.5245073753,False,
mode_drop,recall,3,query,320,-7.151259869,6.356050981,True,
mode_drop,recall,3,query,321,7.709539231,-5.484893917,True,
mode_drop,recall,3,query,322,-5.994179412,-5.798857464,True,
mode_drop,recall,3,query,323,0.615256767,6.269328394,True,
mode_drop,recall,3,query,324,-5.492463547,-6.047318199,True,
mode_drop,recall,3,query,325,-3.809029237,-5.831026983,True,
mode_drop,recall,3,query,326,1.667887611,6.896259302,True,
mode_drop,recall,3,query,327,6.244113416,5.976254513,True,
mode_drop,recall,3,query,328,-0.8690472479,8.177396115,True,
mode_drop,recall,3,query,329,-4.444335413,5.333062545,True,
mode_drop,recall,3,query,330,6.308037351,-0.01756282648,False,
mode_drop,recall,3,query,331,-6.559277344,-5.999195188,True,
mode_drop,recall,3,query,332,-8.08158777,-1.705652216,False,
mode_drop,recall,3,query,333,6.384341661,0.4820668355,False,
mode_drop,recall,3,query,334,-8.522718696,-2.564744342,False,
mode_drop,recall,3,query,335,6.441698286,-5.384484494,False,
mode_drop,recall,3,query,336,-6.370729074,-6.973684461,True,
mode_drop,recall,3,query,337,-7.164192104,0.3493506226,False,
mode_drop,recall,3,query,338,8.039456532,6.077042848,True,
mode_drop,recall,3,query,339,6.044557391,-5.82378218,True,
mode_drop,recall,3,query,340,-4.840078382,6.281939451,True,
mode_drop,recall,3,query,341,1.251725009,7.478677081,True,
mode_drop,recall,3,query,342,-6.092261722,-6.13595742,True,
mode_drop,recall,3,query,343,6.447655971,-4.158479809,True,
mode_drop,recall,3,query,344,-0.4588404931,7.575226272,True,
mode_drop,recall,3,query,345,-7.685922776,-0.2457615,False,
mode_drop,recall,3,query,346,0.9520536531,-10.25177729,True,
mode_drop,recall,3,query,347,4.830149203,-6.439270583,True,
mode_drop,recall,3,query,348,3.336498237,-6.620492694,True,
mode_drop,recall,3,query,349,-6.572010365,-5.857958904,True,
mode_drop,recall,3,query,350,1.112965892,7.754939349,True,
mode_drop,recall,3,query,351,-1.03081372,7.943045459,True,
mode_drop,recall,3,query,352,-6.950826379,-0.9759588161,False,
mode_drop,recall,3,query,353,-0.9105748839,8.558548959,True,
mode_drop,recall,3,query,354,-8.221536116,0.6474846907,False,
mode_drop,recall,3,query,355,5.643207458,6.358517898,True,
mode_drop,recall,3,query,356,6.964921886,-0.01208465079,False,
mode_drop,recall,3,query,357,5.446164235,4.440963325,True,
mode_drop,recall,3,query,358,-1.563477948,-7.314250965,True,
mode_drop,recall,3,query,359,7.649047618,-1.022280282,False,
mode_drop,recall,3,query,360,5.560675313,6.784873107,True,
mode_drop,recall,3,query,361,-7.937592095,-7.153492939,True,
mode_drop,recall,3,query,362,4.733967808,7.118033116,True,
mode_drop,recall,3,query,363,8.282586983,0.7673172405,False,
mode_drop,recall,3,query,364,-1.140160919,-9.119535875,True,
mode_drop,recall,3,query,365,-5.209040533,5.71512858,True,
mode_drop,recall,3,query,366,0.5487388189,7.812329009,True,
mode_drop,recall,3,query,367,-7.721856274,0.1581190849,False,
mode_drop,recall,3,query,368,-7.222232611,0.8070082819,False,
mode_drop,recall,3,query,369,-7.276726244,-7.904122805,True,
mode_drop,recall,3,query,370,6.658599647,-4.469129156,True,
mode_drop,recall,3,query,371,6.97937698,-1.859835407,False,
mode_drop,recall,3,query,372,-5.557819428,-4.726016023,True,
mode_drop,recall,3,query,373,-3.859259727,-5.140556677,False,
mode_drop,recall,3,query,374,-0.3717166966,-8.893130622,True,
mode_drop,recall,3,query,375,5.668305541,-5.956118953,True,
mode_drop,recall,3,query,376,-6.671922155,7.7056099,True,
mode_drop,recall,3,query,377,-3.871685847,6.792902933,True,
mode_drop,recall,3,query,378,4.736003852,-4.801834925,True,
mode_drop,recall,3,query,379,0.6396264095,-7.557454376,True,
mode_drop,recall,3,query,380,6.906519517,-5.021483107,True,
mode_drop,recall,3,query,381,-7.259985764,0.6369062834,False,
mode_drop,recall,3,query,382,-5.316062841,3.87324312,True,
mode_drop,recall,3,query,383,5.740475327,5.100662291,True,
mode_drop,recall,3,query,384,-1.279840958,-6.318183381,True,
mode_drop,recall,3,query,385,1.728995341,9.3592206,True,
mode_drop,recall,3,query,386,5.912067666,7.00747937,True,
mode_drop,recall,3,query,387,-7.987946819,0.2027972769,False,
mode_drop,recall,3,query,388,-1.09347137,-7.603008696,True,
mode_drop,recall,3,query,389,0.06038592842,-9.302652117,True,
mode_drop,recall,3,query,390,-0.05119711182,7.920270436,True,
mode_drop,recall,3,query,391,7.454415416,-4.762640921,True,
mode_drop,recall,3,query,392,8.011445439,0.2487873098,False,
mode_drop,recall,3,query,393,0.0442123781,-8.202913985,True,
mode_drop,recall,3,query,394,-1.082427197,-8.151051878,True,
mode_drop,recall,3,query,395,-6.402952506,4.406538711,True,
mode_drop,recall,3,query,396,0.5112218145,8.39126466,True,
mode_drop,recall,3,query,397,-1.786707511,-8.122684637,True,
mode_drop,recall,3,query,398,6.652555635,6.716077988,True,
mode_drop,recall,3,query,399,1.025836843,8.038913207,True,
mode_drop,recall,3,query,400,-6.501899577,4.573155422,True,
mode_drop,recall,3,query,401,0.3446049048,8.379280034,True,
mode_drop,recall,3,query,402,-4.369523138,6.7568339,True,
mode_drop,recall,3,query,403,5.524625593,4.412648371,True,
mode_drop,recall,3,query,404,-5.975960847,-5.439623055,True,
mode_drop,recall,3,query,405,-8.202083245,-0.5778941081,False,
mode_drop,recall,3,query,406,-7.747115185,-0.5039577414,False,
mode_drop,recall,3,query,407,5.028788166,-5.345401415,True,
mode_drop,recall,3,query,408,5.254861669,5.900958638,True,
mode_drop,recall,3,query,409,-5.383650227,4.517425248,True,
mode_drop,recall,3,query,410,5.175613126,7.094631189,True,
mode_drop,recall,3,query,411,4.494774737,-7.773508698,True,
mode_drop,recall,3,query,412,3.795009096,5.685964196,True,
mode_drop,recall,3,query,413,8.030917278,-0.1176108554,False,
mode_drop,recall,3,query,414,1.214189829,-10.67283443,True,
mode_drop,recall,3,query,415,-7.604066126,1.561438202,False,
mode_drop,recall,3,query,416,-6.784635014,5.277047738,True,
mode_drop,recall,3,query,417,-0.7528919172,-8.894346046,True,
mode_drop,recall,3,query,418,5.330592244,-4.229368966,True,
mode_drop,recall,3,query,419,-6.162613325,-0.335939225,False,
mode_drop,recall,3,query,420,7.561914464,5.692430726,True,
mode_drop,recall,3,query,421,1.753691027,7.90670135,True,
mode_drop,recall,3,query,422,5.787912076,-5.291379777,True,
mode_drop,recall,3,query,423,-2.47800057,6.508139824,True,
mode_drop,recall,3,query,424,4.94958972,-4.687856379,True,
mode_drop,recall,3,query,425,-6.018686787,-6.146604432,True,
mode_drop,recall,3,query,426,-4.74825289,5.687939837,True,
mode_drop,recall,3,query,427,0.2785759145,8.013985222,True,
mode_drop,recall,3,query,428,-5.320271123,6.081820147,True,
mode_drop,recall,3,query,429,3.719887317,-4.990281581,True,
mode_drop,recall,3,query,430,4.67483483,-7.099153385,True,
mode_drop,recall,3,query,431,-0.05841124386,8.083981003,True,
mode_drop,recall,3,query,432,-6.350360414,-4.825822392,True,
mode_drop,recall,3,query,433,-6.999029416,-6.063797998,True,
mode_drop,recall,3,query,434,-6.241728384,5.610266979,True,
mode_drop,recall,3,query,435,5.935718534,4.6489613,True,
mode_drop,recall,3,query,436,0.7242826775,8.063002368,True,
mode_drop,recall,3,query,437,3.764907996,-7.61544569,True,
mode_drop,recall,3,query,438,-0.01231929293,7.779032682,True,
mode_drop,recall,3,query,439,5.553434136,5.628871793,True,
mode_drop,recall,3,query,440,5.882414089,-4.70920464,True,
mode_drop,recall,3,query,441,-6.76795915,4.484882657,True,
mode_drop,recall,3,query,442,-1.093323858,8.288916667,True,
mode_drop,recall,3,query,443,1.244947379,-8.431339438,True,
mode_drop,recall,3,query,444,3.155154405,-7.360847112,True,
mode_drop,recall,3,query,445,-0.8330367228,7.442271113,True,
mode_drop,recall,3,query,446,-6.065242877,-5.618273127,True,
mode_drop,recall,3,query,447,7.688253669,1.049339611,False,
mode_drop,recall,3,query,448,-6.332871555,-6.519172209,True,
mode_drop,recall,3,query,449,6.135729788,-7.192496319,True,
mode_drop,recall,3,query,450,0.3896917053,8.102553184,True,
mode_drop,recall,3,query,451,-5.804296739,7.245130357,True,
mode_drop,recall,3,query,452,7.377792555,2.060298171,False,
mode_drop,recall,3,query,453,5.4314228,4.379837805,True,
mode_drop,recall,3,query,454,-7.930080419,-1.0762452,False,
mode_drop,recall,3,query,455,-0.7517558478,8.3970333,True,
mode_drop,recall,3,query,456,0.5555820887,7.3778323,True,
mode_drop,recall,3,query,457,0.987405145,-6.842492242,True,
mode_drop,recall,3,query,458,-6.563698243,0.5294134071,False,
mode_drop,recall,3,query,459,1.363428712,6.119201572,True,
mode_drop,recall,3,query,460,-0.3179065486,7.132994744,True,
mode_drop,recall,3,query,461,-5.537628388,5.08540503,True,
mode_drop,recall,3,query,462,-8.166157842,1.88217488,False,
mode_drop,recall,3,query,463,7.830280204,0.4137923172,False,
mode_drop,recall,3,query,464,-5.889123579,-5.581140962,True,
mode_drop,recall,3,query,465,-5.650837569,-5.208530184,True,
mode_drop,recall,3,query,466,9.165307536,1.647393998,False,
mode_drop,recall,3,query,467,5.966474331,6.246401136,True,
mode_drop,recall,3,query,468,-6.807718759,-5.744730992,True,
mode_drop,recall,3,query,469,6.597143714,-4.790885611,True,
mode_drop,recall,3,query,470,5.868463982,6.543248209,True,
mode_drop,recall,3,query,471,-5.16608754,-4.456547991,True,
mode_drop,recall,3,query,472,0.289359157,7.644301684,True,
mode_drop,recall,3,query,473,8.335841257,-2.930594376,True,
mode_drop,recall,3,query,474,-5.273968513,2.008441424,False,
mode_drop,recall,3,query,475,-1.723463407,-7.548231399,True,
mode_drop,recall,3,query,476,-5.179324912,4.494425469,True,
mode_drop,recall,3,query,477,7.287897958,1.370540989,False,
mode_drop,recall,3,query,478,5.172824118,-3.413933937,False,
mode_drop,recall,3,query,479,-0.001919853176,-7.591963823,True,
mode_invent,precision,3,center,0,-7.69528292,-1.039984106,,0.2375810017
mode_invent,precision,3,center,1,0.7504511958,-7.059435284,,0.5102010873
mode_invent,precision,3,center,2,-7.607889438,4.354674743,,1.12736302
mode_invent,precision,3,center,3,5.784694653,-5.973096842,,0.2608564746
mode_invent,precision,3,center,4,-8.016801158,-0.8530439276,,0.3317180659
mode_invent,precision,3,center,5,6.536252224,-4.879062314,,0.427801456
mode_invent,precision,3,center,6,-7.933969302,1.127241207,,0.420891344
mode_invent,precision,3,center,7,0.4675093423,-8.859292463,,0.4324039847
mode_invent,precision,3,center,8,6.025605034,-6.61573685,,0.5828183651
mode_invent,precision,3,center,9,0.8784503013,-8.049925911,,0.4934720079
mode_invent,precision,3,center,10,-5.841716613,-6.337783794,,0.3482353346
mode_invent,precision,3,center,11,6.879395588,-5.811383732,,0.6008980258
mode_invent,precision,3,center,12,5.228526427,-6.0089878,,0.2898103866
mode_invent,precision,3,center,13,8.532309186,0.3654440644,,0.473141869
mode_invent,precision,3,center,14,-7.587267388,0.430821003,,0.341119457
mode_invent,precision,3,center,15,-3.515206649,-6.063269266,,0.9750051203
mode_invent,precision,3,center,16,5.14461152,4.843081521,,0.5026261863
mode_invent,precision,3,center,17,6.272833672,-4.527881957,,0.4175499081
mode_invent,precision,3,center,18,-0.1139474577,-8.840156477,,0.2835981293
mode_invent,precision,3,center,19,-8.824481216,0.6505927878,,0.3234063353
mode_invent,precision,3,center,20,-4.913600078,6.200008518,,0.2512857125
mode_invent,precision,3,center,21,-0.6655097073,-7.767838677,,0.4586067029
mode_invent,precision,3,center,22,0.1166858091,-7.781311403,,0.3413758522
mode_invent,precision,3,center,23,-4.785425472,5.880449798,,0.4051924008
mode_invent,precision,3,center,24,6.335767813,5.724433319,,0.2988069609
mode_invent,precision,3,center,25,-5.367734851,6.288142475,,0.4189070519
mode_invent,precision,3,center,26,-7.114010069,-5.976525466,,0.4958712442
mode_invent,precision,3,center,27,5.186481595,-6.295732098,,0.4678625781
mode_invent,precision,3,center,28,7.724857749,1.494941311,,0.4471025993
mode_invent,precision,3,center,29,4.791023134,6.625132604,,0.6069088757
mode_invent,precision,3,center,30,3.973984478,-5.991739279,,0.9202993597
mode_invent,precision,3,center,31,-5.494101184,-5.070631918,,0.3504570298
mode_invent,precision,3,center,32,-4.94562767,6.450201485,,0.1986271989
mode_invent,precision,3,center,33,-6.005579322,5.194502457,,0.5018106692
mode_invent,precision,3,center,34,-4.798878368,5.465549925,,0.4151179177
mode_invent,precision,3,center,35,-1.275686323,-9.133287214,,0.4922881914
mode_invent,precision,3,center,36,4.737401963,-5.159693505,,0.2859639971
mode_invent,precision,3,center,37,-5.514428513,6.347339604,,0.3289341487
mode_invent,precision,3,center,38,-6.084106896,-5.498314558,,0.1453777806
mode_invent,precision,3,center,39,-7.374409606,-0.3093465397,,0.4204556676
mode_invent,precision,3,center,40,6.113629487,4.994928308,,0.3259783786
mode_invent,precision,3,center,41,-6.019908096,-6.038592143,,0.2411113473
mode_invent,precision,3,center,42,-6.852693895,-5.169881769,,0.6088643371
mode_invent,precision,3,center,43,7.53059766,0.01249411873,,0.487831358
mode_invent,precision,3,center,44,6.137600908,-5.210323073,,0.358960261
mode_invent,precision,3,center,45,-4.991469141,-5.755339734,,0.4254509002
mode_invent,precision,3,center,46,-0.423298312,-8.079718211,,0.3789440854
mode_invent,precision,3,center,47,3.969519816,4.209741777,,0.9099312304
mode_invent,precision,3,center,48,4.334154637,4.659607422,,0.739364649
mode_invent,precision,3,center,49,0.3997742267,-8.905479055,,0.3928462211
mode_invent,precision,3,center,50,5.278691695,-4.357625952,,0.4662190964
mode_invent,precision,3,center,51,-8.356263971,0.7375155685,,0.2667787342
mode_invent,precision,3,center,52,4.723236569,5.451416692,,0.5802118709
mode_invent,precision,3,center,53,-0.9500220549,-8.339033076,,0.57178651
mode_invent,precision,3,center,54,-4.816546112,-7.384174673,,0.9126813238
mode_invent,precision,3,center,55,-5.222430606,-5.419118647,,0.4418686496
mode_invent,precision,3,center,56,-8.594149956,-1.446057854,,0.5745513268
mode_invent,precision,3,center,57,0.07212950771,7.470507291,,0.3198742206
mode_invent,precision,3,center,58,5.889530461,5.678706395,,0.2484970789
mode_invent,precision,3,center,59,7.258633141,-5.896209877,,0.6664956792
mode_invent,precision,3,center,60,-6.680351742,5.836129884,,0.4933604178
mode_invent,precision,3,center,61,5.876850933,-4.297666674,,0.458040834
mode_invent,precision,3,center,62,6.491965495,6.013725309,,0.2506685334
mode_invent,precision,3,center,63,-4.193551358,-6.845617304,,0.7485942127
mode_invent,precision,3,center,64,7.360248467,-0.9265759414,,0.3826281556
mode_invent,precision,3,center,65,7.610190197,-1.376686148,,0.5148495565
mode_invent,precision,3,center,66,6.292005196,5.434631552,,0.293087411
mode_invent,precision,3,center,67,-1.470806295,-9.015579081,,0.3466026245
mode_invent,precision,3,center,68,0.3135138475,8.838126568,,0.4598986792
mode_invent,precision,3,center,69,9.996730892,2.913862466,,2.08751559
mode_invent,precision,3,center,70,0.4144094333,7.01046188,,0.5734085172
mode_invent,precision,3,center,71,-10.13204628,0.2677114623,,1.362470003
mode_invent,precision,3,center,72,-0.8129410953,-8.41535726,,0.4827381907
mode_invent,precision,3,center,73,5.04475745,-5.797645136,,0.4525255805
mode_invent,precision,3,center,74,6.72283448,-5.499805682,,0.3487008194
mode_invent,precision,3,center,75,5.498219412,4.621200497,,0.2504350945
mode_invent,precision,3,center,76,-1.674682945,7.513692091,,0.8108510777
mode_invent,precision,3,center,77,5.603071699,-3.888924336,,0.4437862425
mode_invent,precision,3,center,78,-5.526579728,-4.674114738,,0.3978451075
mode_invent,precision,3,center,79,-6.156149848,4.471910483,,0.3602685291
mode_invent,precision,3,center,80,7.034883238,-0.7252260645,,0.3069766509
mode_invent,precision,3,center,81,2.128469732,-8.821386679,,0.9657891073
mode_invent,precision,3,center,82,-4.818365046,4.753927071,,0.6127645943
mode_invent,precision,3,center,83,-7.068426987,0.3849509661,,0.1800815715
mode_invent,precision,3,center,84,-8.156637898,-0.04076252614,,0.4305695283
mode_invent,precision,3,center,85,-0.6547876954,8.446072201,,0.2794245996
mode_invent,precision,3,center,86,-6.11183773,-6.882460013,,0.4252457886
mode_invent,precision,3,center,87,6.722062426,0.1725879177,,0.455602972
mode_invent,precision,3,center,88,9.579091256,0.1599916136,,0.4823400388
mode_invent,precision,3,center,89,-5.775492576,5.942680389,,0.1610079233
mode_invent,precision,3,center,90,-4.350852508,-5.437471748,,0.5483034757
mode_invent,precision,3,center,91,7.589072769,1.10628871,,0.4006688577
mode_invent,precision,3,center,92,8.428756438,1.535755992,,0.7050809907
mode_invent,precision,3,center,93,-7.816765563,-1.224469032,,0.3341974971
mode_invent,precision,3,center,94,-7.025013449,-4.005926317,,1.061784484
mode_invent,precision,3,center,95,9.723665721,-0.1795192133,,0.844218719
mode_invent,precision,3,center,96,-6.040041571,7.118298542,,0.6854902403
mode_invent,precision,3,center,97,-9.107045682,-0.894727019,,0.6055316025
mode_invent,precision,3,center,98,6.300181044,5.262249127,,0.3259783786
mode_invent,precision,3,center,99,-0.00512186672,7.836557101,,0.2530975008
mode_invent,precision,3,center,100,0.3375745488,9.407481861,,0.8024972897
mode_invent,precision,3,center,101,0.0905849069,8.643938793,,0.3668384085
mode_invent,precision,3,center,102,5.949827899,-0.04871840193,,0.6859556672
mode_invent,precision,3,center,103,-0.8432302703,6.78118694,,0.5760883615
mode_invent,precision,3,center,104,-8.878152367,-0.3341234407,,0.6055316025
mode_invent,precision,3,center,105,0.9159025424,6.673607282,,0.6041244561
mode_invent,precision,3,center,106,5.687485742,-6.141023683,,0.2137315043
mode_invent,precision,3,center,107,-8.327673094,1.002757825,,0.3707884281
mode_invent,precision,3,center,108,-7.461884563,1.337398107,,0.3974172431
mode_invent,precision,3,center,109,-0.1545056792,7.304057388,,0.3689177073
mode_invent,precision,3,center,110,-0.2238588169,-7.757503209,,0.3789440854
mode_invent,precision,3,center,111,8.176573358,-1.084388072,,0.5311692618
mode_invent,precision,3,center,112,-5.566364468,5.88508258,,0.231178537
mode_invent,precision,3,center,113,2.517474038,9.876844611,,1.965429834
mode_invent,precision,3,center,114,-8.853243351,-0.2873833615,,0.6582415527
mode_invent,precision,3,center,115,-1.463442002,-8.590707014,,0.5688106315
mode_invent,precision,3,center,116,-7.684394996,1.205853621,,0.3645450887
mode_invent,precision,3,center,117,-0.7290838377,7.34585356,,0.3544619958
mode_invent,precision,3,center,118,-7.804143279,-5.81952017,,0.8413560426
mode_invent,precision,3,center,119,-6.719268661,5.127414822,,0.5953593882
mode_invent,precision,3,center,120,-0.8768607782,7.905737446,,0.4400938316
mode_invent,precision,3,center,121,6.242271609,-1.467045245,,1.085600705
mode_invent,precision,3,center,122,2.129247112,-9.287422581,,1.152382331
mode_invent,precision,3,center,123,-9.096785578,1.836913528,,1.196727513
mode_invent,precision,3,center,124,8.561921419,4.485287621,,2.127922752
mode_invent,precision,3,center,125,7.631751043,0.3415555509,,0.2372213354
mode_invent,precision,3,center,126,1.728697644,-8.986857078,,0.7323894518
mode_invent,precision,3,center,127,-0.2452778459,-7.222662424,,0.5352695021
mode_invent,precision,3,center,128,8.434766074,-0.3761560712,,0.4011949809
mode_invent,precision,3,center,129,-8.133822965,-1.374895808,,0.3615289899
mode_invent,precision,3,center,130,-0.238173744,7.73361251,,0.264199626
mode_invent,precision,3,center,131,5.889024139,-6.212181468,,0.2608564746
mode_invent,precision,3,center,132,-5.185315727,-4.644138432,,0.3813960509
mode_invent,precision,3,center,133,5.812283577,6.008610658,,0.2834062454
mode_invent,precision,3,center,134,-5.603698902,5.656938643,,0.3394555998
mode_invent,precision,3,center,135,4.935296216,-5.340359988,,0.2679599093
mode_invent,precision,3,center,136,5.559567651,-3.563685941,,0.6923215407
mode_invent,precision,3,center,137,-4.083499347,-5.271007697,,0.5275476902
mode_invent,precision,3,center,138,4.89379704,-6.769265721,,0.47100368
mode_invent,precision,3,center,139,6.847997203,5.919603475,,0.4086276221
mode_invent,precision,3,center,140,6.136997653,3.912268263,,0.7908095803
mode_invent,precision,3,center,141,-7.072561518,0.4544203382,,0.1646333885
mode_invent,precision,3,center,142,4.546423565,5.185329442,,0.5262007049
mode_invent,precision,3,center,143,-7.736282796,0.05246679836,,0.3024504084
mode_invent,precision,3,center,144,5.364683064,-5.760342518,,0.3206686623
mode_invent,precision,3,center,145,-5.908831628,-5.504291737,,0.09321142924
mode_invent,precision,3,center,146,-6.528508027,-2.566658441,,1.645806212
mode_invent,precision,3,center,147,-5.893704514,5.833366671,,0.2291458327
mode_invent,precision,3,center,148,5.952848239,5.284939668,,0.3248228383
mode_invent,precision,3,center,149,-1.756721782,-7.672004516,,0.4066088824
mode_invent,precision,3,center,150,9.727350214,-1.533861405,,1.354347203
mode_invent,precision,3,center,151,0.8638280137,-8.328525223,,0.4940388929
mode_invent,precision,3,center,152,-0.06132434583,6.947101489,,0.4799345452
mode_invent,precision,3,center,153,-5.991310422,-4.356809655,,0.5627229637
mode_invent,precision,3,center,154,-7.417344758,1.732311605,,0.4166490173
mode_invent,precision,3,center,155,1.177411889,8.439086679,,0.5888679742
mode_invent,precision,3,center,156,7.400788776,-5.217861091,,0.5318518714
mode_invent,precision,3,center,157,8.827988177,-0.2965709535,,0.4928290507
mode_invent,precision,3,center,158,0.06654581586,-8.697423823,,0.3928462211
mode_invent,precision,3,center,159,8.989583935,-1.178303623,,0.8184169644
mode_invent,precision,3,center,160,0.7823503424,7.809348942,,0.2602151305
mode_invent,precision,3,center,161,-4.485607156,-4.905985261,,0.5483034757
mode_invent,precision,3,center,162,-3.836208092,6.387628941,,0.9205021239
mode_invent,precision,3,center,163,-7.228894505,5.589901077,,0.6012718093
mode_invent,precision,3,center,164,6.827992807,-0.5182798424,,0.292626706
mode_invent,precision,3,center,165,9.511228433,0.6375338109,,0.8089520735
mode_invent,precision,3,center,166,-6.355784678,4.643136883,,0.2630067402
mode_invent,precision,3,center,167,-5.624072157,4.4402941,,0.4480293702
mode_invent,precision,3,center,168,4.985713972,5.968863721,,0.5802118709
mode_invent,precision,3,center,169,1.155312036,-7.391238528,,0.5234555309
mode_invent,precision,3,center,170,5.708710491,0.304366729,,0.6803170754
mode_invent,precision,3,center,171,-7.927966427,0.4138902854,,0.3284818142
mode_invent,precision,3,center,172,-4.040644568,-7.720092526,,0.8877428689
mode_invent,precision,3,center,173,-6.247957675,6.247760572,,0.5302794497
mode_invent,precision,3,center,174,6.418405601,1.475949048,,0.9944657884
mode_invent,precision,3,center,175,0.3683566127,8.846583986,,0.4679071774
mode_invent,precision,3,center,176,-0.5709436615,-7.18623631,,0.6683819476
mode_invent,precision,3,center,177,-4.588382694,-5.423976229,,0.5219787261
mode_invent,precision,3,center,178,5.891255142,5.927197489,,0.2484970789
mode_invent,precision,3,center,179,-6.520199514,5.509325569,,0.3639365282
mode_invent,precision,3,center,180,7.847477468,0.3833938644,,0.2121424527
mode_invent,precision,3,center,181,0.9998242469,-9.058536082,,0.6733951141
mode_invent,precision,3,center,182,-5.78186328,-4.175398702,,0.5602565279
mode_invent,precision,3,center,183,7.256411771,-0.8222500173,,0.4406529413
mode_invent,precision,3,center,184,8.202306192,0.8443851905,,0.5534042919
mode_invent,precision,3,center,185,5.668280305,-4.327893659,,0.3907215043
mode_invent,precision,3,center,186,0.8567939826,-7.158179933,,0.3787206581
mode_invent,precision,3,center,187,6.210970751,-3.329201149,,0.8263360717
mode_invent,precision,3,center,188,5.451692561,-7.660376542,,0.9355955254
mode_invent,precision,3,center,189,-4.052599888,5.199154819,,0.8502022661
mode_invent,precision,3,center,190,5.764734694,6.966404934,,0.2542842729
mode_invent,precision,3,center,191,4.054594708,-6.908501464,,0.7736999377
mode_invent,precision,3,center,192,-7.258132187,-6.45099054,,0.8321761413
mode_invent,precision,3,center,193,6.096490856,6.181042092,,0.3264334247
mode_invent,precision,3,center,194,8.276274179,-1.412765884,,0.6670604314
mode_invent,precision,3,center,195,-7.966957686,5.711207835,,1.039800756
mode_invent,precision,3,center,196,-8.471776034,0.4593857717,,0.3011631127
mode_invent,precision,3,center,197,0.7019536262,-7.861758568,,0.403738863
mode_invent,precision,3,center,198,6.416987335,-5.427642875,,0.3539557481
mode_invent,precision,3,center,199,6.186918955,4.952180987,,0.3301068801
mode_invent,precision,3,center,200,5.477242836,-5.460078153,,0.3535173527
mode_invent,precision,3,center,201,0.8205284754,7.606258828,,0.3280633167
mode_invent,precision,3,center,202,8.521167256,-0.2658387919,,0.3083561956
mode_invent,precision,3,center,203,-5.774396417,6.486373292,,0.4852160387
mode_invent,precision,3,center,204,-1.993060371,-9.296472328,,0.6488189884
mode_invent,precision,3,center,205,4.174668852,3.32323813,,1.12803698
mode_invent,precision,3,center,206,4.978589809,6.406288149,,0.5759201812
mode_invent,precision,3,center,207,5.371970183,-5.459064168,,0.3615150319
mode_invent,precision,3,center,208,9.089217497,1.327686132,,0.6924607397
mode_invent,precision,3,center,209,5.587716315,7.010440139,,0.3243648647
mode_invent,precision,3,center,210,8.092126658,-0.8373982238,,0.5004970979
mode_invent,precision,3,center,211,7.405599648,-1.480536513,,0.5558138573
mode_invent,precision,3,center,212,-8.888133854,-0.3580166881,,0.5796381353
mode_invent,precision,3,center,213,6.460439269,-3.936084418,,0.6208221859
mode_invent,precision,3,center,214,6.617818485,0.3928274683,,0.3363721355
mode_invent,precision,3,center,215,-9.040543939,0.4746970885,,0.4810677868
mode_invent,precision,3,center,216,-5.7879409,3.825948424,,0.7435353465
mode_invent,precision,3,center,217,-4.728557258,-6.261854962,,0.5706840934
mode_invent,precision,3,center,218,-0.5339002384,-9.069752411,,0.3459529015
mode_invent,precision,3,center,219,5.002570973,-5.228963809,,0.2740674706
mode_invent,precision,3,center,220,-8.189244341,0.3286620023,,0.2873004425
mode_invent,precision,3,center,221,6.018776103,6.977515905,,0.4323153323
mode_invent,precision,3,center,222,5.314068099,-7.133712066,,0.5562813148
mode_invent,precision,3,center,223,1.067222417,7.668511828,,0.2647233224
mode_invent,precision,3,center,224,1.114592445,-7.616622887,,0.479960724
mode_invent,precision,3,center,225,7.86886247,0.348775894,,0.1741482705
mode_invent,precision,3,center,226,-3.705841689,7.733834779,,1.181102782
mode_invent,precision,3,center,227,5.726235385,5.817044843,,0.2140159061
mode_invent,precision,3,center,228,-4.580614092,-6.502515282,,0.519441517
mode_invent,precision,3,center,229,0.3330703726,-8.025862848,,0.403738863
mode_invent,precision,3,center,230,0.3139082115,-8.833368806,,0.2822573171
mode_invent,precision,3,center,231,-7.246421743,-7.729837685,,1.156981137
mode_invent,precision,3,center,232,6.882615887,-0.4586752849,,0.3069766509
mode_invent,precision,3,center,233,-0.2931915866,-6.062768838,,1.019172983
mode_invent,precision,3,center,234,9.10599337,-0.9620911163,,0.8042729798
mode_invent,precision,3,center,235,8.347708452,-0.4070782364,,0.4291247054
mode_invent,precision,3,center,236,-5.941218088,-5.4715286,,0.1213618868
mode_invent,precision,3,center,237,6.276025366,5.317595766,,0.3248228383
mode_invent,precision,3,center,238,1.063851533,6.858061774,,0.6484287184
mode_invent,precision,3,center,239,-5.650515187,8.254527976,,1.159561662
mode_invent,precision,3,center,240,8.223079743,1.433214507,,0.5891956415
mode_invent,precision,3,center,241,-5.565334071,-5.076077154,,0.3501417789
mode_invent,precision,3,center,242,5.600071055,5.486446668,,0.3474917986
mode_invent,precision,3,center,243,-6.436336646,6.087155608,,0.5150680929
mode_invent,precision,3,center,244,-8.851537189,0.6655852363,,0.3541832442
mode_invent,precision,3,center,245,6.742141254,6.023385657,,0.2952930667
mode_invent,precision,3,center,246,-5.943102983,-5.20288867,,0.2923198572
mode_invent,precision,3,center,247,-8.308673056,0.9355471255,,0.3009531734
mode_invent,precision,3,center,248,-7.488260334,5.321246881,,0.7050121661
mode_invent,precision,3,center,249,3.666042254,4.161793419,,0.9807527668
mode_invent,precision,3,center,250,9.36386223,0.895184982,,0.7660501438
mode_invent,precision,3,center,251,4.937374016,4.154350793,,0.64154661
mode_invent,precision,3,center,252,-2.964528838,7.456504492,,1.123966578
mode_invent,precision,3,center,253,2.420415012,8.434884271,,1.154321797
mode_invent,precision,3,center,254,-8.559572286,0.4650802095,,0.3234063353
mode_invent,precision,3,center,255,4.095895896,5.359530887,,0.48303346
mode_invent,precision,3,center,256,5.756331723,5.570753598,,0.2110572322
mode_invent,precision,3,center,257,6.447660371,6.001499476,,0.2952930667
mode_invent,precision,3,center,258,-7.331673982,-0.6883722822,,0.4579617149
mode_invent,precision,3,center,259,0.8978154084,-6.371063052,,0.6428025127
mode_invent,precision,3,center,260,-0.9701495197,7.112304344,,0.354608561
mode_invent,precision,3,center,261,9.335784336,-0.1913439867,,0.5185842788
mode_invent,precision,3,center,262,-4.253032857,-6.099389961,,0.519441517
mode_invent,precision,3,center,263,1.455045576,8.131485817,,0.4390783813
mode_invent,precision,3,center,264,0.2582288233,-6.435281978,,0.6654551139
mode_invent,precision,3,center,265,-8.361770477,-0.9411220959,,0.4523434093
mode_invent,precision,3,center,266,-8.448564208,0.4523339506,,0.2873004425
mode_invent,precision,3,center,267,-7.222613322,-5.019383347,,0.893471308
mode_invent,precision,3,center,268,-0.5387713176,9.147812661,,0.6967564867
mode_invent,precision,3,center,269,-2.394260305,-8.786565775,,0.8999214198
mode_invent,precision,3,center,270,-1.686468151,-8.826229466,,0.5128607711
mode_invent,precision,3,center,271,-5.409188348,-5.836080875,,0.4254509002
mode_invent,precision,3,center,272,-0.2533775689,-8.159184871,,0.3007856578
mode_invent,precision,3,center,273,-5.453466009,4.648318208,,0.2867547236
mode_invent,precision,3,center,274,-4.950004609,6.31952022,,0.1307545432
mode_invent,precision,3,center,275,8.385037938,0.5565334428,,0.3409538379
mode_invent,precision,3,center,276,-7.703581999,2.035073303,,0.4871902482
mode_invent,precision,3,center,277,-5.743948421,-5.963937468,,0.2997781789
mode_invent,precision,3,center,278,-6.41038183,-6.68911692,,0.3556826273
mode_invent,precision,3,center,279,-9.244471788,-0.8887973132,,0.6647202591
mode_invent,precision,3,center,280,-5.727534631,5.991149378,,0.1929403723
mode_invent,precision,3,center,281,-5.605712191,4.891318972,,0.4348655339
mode_invent,precision,3,center,282,-4.756669685,6.396266922,,0.2080106938
mode_invent,precision,3,center,283,5.497205942,5.003938105,,0.3875534372
mode_invent,precision,3,center,284,-5.108426329,-5.468880662,,0.4746512287
mode_invent,precision,3,center,285,4.20872699,5.588873994,,0.5262007049
mode_invent,precision,3,center,286,-7.737964188,-0.8996947865,,0.282712501
mode_invent,precision,3,center,287,5.846697642,4.202031764,,0.4517390645
mode_invent,precision,3,center,288,6.99304035,6.904804235,,0.9769738012
mode_invent,precision,3,center,289,-5.909371584,6.020308587,,0.187597274
mode_invent,precision,3,center,290,5.590078034,-1.15634766,,1.345814996
mode_invent,precision,3,center,291,5.363075329,-6.728987271,,0.47100368
mode_invent,precision,3,center,292,0.7143964826,-6.002703469,,0.8830509116
mode_invent,precision,3,center,293,-1.176614719,7.162536596,,0.4836207185
mode_invent,precision,3,center,294,-5.421405881,7.267970398,,0.8576108413
mode_invent,precision,3,center,295,-1.222374313,8.249036122,,0.3610065743
mode_invent,precision,3,center,296,-3.835555399,-7.308613398,,0.9838964813
mode_invent,precision,3,center,297,6.718930793,-0.4236066065,,0.4368068735
mode_invent,precision,3,center,298,-0.5205884129,8.812601288,,0.3903242479
mode_invent,precision,3,center,299,-7.75834028,-1.77496206,,0.5535847608
mode_invent,precision,3,center,300,-5.141443847,5.079315362,,0.5008869516
mode_invent,precision,3,center,301,-6.725552783,-0.6275875364,,0.6340028167
mode_invent,precision,3,center,302,-0.6366152831,8.541131611,,0.2745127081
mode_invent,precision,3,center,303,-7.237073518,0.4480993639,,0.1800815715
mode_invent,precision,3,center,304,6.314402683,0.5380344399,,0.5474829922
mode_invent,precision,3,center,305,4.622546198,-5.421578138,,0.4133224281
mode_invent,precision,3,center,306,-1.423734435,-7.553677852,,0.3339269743
mode_invent,precision,3,center,307,-0.8065989043,-9.28263465,,0.3919853066
mode_invent,precision,3,center,308,8.713820136,0.2416445217,,0.5428208231
mode_invent,precision,3,center,309,-6.270831051,-4.2056754,,0.6252257276
mode_invent,precision,3,center,310,-0.4406524216,8.032107674,,0.4051950223
mode_invent,precision,3,center,311,5.925767697,5.037188315,,0.249226982
mode_invent,precision,3,center,312,6.127990543,-6.190306597,,0.4062414871
mode_invent,precision,3,center,313,7.588361678,1.36264264,,0.3005675145
mode_invent,precision,3,center,314,-1.040586053,5.587219669,,1.58117906
mode_invent,precision,3,center,315,-6.389063005,2.549327953,,1.411066126
mode_invent,precision,3,center,316,-0.4052692654,-9.936838041,,0.8511424982
mode_invent,precision,3,center,317,-0.3104839762,-8.28622295,,0.3643485795
mode_invent,precision,3,center,318,-0.189923841,-9.113388042,,0.3138086531
mode_invent,precision,3,center,319,-7.420438858,0.5245073753,,0.1986480105
mode_invent,precision,3,center,320,-7.151259869,6.356050981,,0.7700732517
mode_invent,precision,3,center,321,7.709539231,-5.484893917,,0.7659879578
mode_invent,precision,3,center,322,-5.994179412,-5.798857464,,0.2417378813
mode_invent,precision,3,center,323,0.615256767,6.269328394,,0.7630853965
mode_invent,precision,3,center,324,-5.492463547,-6.047318199,,0.4542553977
mode_invent,precision,3,center,325,-3.809029237,-5.831026983,,0.6236629239
mode_invent,precision,3,center,326,1.667887611,6.896259302,,0.7842547199
mode_invent,precision,3,center,327,6.244113416,5.976254513,,0.2524487532
mode_invent,precision,3,center,328,-0.8690472479,8.177396115,,0.2717710132
mode_invent,precision,3,center,329,-4.444335413,5.333062545,,0.4672298419
mode_invent,precision,3,center,330,6.308037351,-0.01756282648,,0.5054227407
mode_invent,precision,3,center,331,-6.559277344,-5.999195188,,0.4444720548
mode_invent,precision,3,center,332,-8.08158777,-1.705652216,,0.5492431685
mode_invent,precision,3,center,333,6.384341661,0.4820668355,,0.4580747927
mode_invent,precision,3,center,334,-8.522718696,-2.564744342,,1.12096471
mode_invent,precision,3,center,335,6.441698286,-5.384484494,,0.35043889
mode_invent,precision,3,center,336,-6.370729074,-6.973684461,,0.4560861525
mode_invent,precision,3,center,337,-7.164192104,0.3493506226,,0.1394123714
mode_invent,precision,3,center,338,8.039456532,6.077042848,,1.29842444
mode_invent,precision,3,center,339,6.044557391,-5.82378218,,0.3988464316
mode_invent,precision,3,center,340,-4.840078382,6.281939451,,0.141519544
mode_invent,precision,3,center,341,1.251725009,7.478677081,,0.4496749406
mode_invent,precision,3,center,342,-6.092261722,-6.13595742,,0.321724629
mode_invent,precision,3,center,343,6.447655971,-4.158479809,,0.4086817622
mode_invent,precision,3,center,344,-0.4588404931,7.575226272,,0.397114458
mode_invent,precision,3,center,345,-7.685922776,-0.2457615,,0.3179363339
mode_invent,precision,3,center,346,0.9520536531,-10.25177729,,1.302271065
mode_invent,precision,3,center,347,4.830149203,-6.439270583,,0.5863852718
mode_invent,precision,3,center,348,3.336498237,-6.620492694,,0.8953879401
mode_invent,precision,3,center,349,-6.572010365,-5.857958904,,0.4740411398
mode_invent,precision,3,center,350,1.112965892,7.754939349,,0.3091519577
mode_invent,precision,3,center,351,-1.03081372,7.943045459,,0.3514746223
mode_invent,precision,3,center,352,-6.950826379,-0.9759588161,,0.7472046441
mode_invent,precision,3,center,353,-0.9105748839,8.558548959,,0.2794245996
mode_invent,precision,3,center,354,-8.221536116,0.6474846907,,0.3009531734
mode_invent,precision,3,center,355,5.643207458,6.358517898,,0.3886152475
mode_invent,precision,3,center,356,6.964921886,-0.01208465079,,0.4794391909
mode_invent,precision,3,center,357,5.446164235,4.440963325,,0.187603783
mode_invent,precision,3,center,358,-1.563477948,-7.314250965,,0.4066088824
mode_invent,precision,3,center,359,7.649047618,-1.022280282,,0.4406529413
mode_invent,precision,3,center,360,5.560675313,6.784873107,,0.3913009793
mode_invent,precision,3,center,361,-7.937592095,-7.153492939,,1.000094429
mode_invent,precision,3,center,362,4.733967808,7.118033116,,0.7526093421
mode_invent,precision,3,center,363,8.282586983,0.7673172405,,0.473141869
mode_invent,precision,3,center,364,-1.140160919,-9.119535875,,0.3713015326
mode_invent,precision,3,center,365,-5.209040533,5.71512858,,0.3989251774
mode_invent,precision,3,center,366,0.5487388189,7.812329009,,0.3090485251
mode_invent,precision,3,center,367,-7.721856274,0.1581190849,,0.3041060738
mode_invent,precision,3,center,368,-7.222232611,0.8070082819,,0.3592156232
mode_invent,precision,3,center,369,-7.276726244,-7.904122805,,1.298671007
mode_invent,precision,3,center,370,6.658599647,-4.469129156,,0.3902144014
mode_invent,precision,3,center,371,6.97937698,-1.859835407,,0.8352295732
mode_invent,precision,3,center,372,-5.557819428,-4.726016023,,0.3504570298
mode_invent,precision,3,center,373,-3.859259727,-5.140556677,,0.6688309587
mode_invent,precision,3,center,374,-0.3717166966,-8.893130622,,0.2855905698
mode_invent,precision,3,center,375,5.668305541,-5.956118953,,0.3380602181
mode_invent,precision,3,center,376,-6.671922155,7.7056099,,1.159561662
mode_invent,precision,3,center,377,-3.871685847,6.792902933,,0.9554355146
mode_invent,precision,3,center,378,4.736003852,-4.801834925,,0.5034849683
mode_invent,precision,3,center,379,0.6396264095,-7.557454376,,0.4786372814
mode_invent,precision,3,center,380,6.906519517,-5.021483107,,0.5123794284
mode_invent,precision,3,center,381,-7.259985764,0.6369062834,,0.195904849
mode_invent,precision,3,center,382,-5.316062841,3.87324312,,0.6453034577
mode_invent,precision,3,center,383,5.740475327,5.100662291,,0.2811768229
mode_invent,precision,3,center,384,-1.279840958,-6.318183381,,1.120736929
mode_invent,precision,3,center,385,1.728995341,9.3592206,,1.154321797
mode_invent,precision,3,center,386,5.912067666,7.00747937,,0.3243648647
mode_invent,precision,3,center,387,-7.987946819,0.2027972769,,0.2698153432
mode_invent,precision,3,center,388,-1.09347137,-7.603008696,,0.548154452
mode_invent,precision,3,center,389,0.06038592842,-9.302652117,,0.5224278494
mode_invent,precision,3,center,390,-0.05119711182,7.920270436,,0.1638694404
mode_invent,precision,3,center,391,7.454415416,-4.762640921,,0.7659879578
mode_invent,precision,3,center,392,8.011445439,0.2487873098,,0.2450459039
mode_invent,precision,3,center,393,0.0442123781,-8.202913985,,0.3643485795
mode_invent,precision,3,center,394,-1.082427197,-8.151051878,,0.548154452
mode_invent,precision,3,center,395,-6.402952506,4.406538711,,0.2553135733
mode_invent,precision,3,center,396,0.5112218145,8.39126466,,0.3913451972
mode_invent,precision,3,center,397,-1.786707511,-8.122684637,,0.5779241644
mode_invent,precision,3,center,398,6.652555635,6.716077988,,0.6984613442
mode_invent,precision,3,center,399,1.025836843,8.038913207,,0.3346422379
mode_invent,precision,3,center,400,-6.501899577,4.573155422,,0.2803208474
mode_invent,precision,3,center,401,0.3446049048,8.379280034,,0.3668384085
mode_invent,precision,3,center,402,-4.369523138,6.7568339,,0.6486426136
mode_invent,precision,3,center,403,5.524625593,4.412648371,,0.2102172106
mode_invent,precision,3,center,404,-5.975960847,-5.439623055,,0.1230457663
mode_invent,precision,3,center,405,-8.202083245,-0.5778941081,,0.4609365708
mode_invent,precision,3,center,406,-7.747115185,-0.5039577414,,0.4204556676
mode_invent,precision,3,center,407,5.028788166,-5.345401415,,0.3455334233
mode_invent,precision,3,center,408,5.254861669,5.900958638,,0.4787846118
mode_invent,precision,3,center,409,-5.383650227,4.517425248,,0.2524914225
mode_invent,precision,3,center,410,5.175613126,7.094631189,,0.494189192
mode_invent,precision,3,center,411,4.494774737,-7.773508698,,0.9635821743
mode_invent,precision,3,center,412,3.795009096,5.685964196,,0.9029168627
mode_invent,precision,3,center,413,8.030917278,-0.1176108554,,0.4795200507
mode_invent,precision,3,center,414,1.214189829,-10.67283443,,1.660330037
mode_invent,precision,3,center,415,-7.604066126,1.561438202,,0.3645450887
mode_invent,precision,3,center,416,-6.784635014,5.277047738,,0.5433633285
mode_invent,precision,3,center,417,-0.7528919172,-8.894346046,,0.3919853066
mode_invent,precision,3,center,418,5.330592244,-4.229368966,,0.4360591691
mode_invent,precision,3,center,419,-6.162613325,-0.335939225,,1.015334869
mode_invent,precision,3,center,420,7.561914464,5.692430726,,0.884058415
mode_invent,precision,3,center,421,1.753691027,7.90670135,,0.6596776927
mode_invent,precision,3,center,422,5.787912076,-5.291379777,,0.4484704146
mode_invent,precision,3,center,423,-2.47800057,6.508139824,,1.363543379
mode_invent,precision,3,center,424,4.94958972,-4.687856379,,0.5173527979
mode_invent,precision,3,center,425,-6.018686787,-6.146604432,,0.2605148567
mode_invent,precision,3,center,426,-4.74825289,5.687939837,,0.4615890812
mode_invent,precision,3,center,427,0.2785759145,8.013985222,,0.3371249369
mode_invent,precision,3,center,428,-5.320271123,6.081820147,,0.3289341487
mode_invent,precision,3,center,429,3.719887317,-4.990281581,,1.033190636
mode_invent,precision,3,center,430,4.67483483,-7.099153385,,0.6488805461
mode_invent,precision,3,center,431,-0.05841124386,8.083981003,,0.3084119753
mode_invent,precision,3,center,432,-6.350360414,-4.825822392,,0.6088643371
mode_invent,precision,3,center,433,-6.999029416,-6.063797998,,0.4444720548
mode_invent,precision,3,center,434,-6.241728384,5.610266979,,0.478149054
mode_invent,precision,3,center,435,5.935718534,4.6489613,,0.3937560538
mode_invent,precision,3,center,436,0.7242826775,8.063002368,,0.306027416
mode_invent,precision,3,center,437,3.764907996,-7.61544569,,0.7639951115
mode_invent,precision,3,center,438,-0.01231929293,7.779032682,,0.2303762685
mode_invent,precision,3,center,439,5.553434136,5.628871793,,0.2554787041
mode_invent,precision,3,center,440,5.882414089,-4.70920464,,0.4373229257
mode_invent,precision,3,center,441,-6.76795915,4.484882657,,0.4415112635
mode_invent,precision,3,center,442,-1.093323858,8.288916667,,0.3257280467
mode_invent,precision,3,center,443,1.244947379,-8.431339438,,0.6733951141
mode_invent,precision,3,center,444,3.155154405,-7.360847112,,1.006781726
mode_invent,precision,3,center,445,-0.8330367228,7.442271113,,0.397114458
mode_invent,precision,3,center,446,-6.065242877,-5.618273127,,0.1921356406
mode_invent,precision,3,center,447,7.688253669,1.049339611,,0.4471025993
mode_invent,precision,3,center,448,-6.332871555,-6.519172209,,0.4524894096
mode_invent,precision,3,center,449,6.135729788,-7.192496319,,0.8287453353
mode_invent,precision,3,center,450,0.3896917053,8.102553184,,0.3132473207
mode_invent,precision,3,center,451,-5.804296739,7.245130357,,0.7593459773
mode_invent,precision,3,center,452,7.377792555,2.060298171,,0.7287404168
mode_invent,precision,3,center,453,5.4314228,4.379837805,,0.2504350945
mode_invent,precision,3,center,454,-7.930080419,-1.0762452,,0.2394562479
mode_invent,precision,3,center,455,-0.7517558478,8.3970333,,0.2265188611
mode_invent,precision,3,center,456,0.5555820887,7.3778323,,0.3935616139
mode_invent,precision,3,center,457,0.987405145,-6.842492242,,0.4798664415
mode_invent,precision,3,center,458,-6.563698243,0.5294134071,,0.6269094692
mode_invent,precision,3,center,459,1.363428712,6.119201572,,0.7972834403
mode_invent,precision,3,center,460,-0.3179065486,7.132994744,,0.4630071692
mode_invent,precision,3,center,461,-5.537628388,5.08540503,,0.4451159363
mode_invent,precision,3,center,462,-8.166157842,1.88217488,,0.7636622524
mode_invent,precision,3,center,463,7.830280204,0.4137923172,,0.2112628172
mode_invent,precision,3,center,464,-5.889123579,-5.581140962,,0.1660362277
mode_invent,precision,3,center,465,-5.650837569,-5.208530184,,0.2923198572
mode_invent,precision,3,center,466,9.165307536,1.647393998,,0.7779732449
mode_invent,precision,3,center,467,5.966474331,6.246401136,,0.3126087228
mode_invent,precision,3,center,468,-6.807718759,-5.744730992,,0.3720262385
mode_invent,precision,3,center,469,6.597143714,-4.790885611,,0.3858608453
mode_invent,precision,3,center,470,5.868463982,6.543248209,,0.3913009793
mode_invent,precision,3,center,471,-5.16608754,-4.456547991,,0.4754649222
mode_invent,precision,3,center,472,0.289359157,7.644301684,,0.3303972289
mode_invent,precision,3,center,473,8.335841257,-2.930594376,,1.722793446
mode_invent,precision,3,center,474,-5.273968513,2.008441424,,1.888782493
mode_invent,precision,3,center,475,-1.723463407,-7.548231399,,0.2997784524
mode_invent,precision,3,center,476,-5.179324912,4.494425469,,0.4445594523
mode_invent,precision,3,center,477,7.287897958,1.370540989,,0.4543229016
mode_invent,precision,3,center,478,5.172824118,-3.413933937,,0.8305570828
mode_invent,precision,3,center,479,-0.001919853176,-7.591963823,,0.44227439
mode_invent,precision,3,query,0,-5.655624096,-5.358108712,True,
mode_invent,precision,3,query,1,-8.274137855,-0.8905918388,True,
mode_invent,precision,3,query,2,-0.4546707852,7.008353445,True,
mode_invent,precision,3,query,3,-5.596710647,6.997069495,True,
mode_invent,precision,3,query,4,-6.149060768,5.03637935,True,
mode_invent,precision,3,query,5,0.4898420502,-7.643112992,True,
mode_invent,precision,3,query,6,-7.894585751,-0.9304680447,True,
mode_invent,precision,3,query,7,-8.029251822,0.6953031945,True,
mode_invent,precision,3,query,8,4.312639702,5.199238488,True,
mode_invent,precision,3,query,9,12.09877726,-1.28953774,False,
mode_invent,precision,3,query,10,-7.498589287,5.421763118,True,
mode_invent,precision,3,query,11,-1.267446481,-7.728735641,True,
mode_invent,precision,3,query,12,-13.84324891,-0.1869309446,False,
mode_invent,precision,3,query,13,-8.17361396,-6.195547145,True,
mode_invent,precision,3,query,14,5.608353304,-5.543545263,True,
mode_invent,precision,3,query,15,-1.530135766,-8.477753276,True,
mode_invent,precision,3,query,16,-8.978519078,-0.8088372394,True,
mode_invent,precision,3,query,17,-4.595955626,4.849319574,True,
mode_invent,precision,3,query,18,5.624332545,6.541244117,True,
mode_invent,precision,3,query,19,-8.583600433,-0.1117019496,True,
mode_invent,precision,3,query,20,8.110464143,0.06378177426,True,
mode_invent,precision,3,query,21,-1.225055826,8.07614023,True,
mode_invent,precision,3,query,22,1.358823422,6.452855322,True,
mode_invent,precision,3,query,23,8.859382688,0.1193540257,True,
mode_invent,precision,3,query,24,-6.298324644,-3.656437703,True,
mode_invent,precision,3,query,25,8.762259712,-1.199288902,True,
mode_invent,precision,3,query,26,5.731370478,6.233543833,True,
mode_invent,precision,3,query,27,-5.845636375,6.339764517,True,
mode_invent,precision,3,query,28,-0.06651732015,-7.332752439,True,
mode_invent,precision,3,query,29,-4.218331658,-6.3325165,True,
mode_invent,precision,3,query,30,-13.79686139,-0.4633075765,False,
mode_invent,precision,3,query,31,-5.529585838,4.469659722,True,
mode_invent,precision,3,query,32,-8.579301597,-0.1961959728,True,
mode_invent,precision,3,query,33,-4.758090377,-4.511632242,True,
mode_invent,precision,3,query,34,4.333326457,-6.451496615,True,
mode_invent,precision,3,query,35,0.6469034226,6.007580216,True,
mode_invent,precision,3,query,36,-6.120024114,-5.754141175,True,
mode_invent,precision,3,query,37,-4.399839272,6.34625815,True,
mode_invent,precision,3,query,38,-14.32721342,-0.3685758941,False,
mode_invent,precision,3,query,39,13.7498046,1.5235294,False,
mode_invent,precision,3,query,40,-6.084879192,5.353173861,True,
mode_invent,precision,3,query,41,0.3525890673,-8.120770445,True,
mode_invent,precision,3,query,42,-0.197284228,6.885932857,True,
mode_invent,precision,3,query,43,-5.668375718,-6.100435472,True,
mode_invent,precision,3,query,44,6.822982026,-5.003765747,True,
mode_invent,precision,3,query,45,-5.680997863,6.325235273,True,
mode_invent,precision,3,query,46,7.660130448,1.052126358,True,
mode_invent,precision,3,query,47,-0.005399560672,8.583382354,True,
mode_invent,precision,3,query,48,-6.947747495,-5.310174201,True,
mode_invent,precision,3,query,49,-1.688204117,-10.03532894,False,
mode_invent,precision,3,query,50,7.695523122,-0.8999276076,True,
mode_invent,precision,3,query,51,0.1640527957,-5.755243374,True,
mode_invent,precision,3,query,52,-6.488577431,5.032910663,True,
mode_invent,precision,3,query,53,-5.451450303,6.149867541,True,
mode_invent,precision,3,query,54,7.823593934,-0.2059303303,True,
mode_invent,precision,3,query,55,-4.954391294,-5.136946612,True,
mode_invent,precision,3,query,56,-1.033675832,7.920818681,True,
mode_invent,precision,3,query,57,-13.96471315,-1.054484622,False,
mode_invent,precision,3,query,58,5.91669335,4.798897772,True,
mode_invent,precision,3,query,59,-4.684787542,5.849600162,True,
mode_invent,precision,3,query,60,5.746160735,-6.247882602,True,
mode_invent,precision,3,query,61,-5.775464073,3.659107957,True,
mode_invent,precision,3,query,62,-1.131407471,8.362839799,True,
mode_invent,precision,3,query,63,-10.12856704,0.8466085215,True,
mode_invent,precision,3,query,64,3.910757774,-4.900115747,True,
mode_invent,precision,3,query,65,-8.845497033,0.7789910843,True,
mode_invent,precision,3,query,66,8.130951208,-1.53683494,True,
mode_invent,precision,3,query,67,-4.4077055,7.098561405,True,
mode_invent,precision,3,query,68,-5.722659155,5.382937977,True,
mode_invent,precision,3,query,69,-14.15986697,-0.9751523228,False,
mode_invent,precision,3,query,70,-4.55826749,5.113962318,True,
mode_invent,precision,3,query,71,-0.05119041269,-8.793296403,True,
mode_invent,precision,3,query,72,7.3739269,-1.277725152,True,
mode_invent,precision,3,query,73,-6.742930686,-0.1540875732,True,
mode_invent,precision,3,query,74,0.9659216187,8.013324597,True,
mode_invent,precision,3,query,75,-14.69440353,-0.32668526,False,
mode_invent,precision,3,query,76,-0.5602310505,-7.992040901,True,
mode_invent,precision,3,query,77,13.62473316,-0.2999217159,False,
mode_invent,precision,3,query,78,-7.035428934,4.850008322,True,
mode_invent,precision,3,query,79,1.654057549,7.328766784,True,
mode_invent,precision,3,query,80,4.602760462,5.994180582,True,
mode_invent,precision,3,query,81,1.4072722,-9.454024302,True,
mode_invent,precision,3,query,82,-8.208521848,-0.6320525539,True,
mode_invent,precision,3,query,83,-7.417873724,6.391780959,True,
mode_invent,precision,3,query,84,5.633410331,-5.585412405,True,
mode_invent,precision,3,query,85,-6.409165722,6.111638412,True,
mode_invent,precision,3,query,86,-0.5392973495,7.857096792,True,
mode_invent,precision,3,query,87,-6.765115042,-6.87295701,True,
mode_invent,precision,3,query,88,9.335531855,-0.5071047045,True,
mode_invent,precision,3,query,89,-5.365173893,5.623063815,True,
mode_invent,precision,3,query,90,5.215709047,-6.16481522,True,
mode_invent,precision,3,query,91,0.6300825914,7.698132395,True,
mode_invent,precision,3,query,92,-5.808297898,-5.634632692,True,
mode_invent,precision,3,query,93,-6.82349168,0.6805109746,True,
mode_invent,precision,3,query,94,6.039454517,5.093282856,True,
mode_invent,precision,3,query,95,4.274885529,6.606384181,True,
mode_invent,precision,3,query,96,8.966447134,-0.1407083991,True,
mode_invent,precision,3,query,97,8.541883842,0.7814430539,True,
mode_invent,precision,3,query,98,0.8311844527,-7.078616527,True,
mode_invent,precision,3,query,99,-6.1124719,7.171827232,True,
mode_invent,precision,3,query,100,-6.903447308,6.518577326,True,
mode_invent,precision,3,query,101,-5.16292217,6.530473363,True,
mode_invent,precision,3,query,102,-12.12099169,1.484445473,False,
mode_invent,precision,3,query,103,-9.145176907,-1.68867158,True,
mode_invent,precision,3,query,104,-4.83996519,4.641841834,True,
mode_invent,precision,3,query,105,-5.669259638,-4.817126772,True,
mode_invent,precision,3,query,106,4.013056898,3.546873795,True,
mode_invent,precision,3,query,107,5.91615327,5.701240139,True,
mode_invent,precision,3,query,108,13.75419693,0.03853476377,False,
mode_invent,precision,3,query,109,-14.86051561,-1.513494407,False,
mode_invent,precision,3,query,110,7.833345149,-0.971708691,True,
mode_invent,precision,3,query,111,4.013372927,6.162535321,True,
mode_invent,precision,3,query,112,-0.06139862842,-7.593471463,True,
mode_invent,precision,3,query,113,-0.9892949414,7.341941208,True,
mode_invent,precision,3,query,114,-0.9990430272,7.113358133,True,
mode_invent,precision,3,query,115,5.852262167,4.873879633,True,
mode_invent,precision,3,query,116,8.356066289,0.3397559254,True,
mode_invent,precision,3,query,117,7.682015236,4.264065204,True,
mode_invent,precision,3,query,118,-13.11209762,-0.08948796189,False,
mode_invent,precision,3,query,119,-5.67088398,4.206990428,True,
mode_invent,precision,3,query,120,5.196660437,-4.913656986,True,
mode_invent,precision,3,query,121,-5.739332622,-5.575799879,True,
mode_invent,precision,3,query,122,5.366137569,-4.502284503,True,
mode_invent,precision,3,query,123,-0.02147256704,-10.20041567,True,
mode_invent,precision,3,query,124,4.964781699,3.688057642,True,
mode_invent,precision,3,query,125,4.748561585,-0.5301153498,True,
mode_invent,precision,3,query,126,6.9904141,5.703974156,True,
mode_invent,precision,3,query,127,-15.17254571,-0.9406998682,False,
mode_invent,precision,3,query,128,1.13061323,8.157626623,True,
mode_invent,precision,3,query,129,-13.95200076,-0.05346178884,False,
mode_invent,precision,3,query,130,-5.618453988,-4.851448603,True,
mode_invent,precision,3,query,131,0.5525672974,8.2157047,True,
mode_invent,precision,3,query,132,-6.699722607,6.167963014,True,
mode_invent,precision,3,query,133,-6.341101327,-4.563008574,True,
mode_invent,precision,3,query,134,4.385803428,-5.794475226,True,
mode_invent,precision,3,query,135,13.99264171,-1.324645551,False,
mode_invent,precision,3,query,136,7.378825893,7.117261017,True,
mode_invent,precision,3,query,137,-14.46358376,0.7717211656,False,
mode_invent,precision,3,query,138,6.035530319,3.043294786,False,
mode_invent,precision,3,query,139,5.907252266,5.59551017,True,
mode_invent,precision,3,query,140,0.08321735347,-9.07687492,True,
mode_invent,precision,3,query,141,-5.926201296,-5.835113013,True,
mode_invent,precision,3,query,142,-6.811905783,0.3344270604,True,
mode_invent,precision,3,query,143,-8.00555503,1.528969998,True,
mode_invent,precision,3,query,144,-6.212102179,5.267423945,True,
mode_invent,precision,3,query,145,-1.816755011,9.569105846,False,
mode_invent,precision,3,query,146,-4.692521881,-4.740006205,True,
mode_invent,precision,3,query,147,-4.987955803,5.767002837,True,
mode_invent,precision,3,query,148,0.2154889392,7.74799341,True,
mode_invent,precision,3,query,149,-0.2036004257,8.054303612,True,
mode_invent,precision,3,query,150,7.168683761,6.212542151,True,
mode_invent,precision,3,query,151,13.94153987,-0.5793920504,False,
mode_invent,precision,3,query,152,-6.291852737,7.259559261,True,
mode_invent,precision,3,query,153,-7.493312696,0.06755055831,True,
mode_invent,precision,3,query,154,-6.003036092,-6.765907661,True,
mode_invent,precision,3,query,155,-14.06686156,0.8736580345,False,
mode_invent,precision,3,query,156,5.264317003,5.429611666,True,
mode_invent,precision,3,query,157,5.435819898,-5.547259881,True,
mode_invent,precision,3,query,158,-1.593010879,7.764601648,True,
mode_invent,precision,3,query,159,-6.511249768,6.541439282,True,
mode_invent,precision,3,query,160,-6.427452926,-5.079807502,True,
mode_invent,precision,3,query,161,-4.132416797,5.343257988,True,
mode_invent,precision,3,query,162,5.055277997,5.848286509,True,
mode_invent,precision,3,query,163,-14.00202903,-0.9936163473,False,
mode_invent,precision,3,query,164,14.46091942,2.015516053,False,
mode_invent,precision,3,query,165,-0.2581119953,-8.202876196,True,
mode_invent,precision,3,query,166,6.955067976,0.3190884517,True,
mode_invent,precision,3,query,167,4.409878025,4.549923225,True,
mode_invent,precision,3,query,168,-12.72033273,-0.9054530594,False,
mode_invent,precision,3,query,169,6.738211819,-4.132496246,True,
mode_invent,precision,3,query,170,0.2593264575,8.553391403,True,
mode_invent,precision,3,query,171,9.952250944,-0.1967284021,True,
mode_invent,precision,3,query,172,-6.249860046,-7.010085314,True,
mode_invent,precision,3,query,173,0.04170708035,-6.520855789,True,
mode_invent,precision,3,query,174,0.9595953814,7.057908759,True,
mode_invent,precision,3,query,175,4.801478866,5.15268302,True,
mode_invent,precision,3,query,176,0.2922680825,-8.205311427,True,
mode_invent,precision,3,query,177,0.2144539454,-7.703260622,True,
mode_invent,precision,3,query,178,-5.955627836,-5.697028191,True,
mode_invent,precision,3,query,179,8.206592377,-0.08396970353,True,
mode_invent,precision,3,query,180,-7.496479135,1.870875773,True,
mode_invent,precision,3,query,181,0.5919722848,-7.944189454,True,
mode_invent,precision,3,query,182,6.313881377,0.387957086,True,
mode_invent,precision,3,query,183,-9.946678412,-1.409034086,False,
mode_invent,precision,3,query,184,8.854639252,0.7062350601,True,
mode_invent,precision,3,query,185,-0.1499389983,6.289988894,True,
mode_invent,precision,3,query,186,5.285505733,4.978115931,True,
mode_invent,precision,3,query,187,0.6368407461,-5.742269468,True,
mode_invent,precision,3,query,188,8.216930488,-0.779311128,True,
mode_invent,precision,3,query,189,-1.17055153,7.943905719,True,
mode_invent,precision,3,query,190,13.82320681,-1.15151916,False,
mode_invent,precision,3,query,191,5.773209485,4.505940728,True,
mode_invent,precision,3,query,192,1.112107272,9.062650606,True,
mode_invent,precision,3,query,193,15.08475127,-0.4740504706,False,
mode_invent,precision,3,query,194,6.171374813,-5.788923755,True,
mode_invent,precision,3,query,195,-0.3888120614,-8.339145657,True,
mode_invent,precision,3,query,196,-1.299715273,6.556136304,True,
mode_invent,precision,3,query,197,0.7943147909,7.808764596,True,
mode_invent,precision,3,query,198,5.873279101,-4.655143861,True,
mode_invent,precision,3,query,199,-9.733132495,-0.7841300738,True,
mode_invent,precision,3,query,200,-5.481519406,-5.264759463,True,
mode_invent,precision,3,query,201,7.62292555,1.029179233,True,
mode_invent,precision,3,query,202,-7.789605061,-1.213382139,True,
mode_invent,precision,3,query,203,-6.587618025,-4.851383189,True,
mode_invent,precision,3,query,204,6.120685706,-7.555915488,True,
mode_invent,precision,3,query,205,-4.309141946,6.254881281,True,
mode_invent,precision,3,query,206,-4.313511262,5.273153368,True,
mode_invent,precision,3,query,207,5.361148028,4.530397165,True,
mode_invent,precision,3,query,208,8.19378382,5.481400024,True,
mode_invent,precision,3,query,209,-12.41246681,-0.6472924514,False,
mode_invent,precision,3,query,210,-7.836158808,-1.671352487,True,
mode_invent,precision,3,query,211,5.273987101,-4.673099341,True,
mode_invent,precision,3,query,212,4.405110434,6.729081794,True,
mode_invent,precision,3,query,213,14.33723782,-1.043950925,False,
mode_invent,precision,3,query,214,-6.158451521,5.197788573,True,
mode_invent,precision,3,query,215,5.607334912,5.120710284,True,
mode_invent,precision,3,query,216,7.172712099,-0.3045877025,True,
mode_invent,precision,3,query,217,-1.026889739,6.710473427,True,
mode_invent,precision,3,query,218,-5.705030732,6.539728475,True,
mode_invent,precision,3,query,219,6.470628295,0.003508151464,True,
mode_invent,precision,3,query,220,7.350043805,-0.9771454371,True,
mode_invent,precision,3,query,221,-4.803416597,-6.175023939,True,
mode_invent,precision,3,query,222,-12.50169832,-0.7798393641,False,
mode_invent,precision,3,query,223,-7.613498006,-0.2272830066,True,
mode_invent,precision,3,query,224,7.245978191,0.5876750426,False,
mode_invent,precision,3,query,225,7.845017427,0.6032105807,True,
mode_invent,precision,3,query,226,-5.704145757,4.571037994,True,
mode_invent,precision,3,query,227,-14.10206924,0.05195516952,False,
mode_invent,precision,3,query,228,8.958462954,-0.9062690073,True,
mode_invent,precision,3,query,229,-0.03932985327,-9.72187873,True,
mode_invent,precision,3,query,230,0.6514930603,6.918517025,True,
mode_invent,precision,3,query,231,-9.806359521,-0.05921683427,True,
mode_invent,precision,3,query,232,-12.89431504,-1.524446948,False,
mode_invent,precision,3,query,233,12.91196441,-0.7432748911,False,
mode_invent,precision,3,query,234,6.870503354,0.3794278883,True,
mode_invent,precision,3,query,235,-6.464221695,-6.378368986,True,
mode_invent,precision,3,query,236,8.583305399,-0.755514631,True,
mode_invent,precision,3,query,237,6.089634347,4.685469078,True,
mode_invent,precision,3,query,238,-6.868992764,-7.492303539,True,
mode_invent,precision,3,query,239,1.861202787,-8.320259032,True,
mode_invent,precision,3,query,240,5.900787617,5.625804741,True,
mode_invent,precision,3,query,241,5.816816006,5.706540729,True,
mode_invent,precision,3,query,242,1.908217039,-9.038926591,True,
mode_invent,precision,3,query,243,12.44253789,-1.011959668,False,
mode_invent,precision,3,query,244,-6.991563259,6.403816302,True,
mode_invent,precision,3,query,245,14.82037821,-0.9613155452,False,
mode_invent,precision,3,query,246,-1.390435776,7.645203347,True,
mode_invent,precision,3,query,247,7.047978127,-8.476423667,False,
mode_invent,precision,3,query,248,-7.473373231,-1.075755227,True,
mode_invent,precision,3,query,249,1.040367147,-9.077923941,True,
mode_invent,precision,3,query,250,-8.285415827,-1.506279101,True,
mode_invent,precision,3,query,251,-6.6341121,7.042693413,True,
mode_invent,precision,3,query,252,14.82057869,-0.4016681522,False,
mode_invent,precision,3,query,253,-8.87017237,-1.893807137,True,
mode_invent,precision,3,query,254,-0.3936567119,7.969096747,True,
mode_invent,precision,3,query,255,5.572799892,5.563062322,True,
mode_invent,precision,3,query,256,-15.12180963,-0.06627388537,False,
mode_invent,precision,3,query,257,-8.03867338,1.290562038,True,
mode_invent,precision,3,query,258,9.866733454,-0.1369890269,True,
mode_invent,precision,3,query,259,-6.423160201,-5.721836379,True,
mode_invent,precision,3,query,260,-0.6076212753,7.257566184,True,
mode_invent,precision,3,query,261,-5.715504401,4.613549818,True,
mode_invent,precision,3,query,262,0.6061067512,7.896084451,True,
mode_invent,precision,3,query,263,-5.406845943,-5.839794285,True,
mode_invent,precision,3,query,264,-8.727254447,-0.9479595597,True,
mode_invent,precision,3,query,265,-5.894130254,5.108093912,True,
mode_invent,precision,3,query,266,5.890755583,5.652422546,True,
mode_invent,precision,3,query,267,4.294547502,5.723975549,True,
mode_invent,precision,3,query,268,-6.999714667,-6.273331875,True,
mode_invent,precision,3,query,269,5.36250064,3.581580972,False,
mode_invent,precision,3,query,270,0.09150744786,-7.84901665,True,
mode_invent,precision,3,query,271,13.84197581,-0.4243172725,False,
mode_invent,precision,3,query,272,5.283250589,4.680314781,True,
mode_invent,precision,3,query,273,5.38715388,-6.209466053,True,
mode_invent,precision,3,query,274,8.091685393,-1.20413609,True,
mode_invent,precision,3,query,275,-5.42126434,5.800073143,True,
mode_invent,precision,3,query,276,-8.141562832,-0.4392048231,True,
mode_invent,precision,3,query,277,-5.104514357,-7.321455956,True,
mode_invent,precision,3,query,278,8.460453338,0.2430374662,True,
mode_invent,precision,3,query,279,-5.373477957,-5.273541657,True,
mode_invent,precision,3,query,280,5.003209843,-5.916314308,True,
mode_invent,precision,3,query,281,6.293912581,-5.226215005,True,
mode_invent,precision,3,query,282,5.863567015,-7.171174495,True,
mode_invent,precision,3,query,283,0.5378871149,-6.830529008,True,
mode_invent,precision,3,query,284,1.009671493,-7.766121951,True,
mode_invent,precision,3,query,285,-1.557678604,-7.057455186,True,
mode_invent,precision,3,query,286,13.85274536,-2.532519648,False,
mode_invent,precision,3,query,287,-7.622792597,-1.492171783,True,
mode_invent,precision,3,query,288,-9.29644058,-0.6349588924,True,
mode_invent,precision,3,query,289,1.272591178,-8.370845354,True,
mode_invent,precision,3,query,290,-5.385862662,-3.908886286,True,
mode_invent,precision,3,query,291,15.59402976,-0.1033534158,False,
mode_invent,precision,3,query,292,5.415333227,4.395983615,True,
mode_invent,precision,3,query,293,-6.351312324,-5.231495902,True,
mode_invent,precision,3,query,294,-7.604269238,0.1102382312,True,
mode_invent,precision,3,query,295,6.651655907,4.884486236,True,
mode_invent,precision,3,query,296,5.600777729,-4.925611261,True,
mode_invent,precision,3,query,297,14.58414591,1.070945776,False,
mode_invent,precision,3,query,298,-5.259833843,5.347451694,True,
mode_invent,precision,3,query,299,6.01904651,4.654259053,True,
mode_invent,precision,3,query,300,-7.296313581,-5.076182469,True,
mode_invent,precision,3,query,301,-5.711994582,5.965263876,True,
mode_invent,precision,3,query,302,-1.697684364,-8.365114025,True,
mode_invent,precision,3,query,303,-8.599857114,-0.8642121147,True,
mode_invent,precision,3,query,304,5.744984994,-0.3348734821,True,
mode_invent,precision,3,query,305,-7.102695712,0.3809977219,True,
mode_invent,precision,3,query,306,7.39905339,-0.01487597165,True,
mode_invent,precision,3,query,307,-4.900054169,-8.417272112,False,
mode_invent,precision,3,query,308,5.532317703,6.200054397,True,
mode_invent,precision,3,query,309,0.6821286252,-6.299269793,True,
mode_invent,precision,3,query,310,-4.52180857,5.969417084,True,
mode_invent,precision,3,query,311,-13.69802399,0.786945348,False,
mode_invent,precision,3,query,312,-8.539326995,-0.04018805494,True,
mode_invent,precision,3,query,313,-4.750615246,7.614299464,True,
mode_invent,precision,3,query,314,-8.159267306,-0.04840068933,True,
mode_invent,precision,3,query,315,5.855334443,-4.313650555,True,
mode_invent,precision,3,query,316,5.626540946,-4.187495213,True,
mode_invent,precision,3,query,317,7.033342783,-0.1860362957,True,
mode_invent,precision,3,query,318,5.458689093,-4.870348525,False,
mode_invent,precision,3,query,319,-4.611593873,4.147409891,False,
mode_invent,precision,3,query,320,-8.915117626,0.3368524788,True,
mode_invent,precision,3,query,321,-14.65869365,-1.522427776,False,
mode_invent,precision,3,query,322,1.038479972,-7.506029916,True,
mode_invent,precision,3,query,323,8.493177497,-0.4754457164,True,
mode_invent,precision,3,query,324,1.028938452,7.760040004,True,
mode_invent,precision,3,query,325,1.096435278,7.088334849,True,
mode_invent,precision,3,query,326,-0.8541354477,-7.795336789,True,
mode_invent,precision,3,query,327,4.954522104,-4.981403184,True,
mode_invent,precision,3,query,328,-7.739912256,-0.9229712179,True,
mode_invent,precision,3,query,329,-13.9271344,-0.3512776882,False,
mode_invent,precision,3,query,330,-4.74102142,5.024301266,True,
mode_invent,precision,3,query,331,7.560826905,1.211236905,True,
mode_invent,precision,3,query,332,-5.761406611,1.999008664,True,
mode_invent,precision,3,query,333,0.06322301166,8.218854707,True,
mode_invent,precision,3,query,334,15.53345866,-0.1244348062,False,
mode_invent,precision,3,query,335,-0.9763491371,-7.883124403,True,
mode_invent,precision,3,query,336,0.4515167805,7.170850382,True,
mode_invent,precision,3,query,337,-7.303085391,-7.093583764,True,
mode_invent,precision,3,query,338,8.665429284,-0.7583765163,True,
mode_invent,precision,3,query,339,13.85865291,0.2125586843,False,
mode_invent,precision,3,query,340,-7.380859121,-0.3349027987,True,
mode_invent,precision,3,query,341,6.15556995,4.766793957,True,
mode_invent,precision,3,query,342,-0.3617140257,6.975584412,True,
mode_invent,precision,3,query,343,15.13176722,-0.02708322807,False,
mode_invent,precision,3,query,344,4.917546762,5.304482451,True,
mode_invent,precision,3,query,345,-5.87858273,-4.956334458,True,
mode_invent,precision,3,query,346,4.061218071,-6.694060091,True,
mode_invent,precision,3,query,347,-6.034961501,-3.124548417,True,
mode_invent,precision,3,query,348,-4.701175357,-5.768305929,True,
mode_invent,precision,3,query,349,-7.288000418,2.05743617,True,
mode_invent,precision,3,query,350,7.766256073,-0.3664133441,True,
mode_invent,precision,3,query,351,6.868797793,-5.162678751,True,
mode_invent,precision,3,query,352,6.328187405,5.14863185,True,
mode_invent,precision,3,query,353,7.581057382,7.366445051,True,
mode_invent,precision,3,query,354,-5.090906461,6.341144088,True,
mode_invent,precision,3,query,355,3.629593377,-5.019144456,True,
mode_invent,precision,3,query,356,-5.850962837,-5.222948544,True,
mode_invent,precision,3,query,357,6.339313661,-5.998146018,True,
mode_invent,precision,3,query,358,-7.34733605,-5.288979684,True,
mode_invent,precision,3,query,359,4.915470597,5.326660157,True,
mode_invent,precision,3,query,360,5.052344405,-5.998428505,True,
mode_invent,precision,3,query,361,5.690479043,1.216947127,True,
mode_invent,precision,3,query,362,0.2533461023,-6.888600737,True,
mode_invent,precision,3,query,363,7.636696079,-5.634261127,True,
mode_invent,precision,3,query,364,-1.802436256,-8.89388685,True,
mode_invent,precision,3,query,365,-6.86375873,5.154979606,True,
mode_invent,precision,3,query,366,-7.920352022,-2.002187267,True,
mode_invent,precision,3,query,367,5.999329743,-7.167210903,True,
mode_invent,precision,3,query,368,-7.702634737,-0.1094911452,True,
mode_invent,precision,3,query,369,-5.970485489,5.583811194,True,
mode_invent,precision,3,query,370,-6.196632265,-6.269325693,True,
mode_invent,precision,3,query,371,3.974097859,-5.686481564,True,
mode_invent,precision,3,query,372,1.845533711,-6.019504937,False,
mode_invent,precision,3,query,373,1.321817597,8.705801601,True,
mode_invent,precision,3,query,374,13.32351988,1.442750788,False,
mode_invent,precision,3,query,375,13.94387245,-0.06887550976,False,
mode_invent,precision,3,query,376,-14.29122713,0.09196189902,False,
mode_invent,precision,3,query,377,5.221639348,5.57307208,True,
mode_invent,precision,3,query,378,4.572255141,-6.030517954,True,
mode_invent,precision,3,query,379,2.28055647,-8.069594028,True,
mode_invent,precision,3,query,380,-0.2386605648,-7.467625721,True,
mode_invent,precision,3,query,381,14.70812182,-1.113768859,False,
mode_invent,precision,3,query,382,7.792841217,0.9182758409,True,
mode_invent,precision,3,query,383,5.926691879,-5.534900206,True,
mode_invent,precision,3,query,384,9.554017669,-0.6777727596,True,
mode_invent,precision,3,query,385,0.08274589511,7.479941335,True,
mode_invent,precision,3,query,386,1.490308229,-9.951860399,True,
mode_invent,precision,3,query,387,-14.6701417,-0.529156966,False,
mode_invent,precision,3,query,388,0.6635396232,8.606275476,True,
mode_invent,precision,3,query,389,1.39519426,6.425967158,True,
mode_invent,precision,3,query,390,-7.249524991,-0.2932798643,True,
mode_invent,precision,3,query,391,-0.6656252373,8.539568533,True,
mode_invent,precision,3,query,392,-6.576993832,3.579940954,True,
mode_invent,precision,3,query,393,-8.370218489,-1.497770852,True,
mode_invent,precision,3,query,394,-14.64891582,0.3715547638,False,
mode_invent,precision,3,query,395,-5.344854504,-4.069954801,True,
mode_invent,precision,3,query,396,-0.1996547469,6.466668409,True,
mode_invent,precision,3,query,397,-6.412951106,4.737470025,True,
mode_invent,precision,3,query,398,-15.21782516,0.435367195,False,
mode_invent,precision,3,query,399,-6.302086587,-7.634227066,True,
mode_invent,precision,3,query,400,14.6969228,-0.1114265687,False,
mode_invent,precision,3,query,401,-5.300016971,-5.551132705,True,
mode_invent,precision,3,query,402,6.288508984,-5.618835502,True,
mode_invent,precision,3,query,403,6.893056733,-5.23187146,True,
mode_invent,precision,3,query,404,0.3920676234,8.409866918,True,
mode_invent,precision,3,query,405,4.200216507,-5.821490001,True,
mode_invent,precision,3,query,406,5.39753776,-5.449307528,True,
mode_invent,precision,3,query,407,6.641305836,1.634114777,True,
mode_invent,precision,3,query,408,5.761242914,4.445536709,True,
mode_invent,precision,3,query,409,-9.708886964,-0.2812872937,True,
mode_invent,precision,3,query,410,-0.08967541293,-8.718292086,True,
mode_invent,precision,3,query,411,8.092113828,-0.6411757672,True,
mode_invent,precision,3,query,412,0.5516582517,-8.724541818,True,
mode_invent,precision,3,query,413,5.618354024,-4.678015076,True,
mode_invent,precision,3,query,414,2.571668883,6.992356807,False,
mode_invent,precision,3,query,415,7.53549223,-0.8398356978,True,
mode_invent,precision,3,query,416,-7.215671678,-1.148099306,True,
mode_invent,precision,3,query,417,5.172497204,-5.686455533,True,
mode_invent,precision,3,query,418,4.67817571,4.699529207,True,
mode_invent,precision,3,query,419,-6.132477138,-7.75729449,True,
mode_invent,precision,3,query,420,-1.445478217,7.586965912,True,
mode_invent,precision,3,query,421,8.148230636,-0.185759986,True,
mode_invent,precision,3,query,422,12.22603131,-0.4637862918,False,
mode_invent,precision,3,query,423,0.7984376405,8.555865512,True,
mode_invent,precision,3,query,424,5.578106388,-6.544224125,True,
mode_invent,precision,3,query,425,6.28807062,-6.235783231,True,
mode_invent,precision,3,query,426,-6.826102652,-6.459040485,True,
mode_invent,precision,3,query,427,-6.551654708,0.2201800382,True,
mode_invent,precision,3,query,428,9.159247053,-0.4793363133,True,
mode_invent,precision,3,query,429,6.595003589,-6.258358293,True,
mode_invent,precision,3,query,430,7.842572631,2.48635026,True,
mode_invent,precision,3,query,431,-4.889705617,-6.158024625,True,
mode_invent,precision,3,query,432,-0.08481903903,-7.673776579,True,
mode_invent,precision,3,query,433,9.21045759,-0.4891330917,True,
mode_invent,precision,3,query,434,3.915535165,5.377212436,True,
mode_invent,precision,3,query,435,0.01538545716,-7.890462031,True,
mode_invent,precision,3,query,436,1.316690136,8.316687078,True,
mode_invent,precision,3,query,437,14.81291697,-1.101113694,False,
mode_invent,precision,3,query,438,0.8679014884,10.09621983,True,
mode_invent,precision,3,query,439,-4.883944959,-5.40329853,True,
mode_invent,precision,3,query,440,-5.502866061,-3.86971201,True,
mode_invent,precision,3,query,441,-14.92718148,-0.111102358,False,
mode_invent,precision,3,query,442,0.4602075929,8.744001108,True,
mode_invent,precision,3,query,443,-8.437327906,0.3073213947,True,
mode_invent,precision,3,query,444,5.378932768,-5.536383117,True,
mode_invent,precision,3,query,445,-0.1320915404,-9.141593678,True,
mode_invent,precision,3,query,446,-14.02111359,0.8771515221,False,
mode_invent,precision,3,query,447,4.689835958,5.415762501,True,
mode_invent,precision,3,query,448,14.66478006,-1.069865107,False,
mode_invent,precision,3,query,449,8.182638338,-1.060129819,True,
mode_invent,precision,3,query,450,-4.522223749,-3.344032868,False,
mode_invent,precision,3,query,451,2.022255284,-8.219180678,True,
mode_invent,precision,3,query,452,6.397053378,-5.535856521,True,
mode_invent,precision,3,query,453,5.758960146,-4.109097189,True,
mode_invent,precision,3,query,454,-9.319179576,1.055294597,True,
mode_invent,precision,3,query,455,-5.705830245,-4.248313629,True,
mode_invent,precision,3,query,456,0.1872333689,-8.672671995,True,
mode_invent,precision,3,query,457,0.2771403768,-7.264032905,True,
mode_invent,precision,3,query,458,-5.621090575,6.144892526,True,
mode_invent,precision,3,query,459,5.135179074,3.522970349,True,
mode_invent,precision,3,query,460,0.9000235838,8.699159736,True,
mode_invent,precision,3,query,461,14.14817838,0.06841056221,False,
mode_invent,precision,3,query,462,6.693150019,-6.113960975,True,
mode_invent,precision,3,query,463,-14.70653407,-0.1885498695,False,
mode_invent,precision,3,query,464,-6.810902811,-1.387112904,True,
mode_invent,precision,3,query,465,6.848684242,-6.296107104,True,
mode_invent,precision,3,query,466,6.8992565,1.260061836,True,
mode_invent,precision,3,query,467,7.903109905,-1.300234364,True,
mode_invent,precision,3,query,468,13.64126694,0.9310524309,False,
mode_invent,precision,3,query,469,1.192074193,-8.427098682,True,
mode_invent,precision,3,query,470,6.063175009,-4.942769617,True,
mode_invent,precision,3,query,471,5.012227756,6.011890325,True,
mode_invent,precision,3,query,472,5.624976335,-6.19287866,True,
mode_invent,precision,3,query,473,-0.4921479354,-7.932965518,True,
mode_invent,precision,3,query,474,0.02985348696,-8.565489953,True,
mode_invent,precision,3,query,475,7.574054892,1.113337238,True,
mode_invent,precision,3,query,476,-7.786172865,0.8850943666,True,
mode_invent,precision,3,query,477,-6.798177768,0.5888422596,True,
mode_invent,precision,3,query,478,2.270886313,7.174695968,True,
mode_invent,precision,3,query,479,6.465263843,5.338710276,True,
mode_invent,recall,3,center,0,-5.655624096,-5.358108712,,0.2375405116
mode_invent,recall,3,center,1,-8.274137855,-0.8905918388,,0.3816410771
mode_invent,recall,3,center,2,-0.4546707852,7.008353445,,0.2924052698
mode_invent,recall,3,center,3,-5.596710647,6.997069495,,0.6370905687
mode_invent,recall,3,center,4,-6.149060768,5.03637935,,0.2648255002
mode_invent,recall,3,center,5,0.4898420502,-7.643112992,,0.4346765627
mode_invent,recall,3,center,6,-7.894585751,-0.9304680447,,0.3816410771
mode_invent,recall,3,center,7,-8.029251822,0.6953031945,,0.5953333993
mode_invent,recall,3,center,8,4.312639702,5.199238488,,0.4910510558
mode_invent,recall,3,center,9,12.09877726,-1.28953774,,0.9796307713
mode_invent,recall,3,center,10,-7.498589287,5.421763118,,0.9733702342
mode_invent,recall,3,center,11,-1.267446481,-7.728735641,,0.7313358562
mode_invent,recall,3,center,12,-13.84324891,-0.1869309446,,0.2802424754
mode_invent,recall,3,center,13,-8.17361396,-6.195547145,,1.250715699
mode_invent,recall,3,center,14,5.608353304,-5.543545263,,0.2295323042
mode_invent,recall,3,center,15,-1.530135766,-8.477753276,,0.7937462298
mode_invent,recall,3,center,16,-8.978519078,-0.8088372394,,0.3826895087
mode_invent,recall,3,center,17,-4.595955626,4.849319574,,0.3202931162
mode_invent,recall,3,center,18,5.624332545,6.541244117,,0.8092513267
mode_invent,recall,3,center,19,-8.583600433,-0.1117019496,,0.4290287312
mode_invent,recall,3,center,20,8.110464143,0.06378177426,,0.3694349009
mode_invent,recall,3,center,21,-1.225055826,8.07614023,,0.3016067926
mode_invent,recall,3,center,22,1.358823422,6.452855322,,0.7248949506
mode_invent,recall,3,center,23,8.859382688,0.1193540257,,0.5494582742
mode_invent,recall,3,center,24,-6.298324644,-3.656437703,,0.8374764022
mode_invent,recall,3,center,25,8.762259712,-1.199288902,,0.4784979101
mode_invent,recall,3,center,26,5.731370478,6.233543833,,0.5338850159
mode_invent,recall,3,center,27,-5.845636375,6.339764517,,0.2973144948
mode_invent,recall,3,center,28,-0.06651732015,-7.332752439,,0.3415148854
mode_invent,recall,3,center,29,-4.218331658,-6.3325165,,0.7426113433
mode_invent,recall,3,center,30,-13.79686139,-0.4633075765,,0.4382257334
mode_invent,recall,3,center,31,-5.529585838,4.469659722,,0.2982621712
mode_invent,recall,3,center,32,-8.579301597,-0.1961959728,,0.4452777237
mode_invent,recall,3,center,33,-4.758090377,-4.511632242,,0.7344188876
mode_invent,recall,3,center,34,4.333326457,-6.451496615,,0.6439150509
mode_invent,recall,3,center,35,0.6469034226,6.007580216,,0.8573137179
mode_invent,recall,3,center,36,-6.120024114,-5.754141175,,0.3048525654
mode_invent,recall,3,center,37,-4.399839272,6.34625815,,0.5725946849
mode_invent,recall,3,center,38,-14.32721342,-0.3685758941,,0.4004528076
mode_invent,recall,3,center,39,13.7498046,1.5235294,,0.8647168026
mode_invent,recall,3,center,40,-6.084879192,5.353173861,,0.2574480501
mode_invent,recall,3,center,41,0.3525890673,-8.120770445,,0.3768471003
mode_invent,recall,3,center,42,-0.197284228,6.885932857,,0.4192711488
mode_invent,recall,3,center,43,-5.668375718,-6.100435472,,0.4863645202
mode_invent,recall,3,center,44,6.822982026,-5.003765747,,0.5739321826
mode_invent,recall,3,center,45,-5.680997863,6.325235273,,0.2158353832
mode_invent,recall,3,center,46,7.660130448,1.052126358,,0.1875562848
mode_invent,recall,3,center,47,-0.005399560672,8.583382354,,0.4336908681
mode_invent,recall,3,center,48,-6.947747495,-5.310174201,,0.5690125254
mode_invent,recall,3,center,49,-1.688204117,-10.03532894,,1.670241825
mode_invent,recall,3,center,50,7.695523122,-0.8999276076,,0.3540036041
mode_invent,recall,3,center,51,0.1640527957,-5.755243374,,0.7753262829
mode_invent,recall,3,center,52,-6.488577431,5.032910663,,0.3625397137
mode_invent,recall,3,center,53,-5.451450303,6.149867541,,0.3193146323
mode_invent,recall,3,center,54,7.823593934,-0.2059303303,,0.3937500936
mode_invent,recall,3,center,55,-4.954391294,-5.136946612,,0.4755389328
mode_invent,recall,3,center,56,-1.033675832,7.920818681,,0.4508231034
mode_invent,recall,3,center,57,-13.96471315,-1.054484622,,0.6145441506
mode_invent,recall,3,center,58,5.91669335,4.798897772,,0.2068203502
mode_invent,recall,3,center,59,-4.684787542,5.849600162,,0.5525960539
mode_invent,recall,3,center,60,5.746160735,-6.247882602,,0.361056441
mode_invent,recall,3,center,61,-5.775464073,3.659107957,,0.8470243623
mode_invent,recall,3,center,62,-1.131407471,8.362839799,,0.4526965228
mode_invent,recall,3,center,63,-10.12856704,0.8466085215,,1.203445195
mode_invent,recall,3,center,64,3.910757774,-4.900115747,,0.9657726828
mode_invent,recall,3,center,65,-8.845497033,0.7789910843,,0.6237582324
mode_invent,recall,3,center,66,8.130951208,-1.53683494,,0.4794990429
mode_invent,recall,3,center,67,-4.4077055,7.098561405,,0.8494179929
mode_invent,recall,3,center,68,-5.722659155,5.382937977,,0.3634408583
mode_invent,recall,3,center,69,-14.15986697,-0.9751523228,,0.6275014683
mode_invent,recall,3,center,70,-4.55826749,5.113962318,,0.2919715769
mode_invent,recall,3,center,71,-0.05119041269,-8.793296403,,0.2672005756
mode_invent,recall,3,center,72,7.3739269,-1.277725152,,0.4961402164
mode_invent,recall,3,center,73,-6.742930686,-0.1540875732,,0.5253687119
mode_invent,recall,3,center,74,0.9659216187,8.013324597,,0.2670087963
mode_invent,recall,3,center,75,-14.69440353,-0.32668526,,0.3172720667
mode_invent,recall,3,center,76,-0.5602310505,-7.992040901,,0.3684120591
mode_invent,recall,3,center,77,13.62473316,-0.2999217159,,0.3939952192
mode_invent,recall,3,center,78,-7.035428934,4.850008322,,0.6325689797
mode_invent,recall,3,center,79,1.654057549,7.328766784,,0.7454138258
mode_invent,recall,3,center,80,4.602760462,5.994180582,,0.4754547303
mode_invent,recall,3,center,81,1.4072722,-9.454024302,,0.6505780833
mode_invent,recall,3,center,82,-8.208521848,-0.6320525539,,0.4331370202
mode_invent,recall,3,center,83,-7.417873724,6.391780959,,0.7522203791
mode_invent,recall,3,center,84,5.633410331,-5.585412405,,0.2591576761
mode_invent,recall,3,center,85,-6.409165722,6.111638412,,0.6079529953
mode_invent,recall,3,center,86,-0.5392973495,7.857096792,,0.4984682169
mode_invent,recall,3,center,87,-6.765115042,-6.87295701,,0.5789249689
mode_invent,recall,3,center,88,9.335531855,-0.5071047045,,0.2772429181
mode_invent,recall,3,center,89,-5.365173893,5.623063815,,0.4037473587
mode_invent,recall,3,center,90,5.215709047,-6.16481522,,0.3269688287
mode_invent,recall,3,center,91,0.6300825914,7.698132395,,0.4036317004
mode_invent,recall,3,center,92,-5.808297898,-5.634632692,,0.2325802447
mode_invent,recall,3,center,93,-6.82349168,0.6805109746,,0.4094668242
mode_invent,recall,3,center,94,6.039454517,5.093282856,,0.3189559244
mode_invent,recall,3,center,95,4.274885529,6.606384181,,0.6944747786
mode_invent,recall,3,center,96,8.966447134,-0.1407083991,,0.4253714479
mode_invent,recall,3,center,97,8.541883842,0.7814430539,,0.5445286987
mode_invent,recall,3,center,98,0.8311844527,-7.078616527,,0.5842465844
mode_invent,recall,3,center,99,-6.1124719,7.171827232,,0.544563988
mode_invent,recall,3,center,100,-6.903447308,6.518577326,,0.4055048082
mode_invent,recall,3,center,101,-5.16292217,6.530473363,,0.5421875594
mode_invent,recall,3,center,102,-12.12099169,1.484445473,,1.994810554
mode_invent,recall,3,center,103,-9.145176907,-1.68867158,,0.8488826715
mode_invent,recall,3,center,104,-4.83996519,4.641841834,,0.5446250126
mode_invent,recall,3,center,105,-5.669259638,-4.817126772,,0.4446429605
mode_invent,recall,3,center,106,4.013056898,3.546873795,,1.122376742
mode_invent,recall,3,center,107,5.91615327,5.701240139,,0.0994785813
mode_invent,recall,3,center,108,13.75419693,0.03853476377,,0.3623722616
mode_invent,recall,3,center,109,-14.86051561,-1.513494407,,0.883584019
mode_invent,recall,3,center,110,7.833345149,-0.971708691,,0.3358515137
mode_invent,recall,3,center,111,4.013372927,6.162535321,,0.6129608342
mode_invent,recall,3,center,112,-0.06139862842,-7.593471463,,0.2607692669
mode_invent,recall,3,center,113,-0.9892949414,7.341941208,,0.5028736365
mode_invent,recall,3,center,114,-0.9990430272,7.113358133,,0.4171414029
mode_invent,recall,3,center,115,5.852262167,4.873879633,,0.2884072644
mode_invent,recall,3,center,116,8.356066289,0.3397559254,,0.4493171028
mode_invent,recall,3,center,117,7.682015236,4.264065204,,1.597388469
mode_invent,recall,3,center,118,-13.11209762,-0.08948796189,,0.840675421
mode_invent,recall,3,center,119,-5.67088398,4.206990428,,0.409000636
mode_invent,recall,3,center,120,5.196660437,-4.913656986,,0.2655835826
mode_invent,recall,3,center,121,-5.739332622,-5.575799879,,0.247951454
mode_invent,recall,3,center,122,5.366137569,-4.502284503,,0.3795219487
mode_invent,recall,3,center,123,-0.02147256704,-10.20041567,,1.12840764
mode_invent,recall,3,center,124,4.964781699,3.688057642,,0.8391399544
mode_invent,recall,3,center,125,4.748561585,-0.5301153498,,1.814685386
mode_invent,recall,3,center,126,6.9904141,5.703974156,,0.8642622701
mode_invent,recall,3,center,127,-15.17254571,-0.9406998682,,0.7761773634
mode_invent,recall,3,center,128,1.13061323,8.157626623,,0.4103813845
mode_invent,recall,3,center,129,-13.95200076,-0.05346178884,,0.2988522139
mode_invent,recall,3,center,130,-5.618453988,-4.851448603,,0.4354043488
mode_invent,recall,3,center,131,0.5525672974,8.2157047,,0.4060300337
mode_invent,recall,3,center,132,-6.699722607,6.167963014,,0.4055048082
mode_invent,recall,3,center,133,-6.341101327,-4.563008574,,0.6071480086
mode_invent,recall,3,center,134,4.385803428,-5.794475226,,0.4256337705
mode_invent,recall,3,center,135,13.99264171,-1.324645551,,0.7188066758
mode_invent,recall,3,center,136,7.378825893,7.117261017,,1.465688737
mode_invent,recall,3,center,137,-14.46358376,0.7717211656,,0.4548575791
mode_invent,recall,3,center,138,6.035530319,3.043294786,,1.249888694
mode_invent,recall,3,center,139,5.907252266,5.59551017,,0.1061039788
mode_invent,recall,3,center,140,0.08321735347,-9.07687492,,0.3980873741
mode_invent,recall,3,center,141,-5.926201296,-5.835113013,,0.2325802447
mode_invent,recall,3,center,142,-6.811905783,0.3344270604,,0.2944955167
mode_invent,recall,3,center,143,-8.00555503,1.528969998,,0.6802237596
mode_invent,recall,3,center,144,-6.212102179,5.267423945,,0.2394907605
mode_invent,recall,3,center,145,-1.816755011,9.569105846,,1.605943416
mode_invent,recall,3,center,146,-4.692521881,-4.740006205,,0.6903618635
mode_invent,recall,3,center,147,-4.987955803,5.767002837,,0.4345686755
mode_invent,recall,3,center,148,0.2154889392,7.74799341,,0.4177478085
mode_invent,recall,3,center,149,-0.2036004257,8.054303612,,0.3893365569
mode_invent,recall,3,center,150,7.168683761,6.212542151,,1.121776148
mode_invent,recall,3,center,151,13.94153987,-0.5793920504,,0.5105218695
mode_invent,recall,3,center,152,-6.291852737,7.259559261,,0.7430500672
mode_invent,recall,3,center,153,-7.493312696,0.06755055831,,0.3183886616
mode_invent,recall,3,center,154,-6.003036092,-6.765907661,,0.6023938787
mode_invent,recall,3,center,155,-14.06686156,0.8736580345,,0.4096091216
mode_invent,recall,3,center,156,5.264317003,5.429611666,,0.3637208106
mode_invent,recall,3,center,157,5.435819898,-5.547259881,,0.172573389
mode_invent,recall,3,center,158,-1.593010879,7.764601648,,0.4589355631
mode_invent,recall,3,center,159,-6.511249768,6.541439282,,0.4417577842
mode_invent,recall,3,center,160,-6.427452926,-5.079807502,,0.5239634827
mode_invent,recall,3,center,161,-4.132416797,5.343257988,,0.6773798072
mode_invent,recall,3,center,162,5.055277997,5.848286509,,0.4679593243
mode_invent,recall,3,center,163,-14.00202903,-0.9936163473,,0.568613359
mode_invent,recall,3,center,164,14.46091942,2.015516053,,1.273474681
mode_invent,recall,3,center,165,-0.2581119953,-8.202876196,,0.3684120591
mode_invent,recall,3,center,166,6.955067976,0.3190884517,,0.511153554
mode_invent,recall,3,center,167,4.409878025,4.549923225,,0.7187980169
mode_invent,recall,3,center,168,-12.72033273,-0.9054530594,,0.6429799995
mode_invent,recall,3,center,169,6.738211819,-4.132496246,,0.9795311917
mode_invent,recall,3,center,170,0.2593264575,8.553391403,,0.2769210902
mode_invent,recall,3,center,171,9.952250944,-0.1967284021,,0.6904171805
mode_invent,recall,3,center,172,-6.249860046,-7.010085314,,0.6263230301
mode_invent,recall,3,center,173,0.04170708035,-6.520855789,,0.6776725676
mode_invent,recall,3,center,174,0.9595953814,7.057908759,,0.520480235
mode_invent,recall,3,center,175,4.801478866,5.15268302,,0.2857882992
mode_invent,recall,3,center,176,0.2922680825,-8.205311427,,0.4089630795
mode_invent,recall,3,center,177,0.2144539454,-7.703260622,,0.2818800199
mode_invent,recall,3,center,178,-5.955627836,-5.697028191,,0.1740345634
mode_invent,recall,3,center,179,8.206592377,-0.08396970353,,0.401948009
mode_invent,recall,3,center,180,-7.496479135,1.870875773,,0.7941905505
mode_invent,recall,3,center,181,0.5919722848,-7.944189454,,0.3975013131
mode_invent,recall,3,center,182,6.313881377,0.387957086,,0.6448745185
mode_invent,recall,3,center,183,-9.946678412,-1.409034086,,1.010940969
mode_invent,recall,3,center,184,8.854639252,0.7062350601,,0.6082224479
mode_invent,recall,3,center,185,-0.1499389983,6.289988894,,0.7175582743
mode_invent,recall,3,center,186,5.285505733,4.978115931,,0.4519926561
mode_invent,recall,3,center,187,0.6368407461,-5.742269468,,0.9799901735
mode_invent,recall,3,center,188,8.216930488,-0.779311128,,0.3671469031
mode_invent,recall,3,center,189,-1.17055153,7.943905719,,0.3709072512
mode_invent,recall,3,center,190,13.82320681,-1.15151916,,0.5842363767
mode_invent,recall,3,center,191,5.773209485,4.505940728,,0.326207678
mode_invent,recall,3,center,192,1.112107272,9.062650606,,0.5960031618
mode_invent,recall,3,center,193,15.08475127,-0.4740504706,,0.5309491598
mode_invent,recall,3,center,194,6.171374813,-5.788923755,,0.3390779257
mode_invent,recall,3,center,195,-0.3888120614,-8.339145657,,0.4191188473
mode_invent,recall,3,center,196,-1.299715273,6.556136304,,0.84489652
mode_invent,recall,3,center,197,0.7943147909,7.808764596,,0.2396296066
mode_invent,recall,3,center,198,5.873279101,-4.655143861,,0.3446578469
mode_invent,recall,3,center,199,-9.733132495,-0.7841300738,,0.6603838908
mode_invent,recall,3,center,200,-5.481519406,-5.264759463,,0.3390468516
mode_invent,recall,3,center,201,7.62292555,1.029179233,,0.1923570584
mode_invent,recall,3,center,202,-7.789605061,-1.213382139,,0.3248846934
mode_invent,recall,3,center,203,-6.587618025,-4.851383189,,0.4475779923
mode_invent,recall,3,center,204,6.120685706,-7.555915488,,1.148003368
mode_invent,recall,3,center,205,-4.309141946,6.254881281,,0.5525960539
mode_invent,recall,3,center,206,-4.313511262,5.273153368,,0.4946638296
mode_invent,recall,3,center,207,5.361148028,4.530397165,,0.4089953721
mode_invent,recall,3,center,208,8.19378382,5.481400024,,1.320534418
mode_invent,recall,3,center,209,-12.41246681,-0.6472924514,,0.8947788133
mode_invent,recall,3,center,210,-7.836158808,-1.671352487,,0.4603304147
mode_invent,recall,3,center,211,5.273987101,-4.673099341,,0.2702259547
mode_invent,recall,3,center,212,4.405110434,6.729081794,,0.7610159824
mode_invent,recall,3,center,213,14.33723782,-1.043950925,,0.444450162
mode_invent,recall,3,center,214,-6.158451521,5.197788573,,0.1719228763
mode_invent,recall,3,center,215,5.607334912,5.120710284,,0.4329891654
mode_invent,recall,3,center,216,7.172712099,-0.3045877025,,0.5967552757
mode_invent,recall,3,center,217,-1.026889739,6.710473427,,0.6325859048
mode_invent,recall,3,center,218,-5.705030732,6.539728475,,0.4036599764
mode_invent,recall,3,center,219,6.470628295,0.003508151464,,0.578163239
mode_invent,recall,3,center,220,7.350043805,-0.9771454371,,0.3540036041
mode_invent,recall,3,center,221,-4.803416597,-6.175023939,,0.6059111262
mode_invent,recall,3,center,222,-12.50169832,-0.7798393641,,0.8417768983
mode_invent,recall,3,center,223,-7.613498006,-0.2272830066,,0.3183886616
mode_invent,recall,3,center,224,7.245978191,0.5876750426,,0.5805301552
mode_invent,recall,3,center,225,7.845017427,0.6032105807,,0.4854982702
mode_invent,recall,3,center,226,-5.704145757,4.571037994,,0.3655639158
mode_invent,recall,3,center,227,-14.10206924,0.05195516952,,0.3522137684
mode_invent,recall,3,center,228,8.958462954,-0.9062690073,,0.4043143248
mode_invent,recall,3,center,229,-0.03932985327,-9.72187873,,0.6565422555
mode_invent,recall,3,center,230,0.6514930603,6.918517025,,0.4762474883
mode_invent,recall,3,center,231,-9.806359521,-0.05921683427,,0.7690879298
mode_invent,recall,3,center,232,-12.89431504,-1.524446948,,1.000788555
mode_invent,recall,3,center,233,12.91196441,-0.7432748911,,0.8394053388
mode_invent,recall,3,center,234,6.870503354,0.3794278883,,0.5488312229
mode_invent,recall,3,center,235,-6.464221695,-6.378368986,,0.5456972767
mode_invent,recall,3,center,236,8.583305399,-0.755514631,,0.3671469031
mode_invent,recall,3,center,237,6.089634347,4.685469078,,0.2068203502
mode_invent,recall,3,center,238,-6.868992764,-7.492303539,,0.6279973759
mode_invent,recall,3,center,239,1.861202787,-8.320259032,,0.5907813489
mode_invent,recall,3,center,240,5.900787617,5.625804741,,0.07698443112
mode_invent,recall,3,center,241,5.816816006,5.706540729,,0.116488331
mode_invent,recall,3,center,242,1.908217039,-9.038926591,,0.8276400688
mode_invent,recall,3,center,243,12.44253789,-1.011959668,,0.5893803135
mode_invent,recall,3,center,244,-6.991563259,6.403816302,,0.4264803181
mode_invent,recall,3,center,245,14.82037821,-0.9613155452,,0.1897202943
mode_invent,recall,3,center,246,-1.390435776,7.645203347,,0.3709072512
mode_invent,recall,3,center,247,7.047978127,-8.476423667,,1.762528038
mode_invent,recall,3,center,248,-7.473373231,-1.075755227,,0.3448822077
mode_invent,recall,3,center,249,1.040367147,-9.077923941,,0.6682728077
mode_invent,recall,3,center,250,-8.285415827,-1.506279101,,0.5758619157
mode_invent,recall,3,center,251,-6.6341121,7.042693413,,0.5373863056
mode_invent,recall,3,center,252,14.82057869,-0.4016681522,,0.4869827172
mode_invent,recall,3,center,253,-8.87017237,-1.893807137,,0.7015113635
mode_invent,recall,3,center,254,-0.3936567119,7.969096747,,0.5206900424
mode_invent,recall,3,center,255,5.572799892,5.563062322,,0.3339349628
mode_invent,recall,3,center,256,-15.12180963,-0.06627388537,,0.500489818
mode_invent,recall,3,center,257,-8.03867338,1.290562038,,0.5953333993
mode_invent,recall,3,center,258,9.866733454,-0.1369890269,,0.6474262535
mode_invent,recall,3,center,259,-6.423160201,-5.721836379,,0.4955763323
mode_invent,recall,3,center,260,-0.6076212753,7.257566184,,0.3908886441
mode_invent,recall,3,center,261,-5.715504401,4.613549818,,0.409000636
mode_invent,recall,3,center,262,0.6061067512,7.896084451,,0.3240734127
mode_invent,recall,3,center,263,-5.406845943,-5.839794285,,0.4245473333
mode_invent,recall,3,center,264,-8.727254447,-0.9479595597,,0.4567337312
mode_invent,recall,3,center,265,-5.894130254,5.108093912,,0.3105629387
mode_invent,recall,3,center,266,5.890755583,5.652422546,,0.05925503495
mode_invent,recall,3,center,267,4.294547502,5.723975549,,0.5137071224
mode_invent,recall,3,center,268,-6.999714667,-6.273331875,,0.6438845286
mode_invent,recall,3,center,269,5.36250064,3.581580972,,0.8161145438
mode_invent,recall,3,center,270,0.09150744786,-7.84901665,,0.2485962842
mode_invent,recall,3,center,271,13.84197581,-0.4243172725,,0.3697590725
mode_invent,recall,3,center,272,5.283250589,4.680314781,,0.3135124159
mode_invent,recall,3,center,273,5.38715388,-6.209466053,,0.361056441
mode_invent,recall,3,center,274,8.091685393,-1.20413609,,0.3350079544
mode_invent,recall,3,center,275,-5.42126434,5.800073143,,0.3510944505
mode_invent,recall,3,center,276,-8.141562832,-0.4392048231,,0.4704533714
mode_invent,recall,3,center,277,-5.104514357,-7.321455956,,1.116540508
mode_invent,recall,3,center,278,8.460453338,0.2430374662,,0.4139795605
mode_invent,recall,3,center,279,-5.373477957,-5.273541657,,0.294547162
mode_invent,recall,3,center,280,5.003209843,-5.916314308,,0.3269688287
mode_invent,recall,3,center,281,6.293912581,-5.226215005,,0.3926576799
mode_invent,recall,3,center,282,5.863567015,-7.171174495,,0.6888791883
mode_invent,recall,3,center,283,0.5378871149,-6.830529008,,0.5058799167
mode_invent,recall,3,center,284,1.009671493,-7.766121951,,0.5341852242
mode_invent,recall,3,center,285,-1.557678604,-7.057455186,,1.019530398
mode_invent,recall,3,center,286,13.85274536,-2.532519648,,1.565429583
mode_invent,recall,3,center,287,-7.622792597,-1.492171783,,0.4424125843
mode_invent,recall,3,center,288,-9.29644058,-0.6349588924,,0.5433190765
mode_invent,recall,3,center,289,1.272591178,-8.370845354,,0.6594066687
mode_invent,recall,3,center,290,-5.385862662,-3.908886286,,0.4664656208
mode_invent,recall,3,center,291,15.59402976,-0.1033534158,,0.6299054646
mode_invent,recall,3,center,292,5.415333227,4.395983615,,0.3494410109
mode_invent,recall,3,center,293,-6.351312324,-5.231495902,,0.4955763323
mode_invent,recall,3,center,294,-7.604269238,0.1102382312,,0.3376473842
mode_invent,recall,3,center,295,6.651655907,4.884486236,,0.5098556162
mode_invent,recall,3,center,296,5.600777729,-4.925611261,,0.383939594
mode_invent,recall,3,center,297,14.58414591,1.070945776,,0.9532003415
mode_invent,recall,3,center,298,-5.259833843,5.347451694,,0.4805475853
mode_invent,recall,3,center,299,6.01904651,4.654259053,,0.1771906554
mode_invent,recall,3,center,300,-7.296313581,-5.076182469,,0.7434945236
mode_invent,recall,3,center,301,-5.711994582,5.965263876,,0.3343830913
mode_invent,recall,3,center,302,-1.697684364,-8.365114025,,0.7681680041
mode_invent,recall,3,center,303,-8.599857114,-0.8642121147,,0.3826895087
mode_invent,recall,3,center,304,5.744984994,-0.3348734821,,1.015371359
mode_invent,recall,3,center,305,-7.102695712,0.3809977219,,0.4094668242
mode_invent,recall,3,center,306,7.39905339,-0.01487597165,,0.465549612
mode_invent,recall,3,center,307,-4.900054169,-8.417272112,,1.605881205
mode_invent,recall,3,center,308,5.532317703,6.200054397,,0.5530816132
mode_invent,recall,3,center,309,0.6821286252,-6.299269793,,0.6776725676
mode_invent,recall,3,center,310,-4.52180857,5.969417084,,0.3960879935
mode_invent,recall,3,center,311,-13.69802399,0.786945348,,0.7657111294
mode_invent,recall,3,center,312,-8.539326995,-0.04018805494,,0.3621693413
mode_invent,recall,3,center,313,-4.750615246,7.614299464,,1.159601663
mode_invent,recall,3,center,314,-8.159267306,-0.04840068933,,0.4290287312
mode_invent,recall,3,center,315,5.855334443,-4.313650555,,0.341964455
mode_invent,recall,3,center,316,5.626540946,-4.187495213,,0.4085366759
mode_invent,recall,3,center,317,7.033342783,-0.1860362957,,0.511153554
mode_invent,recall,3,center,318,5.458689093,-4.870348525,,0.2655835826
mode_invent,recall,3,center,319,-4.611593873,4.147409891,,0.8863915464
mode_invent,recall,3,center,320,-8.915117626,0.3368524788,,0.5323327554
mode_invent,recall,3,center,321,-14.65869365,-1.522427776,,0.7761773634
mode_invent,recall,3,center,322,1.038479972,-7.506029916,,0.5655044995
mode_invent,recall,3,center,323,8.493177497,-0.4754457164,,0.4106660423
mode_invent,recall,3,center,324,1.028938452,7.760040004,,0.4036317004
mode_invent,recall,3,center,325,1.096435278,7.088334849,,0.6072479825
mode_invent,recall,3,center,326,-0.8541354477,-7.795336789,,0.3872681578
mode_invent,recall,3,center,327,4.954522104,-4.981403184,,0.5162533197
mode_invent,recall,3,center,328,-7.739912256,-0.9229712179,,0.3072230548
mode_invent,recall,3,center,329,-13.9271344,-0.3512776882,,0.2988522139
mode_invent,recall,3,center,330,-4.74102142,5.024301266,,0.3950507402
mode_invent,recall,3,center,331,7.560826905,1.211236905,,0.1923570584
mode_invent,recall,3,center,332,-5.761406611,1.999008664,,1.693062566
mode_invent,recall,3,center,333,0.06322301166,8.218854707,,0.3802952054
mode_invent,recall,3,center,334,15.53345866,-0.1244348062,,0.5688316455
mode_invent,recall,3,center,335,-0.9763491371,-7.883124403,,0.4301361013
mode_invent,recall,3,center,336,0.4515167805,7.170850382,,0.520480235
mode_invent,recall,3,center,337,-7.303085391,-7.093583764,,0.793824733
mode_invent,recall,3,center,338,8.665429284,-0.7583765163,,0.3312408727
mode_invent,recall,3,center,339,13.85865291,0.2125586843,,0.3234249263
mode_invent,recall,3,center,340,-7.380859121,-0.3349027987,,0.3928739757
mode_invent,recall,3,center,341,6.15556995,4.766793957,,0.2410242412
mode_invent,recall,3,center,342,-0.3617140257,6.975584412,,0.3741444843
mode_invent,recall,3,center,343,15.13176722,-0.02708322807,,0.4494332159
mode_invent,recall,3,center,344,4.917546762,5.304482451,,0.2534471534
mode_invent,recall,3,center,345,-5.87858273,-4.956334458,,0.2804781725
mode_invent,recall,3,center,346,4.061218071,-6.694060091,,0.8835718006
mode_invent,recall,3,center,347,-6.034961501,-3.124548417,,1.018093903
mode_invent,recall,3,center,348,-4.701175357,-5.768305929,,0.4329253067
mode_invent,recall,3,center,349,-7.288000418,2.05743617,,1.07312899
mode_invent,recall,3,center,350,7.766256073,-0.3664133441,,0.4262366308
mode_invent,recall,3,center,351,6.868797793,-5.162678751,,0.5783855657
mode_invent,recall,3,center,352,6.328187405,5.14863185,,0.41761798
mode_invent,recall,3,center,353,7.581057382,7.366445051,,1.764275762
mode_invent,recall,3,center,354,-5.090906461,6.341144088,,0.5653404912
mode_invent,recall,3,center,355,3.629593377,-5.019144456,,0.9845654525
mode_invent,recall,3,center,356,-5.850962837,-5.222948544,,0.3700883271
mode_invent,recall,3,center,357,6.339313661,-5.998146018,,0.3648119615
mode_invent,recall,3,center,358,-7.34733605,-5.288979684,,0.8767338074
mode_invent,recall,3,center,359,4.915470597,5.326660157,,0.2425906389
mode_invent,recall,3,center,360,5.052344405,-5.998428505,,0.3343109784
mode_invent,recall,3,center,361,5.690479043,1.216947127,,1.209546121
mode_invent,recall,3,center,362,0.2533461023,-6.888600737,,0.4242963851
mode_invent,recall,3,center,363,7.636696079,-5.634261127,,1.029078594
mode_invent,recall,3,center,364,-1.802436256,-8.89388685,,1.147143861
mode_invent,recall,3,center,365,-6.86375873,5.154979606,,0.6144442731
mode_invent,recall,3,center,366,-7.920352022,-2.002187267,,0.6157893239
mode_invent,recall,3,center,367,5.999329743,-7.167210903,,0.7520250265
mode_invent,recall,3,center,368,-7.702634737,-0.1094911452,,0.2741522967
mode_invent,recall,3,center,369,-5.970485489,5.583811194,,0.3980948586
mode_invent,recall,3,center,370,-6.196632265,-6.269325693,,0.5208492067
mode_invent,recall,3,center,371,3.974097859,-5.686481564,,0.6900385292
mode_invent,recall,3,center,372,1.845533711,-6.019504937,,1.466499839
mode_invent,recall,3,center,373,1.321817597,8.705801601,,0.4218463033
mode_invent,recall,3,center,374,13.32351988,1.442750788,,1.273474681
mode_invent,recall,3,center,375,13.94387245,-0.06887550976,,0.2940536945
mode_invent,recall,3,center,376,-14.29122713,0.09196189902,,0.4539971018
mode_invent,recall,3,center,377,5.221639348,5.57307208,,0.3513031778
mode_invent,recall,3,center,378,4.572255141,-6.030517954,,0.445830044
mode_invent,recall,3,center,379,2.28055647,-8.069594028,,1.038384452
mode_invent,recall,3,center,380,-0.2386605648,-7.467625721,,0.2572263427
mode_invent,recall,3,center,381,14.70812182,-1.113768859,,0.189323822
mode_invent,recall,3,center,382,7.792841217,0.9182758409,,0.2931150031
mode_invent,recall,3,center,383,5.926691879,-5.534900206,,0.3527005835
mode_invent,recall,3,center,384,9.554017669,-0.6777727596,,0.4418380497
mode_invent,recall,3,center,385,0.08274589511,7.479941335,,0.5892238947
mode_invent,recall,3,center,386,1.490308229,-9.951860399,,1.004039796
mode_invent,recall,3,center,387,-14.6701417,-0.529156966,,0.3786635481
mode_invent,recall,3,center,388,0.6635396232,8.606275476,,0.2540711503
mode_invent,recall,3,center,389,1.39519426,6.425967158,,0.7675262668
mode_invent,recall,3,center,390,-7.249524991,-0.2932798643,,0.4354664613
mode_invent,recall,3,center,391,-0.6656252373,8.539568533,,0.6616778634
mode_invent,recall,3,center,392,-6.576993832,3.579940954,,1.169095191
mode_invent,recall,3,center,393,-8.370218489,-1.497770852,,0.6147339602
mode_invent,recall,3,center,394,-14.64891582,0.3715547638,,0.5571262657
mode_invent,recall,3,center,395,-5.344854504,-4.069954801,,0.4026355139
mode_invent,recall,3,center,396,-0.1996547469,6.466668409,,0.5340961596
mode_invent,recall,3,center,397,-6.412951106,4.737470025,,0.5259878368
mode_invent,recall,3,center,398,-15.21782516,0.435367195,,0.6189529208
mode_invent,recall,3,center,399,-6.302086587,-7.634227066,,0.6263230301
mode_invent,recall,3,center,400,14.6969228,-0.1114265687,,0.5309491598
mode_invent,recall,3,center,401,-5.300016971,-5.551132705,,0.3390468516
mode_invent,recall,3,center,402,6.288508984,-5.618835502,,0.3714252974
mode_invent,recall,3,center,403,6.893056733,-5.23187146,,0.5817441409
mode_invent,recall,3,center,404,0.3920676234,8.409866918,,0.335072184
mode_invent,recall,3,center,405,4.200216507,-5.821490001,,0.4267381283
mode_invent,recall,3,center,406,5.39753776,-5.449307528,,0.2309197791
mode_invent,recall,3,center,407,6.641305836,1.634114777,,1.038316155
mode_invent,recall,3,center,408,5.761242914,4.445536709,,0.3494410109
mode_invent,recall,3,center,409,-9.708886964,-0.2812872937,,0.5433190765
mode_invent,recall,3,center,410,-0.08967541293,-8.718292086,,0.2806415261
mode_invent,recall,3,center,411,8.092113828,-0.6411757672,,0.4262366308
mode_invent,recall,3,center,412,0.5516582517,-8.724541818,,0.5804166255
mode_invent,recall,3,center,413,5.618354024,-4.678015076,,0.2559489929
mode_invent,recall,3,center,414,2.571668883,6.992356807,,1.305714277
mode_invent,recall,3,center,415,7.53549223,-0.8398356978,,0.3257404608
mode_invent,recall,3,center,416,-7.215671678,-1.148099306,,0.5330415669
mode_invent,recall,3,center,417,5.172497204,-5.686455533,,0.2978494092
mode_invent,recall,3,center,418,4.67817571,4.699529207,,0.6053798839
mode_invent,recall,3,center,419,-6.132477138,-7.75729449,,0.7827358888
mode_invent,recall,3,center,420,-1.445478217,7.586965912,,0.4505449022
mode_invent,recall,3,center,421,8.148230636,-0.185759986,,0.3252627111
mode_invent,recall,3,center,422,12.22603131,-0.4637862918,,0.8354992794
mode_invent,recall,3,center,423,0.7984376405,8.555865512,,0.3870330315
mode_invent,recall,3,center,424,5.578106388,-6.544224125,,0.3853904862
mode_invent,recall,3,center,425,6.28807062,-6.235783231,,0.4230011596
mode_invent,recall,3,center,426,-6.826102652,-6.459040485,,0.4183854423
mode_invent,recall,3,center,427,-6.551654708,0.2201800382,,0.4434923365
mode_invent,recall,3,center,428,9.159247053,-0.4793363133,,0.3896673876
mode_invent,recall,3,center,429,6.595003589,-6.258358293,,0.3077620516
mode_invent,recall,3,center,430,7.842572631,2.48635026,,1.445781225
mode_invent,recall,3,center,431,-4.889705617,-6.158024625,,0.6072105607
mode_invent,recall,3,center,432,-0.08481903903,-7.673776579,,0.2485962842
mode_invent,recall,3,center,433,9.21045759,-0.4891330917,,0.3919418991
mode_invent,recall,3,center,434,3.915535165,5.377212436,,0.7752598439
mode_invent,recall,3,center,435,0.01538545716,-7.890462031,,0.2732629332
mode_invent,recall,3,center,436,1.316690136,8.316687078,,0.4637535423
mode_invent,recall,3,center,437,14.81291697,-1.101113694,,0.1513968873
mode_invent,recall,3,center,438,0.8679014884,10.09621983,,1.412341952
mode_invent,recall,3,center,439,-4.883944959,-5.40329853,,0.4415550503
mode_invent,recall,3,center,440,-5.502866061,-3.86971201,,0.4295737949
mode_invent,recall,3,center,441,-14.92718148,-0.111102358,,0.3172720667
mode_invent,recall,3,center,442,0.4602075929,8.744001108,,0.3410113084
mode_invent,recall,3,center,443,-8.437327906,0.3073213947,,0.4515040402
mode_invent,recall,3,center,444,5.378932768,-5.536383117,,0.2295323042
mode_invent,recall,3,center,445,-0.1320915404,-9.141593678,,0.4254213976
mode_invent,recall,3,center,446,-14.02111359,0.8771515221,,0.4548575791
mode_invent,recall,3,center,447,4.689835958,5.415762501,,0.2857882992
mode_invent,recall,3,center,448,14.66478006,-1.069865107,,0.1897202943
mode_invent,recall,3,center,449,8.182638338,-1.060129819,,0.3603110147
mode_invent,recall,3,center,450,-4.522223749,-3.344032868,,1.112653543
mode_invent,recall,3,center,451,2.022255284,-8.219180678,,0.7648519114
mode_invent,recall,3,center,452,6.397053378,-5.535856521,,0.3390779257
mode_invent,recall,3,center,453,5.758960146,-4.109097189,,0.5557929836
mode_invent,recall,3,center,454,-9.319179576,1.055294597,,0.8358576122
mode_invent,recall,3,center,455,-5.705830245,-4.248313629,,0.4664656208
mode_invent,recall,3,center,456,0.1872333689,-8.672671995,,0.2806415261
mode_invent,recall,3,center,457,0.2771403768,-7.264032905,,0.4346765627
mode_invent,recall,3,center,458,-5.621090575,6.144892526,,0.201320616
mode_invent,recall,3,center,459,5.135179074,3.522970349,,0.9168634106
mode_invent,recall,3,center,460,0.9000235838,8.699159736,,0.4208385712
mode_invent,recall,3,center,461,14.14817838,0.06841056221,,0.3951125802
mode_invent,recall,3,center,462,6.693150019,-6.113960975,,0.3723080341
mode_invent,recall,3,center,463,-14.70653407,-0.1885498695,,0.3425457616
mode_invent,recall,3,center,464,-6.810902811,-1.387112904,,0.8186588983
mode_invent,recall,3,center,465,6.848684242,-6.296107104,,0.5638498049
mode_invent,recall,3,center,466,6.8992565,1.260061836,,0.6905656931
mode_invent,recall,3,center,467,7.903109905,-1.300234364,,0.3358515137
mode_invent,recall,3,center,468,13.64126694,0.9310524309,,0.7506596581
mode_invent,recall,3,center,469,1.192074193,-8.427098682,,0.6776044469
mode_invent,recall,3,center,470,6.063175009,-4.942769617,,0.4627155207
mode_invent,recall,3,center,471,5.012227756,6.011890325,,0.4862249137
mode_invent,recall,3,center,472,5.624976335,-6.19287866,,0.3544579346
mode_invent,recall,3,center,473,-0.4921479354,-7.932965518,,0.3872681578
mode_invent,recall,3,center,474,0.02985348696,-8.565489953,,0.2417930774
mode_invent,recall,3,center,475,7.574054892,1.113337238,,0.1056208941
mode_invent,recall,3,center,476,-7.786172865,0.8850943666,,0.6802237596
mode_invent,recall,3,center,477,-6.798177768,0.5888422596,,0.3686875777
mode_invent,recall,3,center,478,2.270886313,7.174695968,,1.152142094
mode_invent,recall,3,center,479,6.465263843,5.338710276,,0.4914755337
mode_invent,recall,3,query,0,-7.69528292,-1.039984106,True,
mode_invent,recall,3,query,1,0.7504511958,-7.059435284,True,
mode_invent,recall,3,query,2,-7.607889438,4.354674743,False,
mode_invent,recall,3,query,3,5.784694653,-5.973096842,True,
mode_invent,recall,3,query,4,-8.016801158,-0.8530439276,True,
mode_invent,recall,3,query,5,6.536252224,-4.879062314,True,
mode_invent,recall,3,query,6,-7.933969302,1.127241207,True,
mode_invent,recall,3,query,7,0.4675093423,-8.859292463,True,
mode_invent,recall,3,query,8,6.025605034,-6.61573685,True,
mode_invent,recall,3,query,9,0.8784503013,-8.049925911,True,
mode_invent,recall,3,query,10,-5.841716613,-6.337783794,True,
mode_invent,recall,3,query,11,6.879395588,-5.811383732,True,
mode_invent,recall,3,query,12,5.228526427,-6.0089878,True,
mode_invent,recall,3,query,13,8.532309186,0.3654440644,True,
mode_invent,recall,3,query,14,-7.587267388,0.430821003,True,
mode_invent,recall,3,query,15,-3.515206649,-6.063269266,False,
mode_invent,recall,3,query,16,5.14461152,4.843081521,True,
mode_invent,recall,3,query,17,6.272833672,-4.527881957,True,
mode_invent,recall,3,query,18,-0.1139474577,-8.840156477,True,
mode_invent,recall,3,query,19,-8.824481216,0.6505927878,True,
mode_invent,recall,3,query,20,-4.913600078,6.200008518,True,
mode_invent,recall,3,query,21,-0.6655097073,-7.767838677,True,
mode_invent,recall,3,query,22,0.1166858091,-7.781311403,True,
mode_invent,recall,3,query,23,-4.785425472,5.880449798,True,
mode_invent,recall,3,query,24,6.335767813,5.724433319,True,
mode_invent,recall,3,query,25,-5.367734851,6.288142475,True,
mode_invent,recall,3,query,26,-7.114010069,-5.976525466,True,
mode_invent,recall,3,query,27,5.186481595,-6.295732098,True,
mode_invent,recall,3,query,28,7.724857749,1.494941311,True,
mode_invent,recall,3,query,29,4.791023134,6.625132604,True,
mode_invent,recall,3,query,30,3.973984478,-5.991739279,True,
mode_invent,recall,3,query,31,-5.494101184,-5.070631918,True,
mode_invent,recall,3,query,32,-4.94562767,6.450201485,True,
mode_invent,recall,3,query,33,-6.005579322,5.194502457,True,
mode_invent,recall,3,query,34,-4.798878368,5.465549925,True,
mode_invent,recall,3,query,35,-1.275686323,-9.133287214,True,
mode_invent,recall,3,query,36,4.737401963,-5.159693505,True,
mode_invent,recall,3,query,37,-5.514428513,6.347339604,True,
mode_invent,recall,3,query,38,-6.084106896,-5.498314558,True,
mode_invent,recall,3,query,39,-7.374409606,-0.3093465397,True,
mode_invent,recall,3,query,40,6.113629487,4.994928308,True,
mode_invent,recall,3,query,41,-6.019908096,-6.038592143,True,
mode_invent,recall,3,query,42,-6.852693895,-5.169881769,True,
mode_invent,recall,3,query,43,7.53059766,0.01249411873,True,
mode_invent,recall,3,query,44,6.137600908,-5.210323073,True,
mode_invent,recall,3,query,45,-4.991469141,-5.755339734,True,
mode_invent,recall,3,query,46,-0.423298312,-8.079718211,True,
mode_invent,recall,3,query,47,3.969519816,4.209741777,True,
mode_invent,recall,3,query,48,4.334154637,4.659607422,True,
mode_invent,recall,3,query,49,0.3997742267,-8.905479055,True,
mode_invent,recall,3,query,50,5.278691695,-4.357625952,True,
mode_invent,recall,3,query,51,-8.356263971,0.7375155685,True,
mode_invent,recall,3,query,52,4.723236569,5.451416692,True,
mode_invent,recall,3,query,53,-0.9500220549,-8.339033076,True,
mode_invent,recall,3,query,54,-4.816546112,-7.384174673,True,
mode_invent,recall,3,query,55,-5.222430606,-5.419118647,True,
mode_invent,recall,3,query,56,-8.594149956,-1.446057854,True,
mode_invent,recall,3,query,57,0.07212950771,7.470507291,True,
mode_invent,recall,3,query,58,5.889530461,5.678706395,True,
mode_invent,recall,3,query,59,7.258633141,-5.896209877,True,
mode_invent,recall,3,query,60,-6.680351742,5.836129884,True,
mode_invent,recall,3,query,61,5.876850933,-4.297666674,True,
mode_invent,recall,3,query,62,6.491965495,6.013725309,True,
mode_invent,recall,3,query,63,-4.193551358,-6.845617304,True,
mode_invent,recall,3,query,64,7.360248467,-0.9265759414,True,
mode_invent,recall,3,query,65,7.610190197,-1.376686148,True,
mode_invent,recall,3,query,66,6.292005196,5.434631552,True,
mode_invent,recall,3,query,67,-1.470806295,-9.015579081,True,
mode_invent,recall,3,query,68,0.3135138475,8.838126568,True,
mode_invent,recall,3,query,69,9.996730892,2.913862466,False,
mode_invent,recall,3,query,70,0.4144094333,7.01046188,True,
mode_invent,recall,3,query,71,-10.13204628,0.2677114623,True,
mode_invent,recall,3,query,72,-0.8129410953,-8.41535726,True,
mode_invent,recall,3,query,73,5.04475745,-5.797645136,True,
mode_invent,recall,3,query,74,6.72283448,-5.499805682,True,
mode_invent,recall,3,query,75,5.498219412,4.621200497,True,
mode_invent,recall,3,query,76,-1.674682945,7.513692091,True,
mode_invent,recall,3,query,77,5.603071699,-3.888924336,True,
mode_invent,recall,3,query,78,-5.526579728,-4.674114738,True,
mode_invent,recall,3,query,79,-6.156149848,4.471910483,True,
mode_invent,recall,3,query,80,7.034883238,-0.7252260645,True,
mode_invent,recall,3,query,81,2.128469732,-8.821386679,True,
mode_invent,recall,3,query,82,-4.818365046,4.753927071,True,
mode_invent,recall,3,query,83,-7.068426987,0.3849509661,True,
mode_invent,recall,3,query,84,-8.156637898,-0.04076252614,True,
mode_invent,recall,3,query,85,-0.6547876954,8.446072201,True,
mode_invent,recall,3,query,86,-6.11183773,-6.882460013,True,
mode_invent,recall,3,query,87,6.722062426,0.1725879177,True,
mode_invent,recall,3,query,88,9.579091256,0.1599916136,True,
mode_invent,recall,3,query,89,-5.775492576,5.942680389,True,
mode_invent,recall,3,query,90,-4.350852508,-5.437471748,False,
mode_invent,recall,3,query,91,7.589072769,1.10628871,True,
mode_invent,recall,3,query,92,8.428756438,1.535755992,True,
mode_invent,recall,3,query,93,-7.816765563,-1.224469032,True,
mode_invent,recall,3,query,94,-7.025013449,-4.005926317,True,
mode_invent,recall,3,query,95,9.723665721,-0.1795192133,True,
mode_invent,recall,3,query,96,-6.040041571,7.118298542,True,
mode_invent,recall,3,query,97,-9.107045682,-0.894727019,True,
mode_invent,recall,3,query,98,6.300181044,5.262249127,True,
mode_invent,recall,3,query,99,-0.00512186672,7.836557101,True,
mode_invent,recall,3,query,100,0.3375745488,9.407481861,True,
mode_invent,recall,3,query,101,0.0905849069,8.643938793,True,
mode_invent,recall,3,query,102,5.949827899,-0.04871840193,True,
mode_invent,recall,3,query,103,-0.8432302703,6.78118694,True,
mode_invent,recall,3,query,104,-8.878152367,-0.3341234407,True,
mode_invent,recall,3,query,105,0.9159025424,6.673607282,True,
mode_invent,recall,3,query,106,5.687485742,-6.141023683,True,
mode_invent,recall,3,query,107,-8.327673094,1.002757825,True,
mode_invent,recall,3,query,108,-7.461884563,1.337398107,True,
mode_invent,recall,3,query,109,-0.1545056792,7.304057388,True,
mode_invent,recall,3,query,110,-0.2238588169,-7.757503209,True,
mode_invent,recall,3,query,111,8.176573358,-1.084388072,True,
mode_invent,recall,3,query,112,-5.566364468,5.88508258,True,
mode_invent,recall,3,query,113,2.517474038,9.876844611,False,
mode_invent,recall,3,query,114,-8.853243351,-0.2873833615,True,
mode_invent,recall,3,query,115,-1.463442002,-8.590707014,True,
mode_invent,recall,3,query,116,-7.684394996,1.205853621,True,
mode_invent,recall,3,query,117,-0.7290838377,7.34585356,True,
mode_invent,recall,3,query,118,-7.804143279,-5.81952017,True,
mode_invent,recall,3,query,119,-6.719268661,5.127414822,True,
mode_invent,recall,3,query,120,-0.8768607782,7.905737446,True,
mode_invent,recall,3,query,121,6.242271609,-1.467045245,True,
mode_invent,recall,3,query,122,2.129247112,-9.287422581,True,
mode_invent,recall,3,query,123,-9.096785578,1.836913528,True,
mode_invent,recall,3,query,124,8.561921419,4.485287621,True,
mode_invent,recall,3,query,125,7.631751043,0.3415555509,True,
mode_invent,recall,3,query,126,1.728697644,-8.986857078,True,
mode_invent,recall,3,query,127,-0.2452778459,-7.222662424,True,
mode_invent,recall,3,query,128,8.434766074,-0.3761560712,True,
mode_invent,recall,3,query,129,-8.133822965,-1.374895808,True,
mode_invent,recall,3,query,130,-0.238173744,7.73361251,True,
mode_invent,recall,3,query,131,5.889024139,-6.212181468,True,
mode_invent,recall,3,query,132,-5.185315727,-4.644138432,True,
mode_invent,recall,3,query,133,5.812283577,6.008610658,True,
mode_invent,recall,3,query,134,-5.603698902,5.656938643,True,
mode_invent,recall,3,query,135,4.935296216,-5.340359988,True,
mode_invent,recall,3,query,136,5.559567651,-3.563685941,False,
mode_invent,recall,3,query,137,-4.083499347,-5.271007697,False,
mode_invent,recall,3,query,138,4.89379704,-6.769265721,True,
mode_invent,recall,3,query,139,6.847997203,5.919603475,True,
mode_invent,recall,3,query,140,6.136997653,3.912268263,True,
mode_invent,recall,3,query,141,-7.072561518,0.4544203382,True,
mode_invent,recall,3,query,142,4.546423565,5.185329442,True,
mode_invent,recall,3,query,143,-7.736282796,0.05246679836,True,
mode_invent,recall,3,query,144,5.364683064,-5.760342518,True,
mode_invent,recall,3,query,145,-5.908831628,-5.504291737,True,
mode_invent,recall,3,query,146,-6.528508027,-2.566658441,True,
mode_invent,recall,3,query,147,-5.893704514,5.833366671,True,
mode_invent,recall,3,query,148,5.952848239,5.284939668,True,
mode_invent,recall,3,query,149,-1.756721782,-7.672004516,True,
mode_invent,recall,3,query,150,9.727350214,-1.533861405,False,
mode_invent,recall,3,query,151,0.8638280137,-8.328525223,True,
mode_invent,recall,3,query,152,-0.06132434583,6.947101489,True,
mode_invent,recall,3,query,153,-5.991310422,-4.356809655,True,
mode_invent,recall,3,query,154,-7.417344758,1.732311605,True,
mode_invent,recall,3,query,155,1.177411889,8.439086679,True,
mode_invent,recall,3,query,156,7.400788776,-5.217861091,True,
mode_invent,recall,3,query,157,8.827988177,-0.2965709535,True,
mode_invent,recall,3,query,158,0.06654581586,-8.697423823,True,
mode_invent,recall,3,query,159,8.989583935,-1.178303623,True,
mode_invent,recall,3,query,160,0.7823503424,7.809348942,True,
mode_invent,recall,3,query,161,-4.485607156,-4.905985261,True,
mode_invent,recall,3,query,162,-3.836208092,6.387628941,True,
mode_invent,recall,3,query,163,-7.228894505,5.589901077,True,
mode_invent,recall,3,query,164,6.827992807,-0.5182798424,True,
mode_invent,recall,3,query,165,9.511228433,0.6375338109,False,
mode_invent,recall,3,query,166,-6.355784678,4.643136883,True,
mode_invent,recall,3,query,167,-5.624072157,4.4402941,True,
mode_invent,recall,3,query,168,4.985713972,5.968863721,True,
mode_invent,recall,3,query,169,1.155312036,-7.391238528,True,
mode_invent,recall,3,query,170,5.708710491,0.304366729,True,
mode_invent,recall,3,query,171,-7.927966427,0.4138902854,True,
mode_invent,recall,3,query,172,-4.040644568,-7.720092526,True,
mode_invent,recall,3,query,173,-6.247957675,6.247760572,True,
mode_invent,recall,3,query,174,6.418405601,1.475949048,True,
mode_invent,recall,3,query,175,0.3683566127,8.846583986,True,
mode_invent,recall,3,query,176,-0.5709436615,-7.18623631,True,
mode_invent,recall,3,query,177,-4.588382694,-5.423976229,True,
mode_invent,recall,3,query,178,5.891255142,5.927197489,True,
mode_invent,recall,3,query,179,-6.520199514,5.509325569,True,
mode_invent,recall,3,query,180,7.847477468,0.3833938644,True,
mode_invent,recall,3,query,181,0.9998242469,-9.058536082,True,
mode_invent,recall,3,query,182,-5.78186328,-4.175398702,True,
mode_invent,recall,3,query,183,7.256411771,-0.8222500173,True,
mode_invent,recall,3,query,184,8.202306192,0.8443851905,True,
mode_invent,recall,3,query,185,5.668280305,-4.327893659,True,
mode_invent,recall,3,query,186,0.8567939826,-7.158179933,True,
mode_invent,recall,3,query,187,6.210970751,-3.329201149,True,
mode_invent,recall,3,query,188,5.451692561,-7.660376542,True,
mode_invent,recall,3,query,189,-4.052599888,5.199154819,True,
mode_invent,recall,3,query,190,5.764734694,6.966404934,True,
mode_invent,recall,3,query,191,4.054594708,-6.908501464,True,
mode_invent,recall,3,query,192,-7.258132187,-6.45099054,True,
mode_invent,recall,3,query,193,6.096490856,6.181042092,True,
mode_invent,recall,3,query,194,8.276274179,-1.412765884,True,
mode_invent,recall,3,query,195,-7.966957686,5.711207835,True,
mode_invent,recall,3,query,196,-8.471776034,0.4593857717,True,
mode_invent,recall,3,query,197,0.7019536262,-7.861758568,True,
mode_invent,recall,3,query,198,6.416987335,-5.427642875,True,
mode_invent,recall,3,query,199,6.186918955,4.952180987,True,
mode_invent,recall,3,query,200,5.477242836,-5.460078153,True,
mode_invent,recall,3,query,201,0.8205284754,7.606258828,True,
mode_invent,recall,3,query,202,8.521167256,-0.2658387919,True,
mode_invent,recall,3,query,203,-5.774396417,6.486373292,True,
mode_invent,recall,3,query,204,-1.993060371,-9.296472328,True,
mode_invent,recall,3,query,205,4.174668852,3.32323813,True,
mode_invent,recall,3,query,206,4.978589809,6.406288149,True,
mode_invent,recall,3,query,207,5.371970183,-5.459064168,True,
mode_invent,recall,3,query,208,9.089217497,1.327686132,False,
mode_invent,recall,3,query,209,5.587716315,7.010440139,True,
mode_invent,recall,3,query,210,8.092126658,-0.8373982238,True,
mode_invent,recall,3,query,211,7.405599648,-1.480536513,True,
mode_invent,recall,3,query,212,-8.888133854,-0.3580166881,True,
mode_invent,recall,3,query,213,6.460439269,-3.936084418,True,
mode_invent,recall,3,query,214,6.617818485,0.3928274683,True,
mode_invent,recall,3,query,215,-9.040543939,0.4746970885,True,
mode_invent,recall,3,query,216,-5.7879409,3.825948424,True,
mode_invent,recall,3,query,217,-4.728557258,-6.261854962,True,
mode_invent,recall,3,query,218,-0.5339002384,-9.069752411,True,
mode_invent,recall,3,query,219,5.002570973,-5.228963809,True,
mode_invent,recall,3,query,220,-8.189244341,0.3286620023,True,
mode_invent,recall,3,query,221,6.018776103,6.977515905,True,
mode_invent,recall,3,query,222,5.314068099,-7.133712066,True,
mode_invent,recall,3,query,223,1.067222417,7.668511828,True,
mode_invent,recall,3,query,224,1.114592445,-7.616622887,True,
mode_invent,recall,3,query,225,7.86886247,0.348775894,True,
mode_invent,recall,3,query,226,-3.705841689,7.733834779,True,
mode_invent,recall,3,query,227,5.726235385,5.817044843,True,
mode_invent,recall,3,query,228,-4.580614092,-6.502515282,True,
mode_invent,recall,3,query,229,0.3330703726,-8.025862848,True,
mode_invent,recall,3,query,230,0.3139082115,-8.833368806,True,
mode_invent,recall,3,query,231,-7.246421743,-7.729837685,True,
mode_invent,recall,3,query,232,6.882615887,-0.4586752849,True,
mode_invent,recall,3,query,233,-0.2931915866,-6.062768838,True,
mode_invent,recall,3,query,234,9.10599337,-0.9620911163,True,
mode_invent,recall,3,query,235,8.347708452,-0.4070782364,True,
mode_invent,recall,3,query,236,-5.941218088,-5.4715286,True,
mode_invent,recall,3,query,237,6.276025366,5.317595766,True,
mode_invent,recall,3,query,238,1.063851533,6.858061774,True,
mode_invent,recall,3,query,239,-5.650515187,8.254527976,True,
mode_invent,recall,3,query,240,8.223079743,1.433214507,True,
mode_invent,recall,3,query,241,-5.565334071,-5.076077154,True,
mode_invent,recall,3,query,242,5.600071055,5.486446668,True,
mode_invent,recall,3,query,243,-6.436336646,6.087155608,True,
mode_invent,recall,3,query,244,-8.851537189,0.6655852363,True,
mode_invent,recall,3,query,245,6.742141254,6.023385657,True,
mode_invent,recall,3,query,246,-5.943102983,-5.20288867,True,
mode_invent,recall,3,query,247,-8.308673056,0.9355471255,True,
mode_invent,recall,3,query,248,-7.488260334,5.321246881,True,
mode_invent,recall,3,query,249,3.666042254,4.161793419,True,
mode_invent,recall,3,query,250,9.36386223,0.895184982,True,
mode_invent,recall,3,query,251,4.937374016,4.154350793,True,
mode_invent,recall,3,query,252,-2.964528838,7.456504492,False,
mode_invent,recall,3,query,253,2.420415012,8.434884271,False,
mode_invent,recall,3,query,254,-8.559572286,0.4650802095,True,
mode_invent,recall,3,query,255,4.095895896,5.359530887,True,
mode_invent,recall,3,query,256,5.756331723,5.570753598,True,
mode_invent,recall,3,query,257,6.447660371,6.001499476,True,
mode_invent,recall,3,query,258,-7.331673982,-0.6883722822,True,
mode_invent,recall,3,query,259,0.8978154084,-6.371063052,True,
mode_invent,recall,3,query,260,-0.9701495197,7.112304344,True,
mode_invent,recall,3,query,261,9.335784336,-0.1913439867,True,
mode_invent,recall,3,query,262,-4.253032857,-6.099389961,True,
mode_invent,recall,3,query,263,1.455045576,8.131485817,True,
mode_invent,recall,3,query,264,0.2582288233,-6.435281978,True,
mode_invent,recall,3,query,265,-8.361770477,-0.9411220959,True,
mode_invent,recall,3,query,266,-8.448564208,0.4523339506,True,
mode_invent,recall,3,query,267,-7.222613322,-5.019383347,True,
mode_invent,recall,3,query,268,-0.5387713176,9.147812661,True,
mode_invent,recall,3,query,269,-2.394260305,-8.786565775,True,
mode_invent,recall,3,query,270,-1.686468151,-8.826229466,True,
mode_invent,recall,3,query,271,-5.409188348,-5.836080875,True,
mode_invent,recall,3,query,272,-0.2533775689,-8.159184871,True,
mode_invent,recall,3,query,273,-5.453466009,4.648318208,True,
mode_invent,recall,3,query,274,-4.950004609,6.31952022,True,
mode_invent,recall,3,query,275,8.385037938,0.5565334428,True,
mode_invent,recall,3,query,276,-7.703581999,2.035073303,True,
mode_invent,recall,3,query,277,-5.743948421,-5.963937468,True,
mode_invent,recall,3,query,278,-6.41038183,-6.68911692,True,
mode_invent,recall,3,query,279,-9.244471788,-0.8887973132,True,
mode_invent,recall,3,query,280,-5.727534631,5.991149378,True,
mode_invent,recall,3,query,281,-5.605712191,4.891318972,True,
mode_invent,recall,3,query,282,-4.756669685,6.396266922,True,
mode_invent,recall,3,query,283,5.497205942,5.003938105,True,
mode_invent,recall,3,query,284,-5.108426329,-5.468880662,True,
mode_invent,recall,3,query,285,4.20872699,5.588873994,True,
mode_invent,recall,3,query,286,-7.737964188,-0.8996947865,True,
mode_invent,recall,3,query,287,5.846697642,4.202031764,True,
mode_invent,recall,3,query,288,6.99304035,6.904804235,True,
mode_invent,recall,3,query,289,-5.909371584,6.020308587,True,
mode_invent,recall,3,query,290,5.590078034,-1.15634766,True,
mode_invent,recall,3,query,291,5.363075329,-6.728987271,True,
mode_invent,recall,3,query,292,0.7143964826,-6.002703469,True,
mode_invent,recall,3,query,293,-1.176614719,7.162536596,True,
mode_invent,recall,3,query,294,-5.421405881,7.267970398,True,
mode_invent,recall,3,query,295,-1.222374313,8.249036122,True,
mode_invent,recall,3,query,296,-3.835555399,-7.308613398,True,
mode_invent,recall,3,query,297,6.718930793,-0.4236066065,True,
mode_invent,recall,3,query,298,-0.5205884129,8.812601288,True,
mode_invent,recall,3,query,299,-7.75834028,-1.77496206,True,
mode_invent,recall,3,query,300,-5.141443847,5.079315362,True,
mode_invent,recall,3,query,301,-6.725552783,-0.6275875364,True,
mode_invent,recall,3,query,302,-0.6366152831,8.541131611,True,
mode_invent,recall,3,query,303,-7.237073518,0.4480993639,True,
mode_invent,recall,3,query,304,6.314402683,0.5380344399,True,
mode_invent,recall,3,query,305,4.622546198,-5.421578138,True,
mode_invent,recall,3,query,306,-1.423734435,-7.553677852,True,
mode_invent,recall,3,query,307,-0.8065989043,-9.28263465,True,
mode_invent,recall,3,query,308,8.713820136,0.2416445217,True,
mode_invent,recall,3,query,309,-6.270831051,-4.2056754,True,
mode_invent,recall,3,query,310,-0.4406524216,8.032107674,True,
mode_invent,recall,3,query,311,5.925767697,5.037188315,True,
mode_invent,recall,3,query,312,6.127990543,-6.190306597,True,
mode_invent,recall,3,query,313,7.588361678,1.36264264,True,
mode_invent,recall,3,query,314,-1.040586053,5.587219669,False,
mode_invent,recall,3,query,315,-6.389063005,2.549327953,True,
mode_invent,recall,3,query,316,-0.4052692654,-9.936838041,True,
mode_invent,recall,3,query,317,-0.3104839762,-8.28622295,True,
mode_invent,recall,3,query,318,-0.189923841,-9.113388042,True,
mode_invent,recall,3,query,319,-7.420438858,0.5245073753,True,
mode_invent,recall,3,query,320,-7.151259869,6.356050981,True,
mode_invent,recall,3,query,321,7.709539231,-5.484893917,True,
mode_invent,recall,3,query,322,-5.994179412,-5.798857464,True,
mode_invent,recall,3,query,323,0.615256767,6.269328394,True,
mode_invent,recall,3,query,324,-5.492463547,-6.047318199,True,
mode_invent,recall,3,query,325,-3.809029237,-5.831026983,True,
mode_invent,recall,3,query,326,1.667887611,6.896259302,True,
mode_invent,recall,3,query,327,6.244113416,5.976254513,True,
mode_invent,recall,3,query,328,-0.8690472479,8.177396115,True,
mode_invent,recall,3,query,329,-4.444335413,5.333062545,True,
mode_invent,recall,3,query,330,6.308037351,-0.01756282648,True,
mode_invent,recall,3,query,331,-6.559277344,-5.999195188,True,
mode_invent,recall,3,query,332,-8.08158777,-1.705652216,True,
mode_invent,recall,3,query,333,6.384341661,0.4820668355,True,
mode_invent,recall,3,query,334,-8.522718696,-2.564744342,False,
mode_invent,recall,3,query,335,6.441698286,-5.384484494,True,
mode_invent,recall,3,query,336,-6.370729074,-6.973684461,True,
mode_invent,recall,3,query,337,-7.164192104,0.3493506226,True,
mode_invent,recall,3,query,338,8.039456532,6.077042848,True,
mode_invent,recall,3,query,339,6.044557391,-5.82378218,True,
mode_invent,recall,3,query,340,-4.840078382,6.281939451,True,
mode_invent,recall,3,query,341,1.251725009,7.478677081,True,
mode_invent,recall,3,query,342,-6.092261722,-6.13595742,True,
mode_invent,recall,3,query,343,6.447655971,-4.158479809,True,
mode_invent,recall,3,query,344,-0.4588404931,7.575226272,True,
mode_invent,recall,3,query,345,-7.685922776,-0.2457615,True,
mode_invent,recall,3,query,346,0.9520536531,-10.25177729,True,
mode_invent,recall,3,query,347,4.830149203,-6.439270583,True,
mode_invent,recall,3,query,348,3.336498237,-6.620492694,True,
mode_invent,recall,3,query,349,-6.572010365,-5.857958904,True,
mode_invent,recall,3,query,350,1.112965892,7.754939349,True,
mode_invent,recall,3,query,351,-1.03081372,7.943045459,True,
mode_invent,recall,3,query,352,-6.950826379,-0.9759588161,True,
mode_invent,recall,3,query,353,-0.9105748839,8.558548959,True,
mode_invent,recall,3,query,354,-8.221536116,0.6474846907,True,
mode_invent,recall,3,query,355,5.643207458,6.358517898,True,
mode_invent,recall,3,query,356,6.964921886,-0.01208465079,True,
mode_invent,recall,3,query,357,5.446164235,4.440963325,True,
mode_invent,recall,3,query,358,-1.563477948,-7.314250965,True,
mode_invent,recall,3,query,359,7.649047618,-1.022280282,True,
mode_invent,recall,3,query,360,5.560675313,6.784873107,True,
mode_invent,recall,3,query,361,-7.937592095,-7.153492939,True,
mode_invent,recall,3,query,362,4.733967808,7.118033116,True,
mode_invent,recall,3,query,363,8.282586983,0.7673172405,True,
mode_invent,recall,3,query,364,-1.140160919,-9.119535875,True,
mode_invent,recall,3,query,365,-5.209040533,5.71512858,True,
mode_invent,recall,3,query,366,0.5487388189,7.812329009,True,
mode_invent,recall,3,query,367,-7.721856274,0.1581190849,True,
mode_invent,recall,3,query,368,-7.222232611,0.8070082819,True,
mode_invent,recall,3,query,369,-7.276726244,-7.904122805,True,
mode_invent,recall,3,query,370,6.658599647,-4.469129156,True,
mode_invent,recall,3,query,371,6.97937698,-1.859835407,False,
mode_invent,recall,3,query,372,-5.557819428,-4.726016023,True,
mode_invent,recall,3,query,373,-3.859259727,-5.140556677,False,
mode_invent,recall,3,query,374,-0.3717166966,-8.893130622,True,
mode_invent,recall,3,query,375,5.668305541,-5.956118953,True,
mode_invent,recall,3,query,376,-6.671922155,7.7056099,True,
mode_invent,recall,3,query,377,-3.871685847,6.792902933,True,
mode_invent,recall,3,query,378,4.736003852,-4.801834925,True,
mode_invent,recall,3,query,379,0.6396264095,-7.557454376,True,
mode_invent,recall,3,query,380,6.906519517,-5.021483107,True,
mode_invent,recall,3,query,381,-7.259985764,0.6369062834,True,
mode_invent,recall,3,query,382,-5.316062841,3.87324312,True,
mode_invent,recall,3,query,383,5.740475327,5.100662291,True,
mode_invent,recall,3,query,384,-1.279840958,-6.318183381,True,
mode_invent,recall,3,query,385,1.728995341,9.3592206,True,
mode_invent,recall,3,query,386,5.912067666,7.00747937,True,
mode_invent,recall,3,query,387,-7.987946819,0.2027972769,True,
mode_invent,recall,3,query,388,-1.09347137,-7.603008696,True,
mode_invent,recall,3,query,389,0.06038592842,-9.302652117,True,
mode_invent,recall,3,query,390,-0.05119711182,7.920270436,True,
mode_invent,recall,3,query,391,7.454415416,-4.762640921,True,
mode_invent,recall,3,query,392,8.011445439,0.2487873098,True,
mode_invent,recall,3,query,393,0.0442123781,-8.202913985,True,
mode_invent,recall,3,query,394,-1.082427197,-8.151051878,True,
mode_invent,recall,3,query,395,-6.402952506,4.406538711,True,
mode_invent,recall,3,query,396,0.5112218145,8.39126466,True,
mode_invent,recall,3,query,397,-1.786707511,-8.122684637,True,
mode_invent,recall,3,query,398,6.652555635,6.716077988,True,
mode_invent,recall,3,query,399,1.025836843,8.038913207,True,
mode_invent,recall,3,query,400,-6.501899577,4.573155422,True,
mode_invent,recall,3,query,401,0.3446049048,8.379280034,True,
mode_invent,recall,3,query,402,-4.369523138,6.7568339,True,
mode_invent,recall,3,query,403,5.524625593,4.412648371,True,
mode_invent,recall,3,query,404,-5.975960847,-5.439623055,True,
mode_invent,recall,3,query,405,-8.202083245,-0.5778941081,True,
mode_invent,recall,3,query,406,-7.747115185,-0.5039577414,True,
mode_invent,recall,3,query,407,5.028788166,-5.345401415,True,
mode_invent,recall,3,query,408,5.254861669,5.900958638,True,
mode_invent,recall,3,query,409,-5.383650227,4.517425248,True,
mode_invent,recall,3,query,410,5.175613126,7.094631189,True,
mode_invent,recall,3,query,411,4.494774737,-7.773508698,False,
mode_invent,recall,3,query,412,3.795009096,5.685964196,True,
mode_invent,recall,3,query,413,8.030917278,-0.1176108554,True,
mode_invent,recall,3,query,414,1.214189829,-10.67283443,True,
mode_invent,recall,3,query,415,-7.604066126,1.561438202,True,
mode_invent,recall,3,query,416,-6.784635014,5.277047738,True,
mode_invent,recall,3,query,417,-0.7528919172,-8.894346046,True,
mode_invent,recall,3,query,418,5.330592244,-4.229368966,True,
mode_invent,recall,3,query,419,-6.162613325,-0.335939225,False,
mode_invent,recall,3,query,420,7.561914464,5.692430726,True,
mode_invent,recall,3,query,421,1.753691027,7.90670135,True,
mode_invent,recall,3,query,422,5.787912076,-5.291379777,True,
mode_invent,recall,3,query,423,-2.47800057,6.508139824,False,
mode_invent,recall,3,query,424,4.94958972,-4.687856379,True,
mode_invent,recall,3,query,425,-6.018686787,-6.146604432,True,
mode_invent,recall,3,query,426,-4.74825289,5.687939837,True,
mode_invent,recall,3,query,427,0.2785759145,8.013985222,True,
mode_invent,recall,3,query,428,-5.320271123,6.081820147,True,
mode_invent,recall,3,query,429,3.719887317,-4.990281581,True,
mode_invent,recall,3,query,430,4.67483483,-7.099153385,True,
mode_invent,recall,3,query,431,-0.05841124386,8.083981003,True,
mode_invent,recall,3,query,432,-6.350360414,-4.825822392,True,
mode_invent,recall,3,query,433,-6.999029416,-6.063797998,True,
mode_invent,recall,3,query,434,-6.241728384,5.610266979,True,
mode_invent,recall,3,query,435,5.935718534,4.6489613,True,
mode_invent,recall,3,query,436,0.7242826775,8.063002368,True,
mode_invent,recall,3,query,437,3.764907996,-7.61544569,False,
mode_invent,recall,3,query,438,-0.01231929293,7.779032682,True,
mode_invent,recall,3,query,439,5.553434136,5.628871793,True,
mode_invent,recall,3,query,440,5.882414089,-4.70920464,True,
mode_invent,recall,3,query,441,-6.76795915,4.484882657,True,
mode_invent,recall,3,query,442,-1.093323858,8.288916667,True,
mode_invent,recall,3,query,443,1.244947379,-8.431339438,True,
mode_invent,recall,3,query,444,3.155154405,-7.360847112,False,
mode_invent,recall,3,query,445,-0.8330367228,7.442271113,True,
mode_invent,recall,3,query,446,-6.065242877,-5.618273127,True,
mode_invent,recall,3,query,447,7.688253669,1.049339611,True,
mode_invent,recall,3,query,448,-6.332871555,-6.519172209,True,
mode_invent,recall,3,query,449,6.135729788,-7.192496319,True,
mode_invent,recall,3,query,450,0.3896917053,8.102553184,True,
mode_invent,recall,3,query,451,-5.804296739,7.245130357,True,
mode_invent,recall,3,query,452,7.377792555,2.060298171,True,
mode_invent,recall,3,query,453,5.4314228,4.379837805,True,
mode_invent,recall,3,query,454,-7.930080419,-1.0762452,True,
mode_invent,recall,3,query,455,-0.7517558478,8.3970333,True,
mode_invent,recall,3,query,456,0.5555820887,7.3778323,True,
mode_invent,recall,3,query,457,0.987405145,-6.842492242,True,
mode_invent,recall,3,query,458,-6.563698243,0.5294134071,True,
mode_invent,recall,3,query,459,1.363428712,6.119201572,True,
mode_invent,recall,3,query,460,-0.3179065486,7.132994744,True,
mode_invent,recall,3,query,461,-5.537628388,5.08540503,True,
mode_invent,recall,3,query,462,-8.166157842,1.88217488,True,
mode_invent,recall,3,query,463,7.830280204,0.4137923172,True,
mode_invent,recall,3,query,464,-5.889123579,-5.581140962,True,
mode_invent,recall,3,query,465,-5.650837569,-5.208530184,True,
mode_invent,recall,3,query,466,9.165307536,1.647393998,False,
mode_invent,recall,3,query,467,5.966474331,6.246401136,True,
mode_invent,recall,3,query,468,-6.807718759,-5.744730992,True,
mode_invent,recall,3,query,469,6.597143714,-4.790885611,True,
mode_invent,recall,3,query,470,5.868463982,6.543248209,True,
mode_invent,recall,3,query,471,-5.16608754,-4.456547991,True,
mode_invent,recall,3,query,472,0.289359157,7.644301684,True,
mode_invent,recall,3,query,473,8.335841257,-2.930594376,False,
mode_invent,recall,3,query,474,-5.273968513,2.008441424,True,
mode_invent,recall,3,query,475,-1.723463407,-7.548231399,True,
mode_invent,recall,3,query,476,-5.179324912,4.494425469,True,
mode_invent,recall,3,query,477,7.287897958,1.370540989,True,
mode_invent,recall,3,query,478,5.172824118,-3.413933937,False,
mode_invent,recall,3,query,479,-0.001919853176,-7.591963823,True,
mode_invent,precision,1,center,0,-7.69528292,-1.039984106,,0.1466382755
mode_invent,precision,1,center,1,0.7504511958,-7.059435284,,0.1451182073
mode_invent,precision,1,center,2,-7.607889438,4.354674743,,0.849962934
mode_invent,precision,1,center,3,5.784694653,-5.973096842,,0.1176208909
mode_invent,precision,1,center,4,-8.016801158,-0.8530439276,,0.2394562479
mode_invent,precision,1,center,5,6.536252224,-4.879062314,,0.1071583152
mode_invent,precision,1,center,6,-7.933969302,1.127241207,,0.2616624655
mode_invent,precision,1,center,7,0.4675093423,-8.859292463,,0.08198321292
mode_invent,precision,1,center,8,6.025605034,-6.61573685,,0.4260414147
mode_invent,precision,1,center,9,0.8784503013,-8.049925911,,0.2579884209
mode_invent,precision,1,center,10,-5.841716613,-6.337783794,,0.2605148567
mode_invent,precision,1,center,11,6.879395588,-5.811383732,,0.3487008194
mode_invent,precision,1,center,12,5.228526427,-6.0089878,,0.2800656325
mode_invent,precision,1,center,13,8.532309186,0.3654440644,,0.2197101547
mode_invent,precision,1,center,14,-7.587267388,0.430821003,,0.1913345109
mode_invent,precision,1,center,15,-3.515206649,-6.063269266,,0.3745239525
mode_invent,precision,1,center,16,5.14461152,4.843081521,,0.3875534372
mode_invent,precision,1,center,17,6.272833672,-4.527881957,,0.3902144014
mode_invent,precision,1,center,18,-0.1139474577,-8.840156477,,0.2301096091
mode_invent,precision,1,center,19,-8.824481216,0.6505927878,,0.03093217117
mode_invent,precision,1,center,20,-4.913600078,6.200008518,,0.1100823217
mode_invent,precision,1,center,21,-0.6655097073,-7.767838677,,0.3948863174
mode_invent,precision,1,center,22,0.1166858091,-7.781311403,,0.2234274138
mode_invent,precision,1,center,23,-4.785425472,5.880449798,,0.1960660244
mode_invent,precision,1,center,24,6.335767813,5.724433319,,0.2679821678
mode_invent,precision,1,center,25,-5.367734851,6.288142475,,0.1581876438
mode_invent,precision,1,center,26,-7.114010069,-5.976525466,,0.1443504264
mode_invent,precision,1,center,27,5.186481595,-6.295732098,,0.2898103866
mode_invent,precision,1,center,28,7.724857749,1.494941311,,0.1900897574
mode_invent,precision,1,center,29,4.791023134,6.625132604,,0.2882258718
mode_invent,precision,1,center,30,3.973984478,-5.991739279,,0.8635485116
mode_invent,precision,1,center,31,-5.494101184,-5.070631918,,0.07144070812
mode_invent,precision,1,center,32,-4.94562767,6.450201485,,0.1307545432
mode_invent,precision,1,center,33,-6.005579322,5.194502457,,0.478149054
mode_invent,precision,1,center,34,-4.798878368,5.465549925,,0.2280793992
mode_invent,precision,1,center,35,-1.275686323,-9.133287214,,0.1362212704
mode_invent,precision,1,center,36,4.737401963,-5.159693505,,0.2679599093
mode_invent,precision,1,center,37,-5.514428513,6.347339604,,0.1581876438
mode_invent,precision,1,center,38,-6.084106896,-5.498314558,,0.1214327356
mode_invent,precision,1,center,39,-7.374409606,-0.3093465397,,0.3179363339
mode_invent,precision,1,center,40,6.113629487,4.994928308,,0.08484503313
mode_invent,precision,1,center,41,-6.019908096,-6.038592143,,0.1080191934
mode_invent,precision,1,center,42,-6.852693895,-5.169881769,,0.3993621879
mode_invent,precision,1,center,43,7.53059766,0.01249411873,,0.3442578004
mode_invent,precision,1,center,44,6.137600908,-5.210323073,,0.35043889
mode_invent,precision,1,center,45,-4.991469141,-5.755339734,,0.3094152288
mode_invent,precision,1,center,46,-0.423298312,-8.079718211,,0.1875846717
mode_invent,precision,1,center,47,3.969519816,4.209741777,,0.3072420465
mode_invent,precision,1,center,48,4.334154637,4.659607422,,0.5669583232
mode_invent,precision,1,center,49,0.3997742267,-8.905479055,,0.08198321292
mode_invent,precision,1,center,50,5.278691695,-4.357625952,,0.138360115
mode_invent,precision,1,center,51,-8.356263971,0.7375155685,,0.1620405935
mode_invent,precision,1,center,52,4.723236569,5.451416692,,0.3194765452
mode_invent,precision,1,center,53,-0.9500220549,-8.339033076,,0.1568966876
mode_invent,precision,1,center,54,-4.816546112,-7.384174673,,0.8235086537
mode_invent,precision,1,center,55,-5.222430606,-5.419118647,,0.1243914521
mode_invent,precision,1,center,56,-8.594149956,-1.446057854,,0.4657949931
mode_invent,precision,1,center,57,0.07212950771,7.470507291,,0.2781963546
mode_invent,precision,1,center,58,5.889530461,5.678706395,,0.1714517727
mode_invent,precision,1,center,59,7.258633141,-5.896209877,,0.3886085386
mode_invent,precision,1,center,60,-6.680351742,5.836129884,,0.3500818206
mode_invent,precision,1,center,61,5.876850933,-4.297666674,,0.2107495614
mode_invent,precision,1,center,62,6.491965495,6.013725309,,0.04596101634
mode_invent,precision,1,center,63,-4.193551358,-6.845617304,,0.5172393615
mode_invent,precision,1,center,64,7.360248467,-0.9265759414,,0.1471936068
mode_invent,precision,1,center,65,7.610190197,-1.376686148,,0.2294388613
mode_invent,precision,1,center,66,6.292005196,5.434631552,,0.118121676
mode_invent,precision,1,center,67,-1.470806295,-9.015579081,,0.2278749826
mode_invent,precision,1,center,68,0.3135138475,8.838126568,,0.0554910517
mode_invent,precision,1,center,69,9.996730892,2.913862466,,1.514994118
mode_invent,precision,1,center,70,0.4144094333,7.01046188,,0.3935616139
mode_invent,precision,1,center,71,-10.13204628,0.2677114623,,1.11095473
mode_invent,precision,1,center,72,-0.8129410953,-8.41535726,,0.1568966876
mode_invent,precision,1,center,73,5.04475745,-5.797645136,,0.2800656325
mode_invent,precision,1,center,74,6.72283448,-5.499805682,,0.3038692746
mode_invent,precision,1,center,75,5.498219412,4.621200497,,0.187603783
mode_invent,precision,1,center,76,-1.674682945,7.513692091,,0.609411305
mode_invent,precision,1,center,77,5.603071699,-3.888924336,,0.3281350575
mode_invent,precision,1,center,78,-5.526579728,-4.674114738,,0.06057773713
mode_invent,precision,1,center,79,-6.156149848,4.471910483,,0.2553135733
mode_invent,precision,1,center,80,7.034883238,-0.7252260645,,0.2418440376
mode_invent,precision,1,center,81,2.128469732,-8.821386679,,0.4326640445
mode_invent,precision,1,center,82,-4.818365046,4.753927071,,0.4445594523
mode_invent,precision,1,center,83,-7.068426987,0.3849509661,,0.0695922985
mode_invent,precision,1,center,84,-8.156637898,-0.04076252614,,0.2962736194
mode_invent,precision,1,center,85,-0.6547876954,8.446072201,,0.09678082388
mode_invent,precision,1,center,86,-6.11183773,-6.882460013,,0.2744934018
mode_invent,precision,1,center,87,6.722062426,0.1725879177,,0.2436642339
mode_invent,precision,1,center,88,9.579091256,0.1599916136,,0.3690113512
mode_invent,precision,1,center,89,-5.775492576,5.942680389,,0.06818509603
mode_invent,precision,1,center,90,-4.350852508,-5.437471748,,0.2379132576
mode_invent,precision,1,center,91,7.589072769,1.10628871,,0.11436805
mode_invent,precision,1,center,92,8.428756438,1.535755992,,0.2298209291
mode_invent,precision,1,center,93,-7.816765563,-1.224469032,,0.1865758849
mode_invent,precision,1,center,94,-7.025013449,-4.005926317,,0.7801863787
mode_invent,precision,1,center,95,9.723665721,-0.1795192133,,0.3690113512
mode_invent,precision,1,center,96,-6.040041571,7.118298542,,0.2676974686
mode_invent,precision,1,center,97,-9.107045682,-0.894727019,,0.1375539745
mode_invent,precision,1,center,98,6.300181044,5.262249127,,0.0603883036
mode_invent,precision,1,center,99,-0.00512186672,7.836557101,,0.05797293986
mode_invent,precision,1,center,100,0.3375745488,9.407481861,,0.5617419
mode_invent,precision,1,center,101,0.0905849069,8.643938793,,0.2956454031
mode_invent,precision,1,center,102,5.949827899,-0.04871840193,,0.3595617906
mode_invent,precision,1,center,103,-0.8432302703,6.78118694,,0.354608561
mode_invent,precision,1,center,104,-8.878152367,-0.3341234407,,0.02589434975
mode_invent,precision,1,center,105,0.9159025424,6.673607282,,0.2364579523
mode_invent,precision,1,center,106,5.687485742,-6.141023683,,0.1858968506
mode_invent,precision,1,center,107,-8.327673094,1.002757825,,0.06984468232
mode_invent,precision,1,center,108,-7.461884563,1.337398107,,0.2584856764
mode_invent,precision,1,center,109,-0.1545056792,7.304057388,,0.236563464
mode_invent,precision,1,center,110,-0.2238588169,-7.757503209,,0.2768757696
mode_invent,precision,1,center,111,8.176573358,-1.084388072,,0.2610272598
mode_invent,precision,1,center,112,-5.566364468,5.88508258,,0.1929403723
mode_invent,precision,1,center,113,2.517474038,9.876844611,,0.9432037276
mode_invent,precision,1,center,114,-8.853243351,-0.2873833615,,0.05296313903
mode_invent,precision,1,center,115,-1.463442002,-8.590707014,,0.3243632052
mode_invent,precision,1,center,116,-7.684394996,1.205853621,,0.2584856764
mode_invent,precision,1,center,117,-0.7290838377,7.34585356,,0.1417834502
mode_invent,precision,1,center,118,-7.804143279,-5.81952017,,0.7077672713
mode_invent,precision,1,center,119,-6.719268661,5.127414822,,0.1632873833
mode_invent,precision,1,center,120,-0.8768607782,7.905737446,,0.1584089525
mode_invent,precision,1,center,121,6.242271609,-1.467045245,,0.7224191636
mode_invent,precision,1,center,122,2.129247112,-9.287422581,,0.4660365504
mode_invent,precision,1,center,123,-9.096785578,1.836913528,,0.9317277359
mode_invent,precision,1,center,124,8.561921419,4.485287621,,1.567548528
mode_invent,precision,1,center,125,7.631751043,0.3415555509,,0.2112628172
mode_invent,precision,1,center,126,1.728697644,-8.986857078,,0.4326640445
mode_invent,precision,1,center,127,-0.2452778459,-7.222662424,,0.3276966359
mode_invent,precision,1,center,128,8.434766074,-0.3761560712,,0.09238619944
mode_invent,precision,1,center,129,-8.133822965,-1.374895808,,0.3348556656
mode_invent,precision,1,center,130,-0.238173744,7.73361251,,0.2303762685
mode_invent,precision,1,center,131,5.889024139,-6.212181468,,0.2137315043
mode_invent,precision,1,center,132,-5.185315727,-4.644138432,,0.1885733186
mode_invent,precision,1,center,133,5.812283577,6.008610658,,0.1134222738
mode_invent,precision,1,center,134,-5.603698902,5.656938643,,0.231178537
mode_invent,precision,1,center,135,4.935296216,-5.340359988,,0.09362777724
mode_invent,precision,1,center,136,5.559567651,-3.563685941,,0.3281350575
mode_invent,precision,1,center,137,-4.083499347,-5.271007697,,0.2594241231
mode_invent,precision,1,center,138,4.89379704,-6.769265721,,0.3360771315
mode_invent,precision,1,center,139,6.847997203,5.919603475,,0.1482437964
mode_invent,precision,1,center,140,6.136997653,3.912268263,,0.4101670185
mode_invent,precision,1,center,141,-7.072561518,0.4544203382,,0.0695922985
mode_invent,precision,1,center,142,4.546423565,5.185329442,,0.3194765452
mode_invent,precision,1,center,143,-7.736282796,0.05246679836,,0.1066326882
mode_invent,precision,1,center,144,5.364683064,-5.760342518,,0.2834838727
mode_invent,precision,1,center,145,-5.908831628,-5.504291737,,0.04606849191
mode_invent,precision,1,center,146,-6.528508027,-2.566658441,,1.462624535
mode_invent,precision,1,center,147,-5.893704514,5.833366671,,0.1610079233
mode_invent,precision,1,center,148,5.952848239,5.284939668,,0.249226982
mode_invent,precision,1,center,149,-1.756721782,-7.672004516,,0.1281635832
mode_invent,precision,1,center,150,9.727350214,-1.533861405,,0.8189752252
mode_invent,precision,1,center,151,0.8638280137,-8.328525223,,0.2789827737
mode_invent,precision,1,center,152,-0.06132434583,6.947101489,,0.3168449602
mode_invent,precision,1,center,153,-5.991310422,-4.356809655,,0.2770885042
mode_invent,precision,1,center,154,-7.417344758,1.732311605,,0.2531058853
mode_invent,precision,1,center,155,1.177411889,8.439086679,,0.4143654844
mode_invent,precision,1,center,156,7.400788776,-5.217861091,,0.4082075137
mode_invent,precision,1,center,157,8.827988177,-0.2965709535,,0.3083561956
mode_invent,precision,1,center,158,0.06654581586,-8.697423823,,0.2301096091
mode_invent,precision,1,center,159,8.989583935,-1.178303623,,0.2455585566
mode_invent,precision,1,center,160,0.7823503424,7.809348942,,0.2066474402
mode_invent,precision,1,center,161,-4.485607156,-4.905985261,,0.5280884913
mode_invent,precision,1,center,162,-3.836208092,6.387628941,,0.4068238932
mode_invent,precision,1,center,163,-7.228894505,5.589901077,,0.3734243024
mode_invent,precision,1,center,164,6.827992807,-0.5182798424,,0.08084790716
mode_invent,precision,1,center,165,9.511228433,0.6375338109,,0.2968179979
mode_invent,precision,1,center,166,-6.355784678,4.643136883,,0.1620091624
mode_invent,precision,1,center,167,-5.624072157,4.4402941,,0.2524914225
mode_invent,precision,1,center,168,4.985713972,5.968863721,,0.2775816694
mode_invent,precision,1,center,169,1.155312036,-7.391238528,,0.2290331732
mode_invent,precision,1,center,170,5.708710491,0.304366729,,0.4275590181
mode_invent,precision,1,center,171,-7.927966427,0.4138902854,,0.219449096
mode_invent,precision,1,center,172,-4.040644568,-7.720092526,,0.4597571539
mode_invent,precision,1,center,173,-6.247957675,6.247760572,,0.2475491695
mode_invent,precision,1,center,174,6.418405601,1.475949048,,0.8758583327
mode_invent,precision,1,center,175,0.3683566127,8.846583986,,0.0554910517
mode_invent,precision,1,center,176,-0.5709436615,-7.18623631,,0.3276966359
mode_invent,precision,1,center,177,-4.588382694,-5.423976229,,0.2379132576
mode_invent,precision,1,center,178,5.891255142,5.927197489,,0.1134222738
mode_invent,precision,1,center,179,-6.520199514,5.509325569,,0.2962015165
mode_invent,precision,1,center,180,7.847477468,0.3833938644,,0.03492580454
mode_invent,precision,1,center,181,0.9998242469,-9.058536082,,0.5683811903
mode_invent,precision,1,center,182,-5.78186328,-4.175398702,,0.2770885042
mode_invent,precision,1,center,183,7.256411771,-0.8222500173,,0.1471936068
mode_invent,precision,1,center,184,8.202306192,0.8443851905,,0.1112855531
mode_invent,precision,1,center,185,5.668280305,-4.327893659,,0.2107495614
mode_invent,precision,1,center,186,0.8567939826,-7.158179933,,0.1451182073
mode_invent,precision,1,center,187,6.210970751,-3.329201149,,0.6561568745
mode_invent,precision,1,center,188,5.451692561,-7.660376542,,0.5443491178
mode_invent,precision,1,center,189,-4.052599888,5.199154819,,0.4139903387
mode_invent,precision,1,center,190,5.764734694,6.966404934,,0.1529513455
mode_invent,precision,1,center,191,4.054594708,-6.908501464,,0.6488805461
mode_invent,precision,1,center,192,-7.258132187,-6.45099054,,0.4658887311
mode_invent,precision,1,center,193,6.096490856,6.181042092,,0.1455201054
mode_invent,precision,1,center,194,8.276274179,-1.412765884,,0.3431796044
mode_invent,precision,1,center,195,-7.966957686,5.711207835,,0.6174307252
mode_invent,precision,1,center,196,-8.471776034,0.4593857717,,0.02425936991
mode_invent,precision,1,center,197,0.7019536262,-7.861758568,,0.2579884209
mode_invent,precision,1,center,198,6.416987335,-5.427642875,,0.04973205179
mode_invent,precision,1,center,199,6.186918955,4.952180987,,0.08484503313
mode_invent,precision,1,center,200,5.477242836,-5.460078153,,0.1052775358
mode_invent,precision,1,center,201,0.8205284754,7.606258828,,0.2066474402
mode_invent,precision,1,center,202,8.521167256,-0.2658387919,,0.1401251806
mode_invent,precision,1,center,203,-5.774396417,6.486373292,,0.2948112569
mode_invent,precision,1,center,204,-1.993060371,-9.296472328,,0.5613618603
mode_invent,precision,1,center,205,4.174668852,3.32323813,,0.9099312304
mode_invent,precision,1,center,206,4.978589809,6.406288149,,0.2882258718
mode_invent,precision,1,center,207,5.371970183,-5.459064168,,0.1052775358
mode_invent,precision,1,center,208,9.089217497,1.327686132,,0.3286378146
mode_invent,precision,1,center,209,5.587716315,7.010440139,,0.1824132829
mode_invent,precision,1,center,210,8.092126658,-0.8373982238,,0.2610272598
mode_invent,precision,1,center,211,7.405599648,-1.480536513,,0.2294388613
mode_invent,precision,1,center,212,-8.888133854,-0.3580166881,,0.02589434975
mode_invent,precision,1,center,213,6.460439269,-3.936084418,,0.2227624802
mode_invent,precision,1,center,214,6.617818485,0.3928274683,,0.2436642339
mode_invent,precision,1,center,215,-9.040543939,0.4746970885,,0.2686295526
mode_invent,precision,1,center,216,-5.7879409,3.825948424,,0.4742422277
mode_invent,precision,1,center,217,-4.728557258,-6.261854962,,0.2824970264
mode_invent,precision,1,center,218,-0.5339002384,-9.069752411,,0.239788986
mode_invent,precision,1,center,219,5.002570973,-5.228963809,,0.1193526597
mode_invent,precision,1,center,220,-8.189244341,0.3286620023,,0.2374081323
mode_invent,precision,1,center,221,6.018776103,6.977515905,,0.1108354627
mode_invent,precision,1,center,222,5.314068099,-7.133712066,,0.407681087
mode_invent,precision,1,center,223,1.067222417,7.668511828,,0.0977864095
mode_invent,precision,1,center,224,1.114592445,-7.616622887,,0.2290331732
mode_invent,precision,1,center,225,7.86886247,0.348775894,,0.04069056634
mode_invent,precision,1,center,226,-3.705841689,7.733834779,,0.79149026
mode_invent,precision,1,center,227,5.726235385,5.817044843,,0.1984064661
mode_invent,precision,1,center,228,-4.580614092,-6.502515282,,0.2824970264
mode_invent,precision,1,center,229,0.3330703726,-8.025862848,,0.3265389539
mode_invent,precision,1,center,230,0.3139082115,-8.833368806,,0.1121287682
mode_invent,precision,1,center,231,-7.246421743,-7.729837685,,0.1769001572
mode_invent,precision,1,center,232,6.882615887,-0.4586752849,,0.08084790716
mode_invent,precision,1,center,233,-0.2931915866,-6.062768838,,0.6654551139
mode_invent,precision,1,center,234,9.10599337,-0.9620911163,,0.2455585566
mode_invent,precision,1,center,235,8.347708452,-0.4070782364,,0.09238619944
mode_invent,precision,1,center,236,-5.941218088,-5.4715286,,0.04606849191
mode_invent,precision,1,center,237,6.276025366,5.317595766,,0.0603883036
mode_invent,precision,1,center,238,1.063851533,6.858061774,,0.2364579523
mode_invent,precision,1,center,239,-5.650515187,8.254527976,,1.012811399
mode_invent,precision,1,center,240,8.223079743,1.433214507,,0.2298209291
mode_invent,precision,1,center,241,-5.565334071,-5.076077154,,0.07144070812
mode_invent,precision,1,center,242,5.600071055,5.486446668,,0.149866335
mode_invent,precision,1,center,243,-6.436336646,6.087155608,,0.2475491695
mode_invent,precision,1,center,244,-8.851537189,0.6655852363,,0.03093217117
mode_invent,precision,1,center,245,6.742141254,6.023385657,,0.1482437964
mode_invent,precision,1,center,246,-5.943102983,-5.20288867,,0.2390037824
mode_invent,precision,1,center,247,-8.308673056,0.9355471255,,0.06984468232
mode_invent,precision,1,center,248,-7.488260334,5.321246881,,0.3734243024
mode_invent,precision,1,center,249,3.666042254,4.161793419,,0.3072420465
mode_invent,precision,1,center,250,9.36386223,0.895184982,,0.2968179979
mode_invent,precision,1,center,251,4.937374016,4.154350793,,0.5430732853
mode_invent,precision,1,center,252,-2.964528838,7.456504492,,0.79149026
mode_invent,precision,1,center,253,2.420415012,8.434884271,,0.850586898
mode_invent,precision,1,center,254,-8.559572286,0.4650802095,,0.08798072834
mode_invent,precision,1,center,255,4.095895896,5.359530887,,0.2555956108
mode_invent,precision,1,center,256,5.756331723,5.570753598,,0.1714517727
mode_invent,precision,1,center,257,6.447660371,6.001499476,,0.04596101634
mode_invent,precision,1,center,258,-7.331673982,-0.6883722822,,0.3814273811
mode_invent,precision,1,center,259,0.8978154084,-6.371063052,,0.4114988272
mode_invent,precision,1,center,260,-0.9701495197,7.112304344,,0.2124880181
mode_invent,precision,1,center,261,9.335784336,-0.1913439867,,0.3880615849
mode_invent,precision,1,center,262,-4.253032857,-6.099389961,,0.5025120217
mode_invent,precision,1,center,263,1.455045576,8.131485817,,0.3737875886
mode_invent,precision,1,center,264,0.2582288233,-6.435281978,,0.6286597648
mode_invent,precision,1,center,265,-8.361770477,-0.9411220959,,0.3560359468
mode_invent,precision,1,center,266,-8.448564208,0.4523339506,,0.02425936991
mode_invent,precision,1,center,267,-7.222613322,-5.019383347,,0.3993621879
mode_invent,precision,1,center,268,-0.5387713176,9.147812661,,0.3357041593
mode_invent,precision,1,center,269,-2.394260305,-8.786565775,,0.6488189884
mode_invent,precision,1,center,270,-1.686468151,-8.826229466,,0.2869900923
mode_invent,precision,1,center,271,-5.409188348,-5.836080875,,0.227059388
mode_invent,precision,1,center,272,-0.2533775689,-8.159184871,,0.1392832191
mode_invent,precision,1,center,273,-5.453466009,4.648318208,,0.1483482733
mode_invent,precision,1,center,274,-4.950004609,6.31952022,,0.1161726708
mode_invent,precision,1,center,275,8.385037938,0.5565334428,,0.2343629824
mode_invent,precision,1,center,276,-7.703581999,2.035073303,,0.4166490173
mode_invent,precision,1,center,277,-5.743948421,-5.963937468,,0.2649471423
mode_invent,precision,1,center,278,-6.41038183,-6.68911692,,0.186786101
mode_invent,precision,1,center,279,-9.244471788,-0.8887973132,,0.1375539745
mode_invent,precision,1,center,280,-5.727534631,5.991149378,,0.06818509603
mode_invent,precision,1,center,281,-5.605712191,4.891318972,,0.2056813122
mode_invent,precision,1,center,282,-4.756669685,6.396266922,,0.141519544
mode_invent,precision,1,center,283,5.497205942,5.003938105,,0.2617929749
mode_invent,precision,1,center,284,-5.108426329,-5.468880662,,0.1243914521
mode_invent,precision,1,center,285,4.20872699,5.588873994,,0.2555956108
mode_invent,precision,1,center,286,-7.737964188,-0.8996947865,,0.1466382755
mode_invent,precision,1,center,287,5.846697642,4.202031764,,0.3848243234
mode_invent,precision,1,center,288,6.99304035,6.904804235,,0.3892909407
mode_invent,precision,1,center,289,-5.909371584,6.020308587,,0.1547569901
mode_invent,precision,1,center,290,5.590078034,-1.15634766,,0.7224191636
mode_invent,precision,1,center,291,5.363075329,-6.728987271,,0.407681087
mode_invent,precision,1,center,292,0.7143964826,-6.002703469,,0.4114988272
mode_invent,precision,1,center,293,-1.176614719,7.162536596,,0.2124880181
mode_invent,precision,1,center,294,-5.421405881,7.267970398,,0.3835714755
mode_invent,precision,1,center,295,-1.222374313,8.249036122,,0.1350721204
mode_invent,precision,1,center,296,-3.835555399,-7.308613398,,0.4597571539
mode_invent,precision,1,center,297,6.718930793,-0.4236066065,,0.1444214131
mode_invent,precision,1,center,298,-0.5205884129,8.812601288,,0.2952253717
mode_invent,precision,1,center,299,-7.75834028,-1.77496206,,0.3305946066
mode_invent,precision,1,center,300,-5.141443847,5.079315362,,0.3962313405
mode_invent,precision,1,center,301,-6.725552783,-0.6275875364,,0.4148623161
mode_invent,precision,1,center,302,-0.6366152831,8.541131611,,0.09678082388
mode_invent,precision,1,center,303,-7.237073518,0.4480993639,,0.1227314728
mode_invent,precision,1,center,304,6.314402683,0.5380344399,,0.08957585275
mode_invent,precision,1,center,305,4.622546198,-5.421578138,,0.2859639971
mode_invent,precision,1,center,306,-1.423734435,-7.553677852,,0.277224609
mode_invent,precision,1,center,307,-0.8065989043,-9.28263465,,0.3459529015
mode_invent,precision,1,center,308,8.713820136,0.2416445217,,0.2197101547
mode_invent,precision,1,center,309,-6.270831051,-4.2056754,,0.3177630326
mode_invent,precision,1,center,310,-0.4406524216,8.032107674,,0.3606895865
mode_invent,precision,1,center,311,5.925767697,5.037188315,,0.1925563821
mode_invent,precision,1,center,312,6.127990543,-6.190306597,,0.2399655228
mode_invent,precision,1,center,313,7.588361678,1.36264264,,0.1900897574
mode_invent,precision,1,center,314,-1.040586053,5.587219669,,1.210168231
mode_invent,precision,1,center,315,-6.389063005,2.549327953,,1.239352235
mode_invent,precision,1,center,316,-0.4052692654,-9.936838041,,0.7674943355
mode_invent,precision,1,center,317,-0.3104839762,-8.28622295,,0.1392832191
mode_invent,precision,1,center,318,-0.189923841,-9.113388042,,0.2835981293
mode_invent,precision,1,center,319,-7.420438858,0.5245073753,,0.1913345109
mode_invent,precision,1,center,320,-7.151259869,6.356050981,,0.7014787317
mode_invent,precision,1,center,321,7.709539231,-5.484893917,,0.4082075137
mode_invent,precision,1,center,322,-5.994179412,-5.798857464,,0.1940636983
mode_invent,precision,1,center,323,0.615256767,6.269328394,,0.503814749
mode_invent,precision,1,center,324,-5.492463547,-6.047318199,,0.227059388
mode_invent,precision,1,center,325,-3.809029237,-5.831026983,,0.3745239525
mode_invent,precision,1,center,326,1.667887611,6.896259302,,0.605242625
mode_invent,precision,1,center,327,6.244113416,5.976254513,,0.2051064869
mode_invent,precision,1,center,328,-0.8690472479,8.177396115,,0.2489935054
mode_invent,precision,1,center,329,-4.444335413,5.333062545,,0.3784885904
mode_invent,precision,1,center,330,6.308037351,-0.01756282648,,0.3595617906
mode_invent,precision,1,center,331,-6.559277344,-5.999195188,,0.1418090892
mode_invent,precision,1,center,332,-8.08158777,-1.705652216,,0.3305946066
mode_invent,precision,1,center,333,6.384341661,0.4820668355,,0.08957585275
mode_invent,precision,1,center,334,-8.522718696,-2.564744342,,0.9657306948
mode_invent,precision,1,center,335,6.441698286,-5.384484494,,0.04973205179
mode_invent,precision,1,center,336,-6.370729074,-6.973684461,,0.2744934018
mode_invent,precision,1,center,337,-7.164192104,0.3493506226,,0.1021682045
mode_invent,precision,1,center,338,8.039456532,6.077042848,,0.6131663
mode_invent,precision,1,center,339,6.044557391,-5.82378218,,0.2997057073
mode_invent,precision,1,center,340,-4.840078382,6.281939451,,0.1100823217
mode_invent,precision,1,center,341,1.251725009,7.478677081,,0.2647233224
mode_invent,precision,1,center,342,-6.092261722,-6.13595742,,0.07434130784
mode_invent,precision,1,center,343,6.447655971,-4.158479809,,0.2227624802
mode_invent,precision,1,center,344,-0.4588404931,7.575226272,,0.2716247679
mode_invent,precision,1,center,345,-7.685922776,-0.2457615,,0.265348469
mode_invent,precision,1,center,346,0.9520536531,-10.25177729,,0.495988399
mode_invent,precision,1,center,347,4.830149203,-6.439270583,,0.3360771315
mode_invent,precision,1,center,348,3.336498237,-6.620492694,,0.7622402836
mode_invent,precision,1,center,349,-6.572010365,-5.857958904,,0.1418090892
mode_invent,precision,1,center,350,1.112965892,7.754939349,,0.0977864095
mode_invent,precision,1,center,351,-1.03081372,7.943045459,,0.1584089525
mode_invent,precision,1,center,352,-6.950826379,-0.9759588161,,0.4148623161
mode_invent,precision,1,center,353,-0.9105748839,8.558548959,,0.2265188611
mode_invent,precision,1,center,354,-8.221536116,0.6474846907,,0.1620405935
mode_invent,precision,1,center,355,5.643207458,6.358517898,,0.2913173353
mode_invent,precision,1,center,356,6.964921886,-0.01208465079,,0.3050978122
mode_invent,precision,1,center,357,5.446164235,4.440963325,,0.06287797073
mode_invent,precision,1,center,358,-1.563477948,-7.314250965,,0.277224609
mode_invent,precision,1,center,359,7.649047618,-1.022280282,,0.3042437675
mode_invent,precision,1,center,360,5.560675313,6.784873107,,0.2271820896
mode_invent,precision,1,center,361,-7.937592095,-7.153492939,,0.8999387323
mode_invent,precision,1,center,362,4.733967808,7.118033116,,0.4422648947
mode_invent,precision,1,center,363,8.282586983,0.7673172405,,0.1112855531
mode_invent,precision,1,center,364,-1.140160919,-9.119535875,,0.1362212704
mode_invent,precision,1,center,365,-5.209040533,5.71512858,,0.3831904867
mode_invent,precision,1,center,366,0.5487388189,7.812329009,,0.2336305304
mode_invent,precision,1,center,367,-7.721856274,0.1581190849,,0.1066326882
mode_invent,precision,1,center,368,-7.222232611,0.8070082819,,0.1742411848
mode_invent,precision,1,center,369,-7.276726244,-7.904122805,,0.1769001572
mode_invent,precision,1,center,370,6.658599647,-4.469129156,,0.3275729658
mode_invent,precision,1,center,371,6.97937698,-1.859835407,,0.570555355
mode_invent,precision,1,center,372,-5.557819428,-4.726016023,,0.06057773713
mode_invent,precision,1,center,373,-3.859259727,-5.140556677,,0.2594241231
mode_invent,precision,1,center,374,-0.3717166966,-8.893130622,,0.239788986
mode_invent,precision,1,center,375,5.668305541,-5.956118953,,0.1176208909
mode_invent,precision,1,center,376,-6.671922155,7.7056099,,0.8626747389
mode_invent,precision,1,center,377,-3.871685847,6.792902933,,0.4068238932
mode_invent,precision,1,center,378,4.736003852,-4.801834925,,0.2420950885
mode_invent,precision,1,center,379,0.6396264095,-7.557454376,,0.3106215113
mode_invent,precision,1,center,380,6.906519517,-5.021483107,,0.3858608453
mode_invent,precision,1,center,381,-7.259985764,0.6369062834,,0.1742411848
mode_invent,precision,1,center,382,-5.316062841,3.87324312,,0.4742422277
mode_invent,precision,1,center,383,5.740475327,5.100662291,,0.1958627275
mode_invent,precision,1,center,384,-1.279840958,-6.318183381,,1.019172983
mode_invent,precision,1,center,385,1.728995341,9.3592206,,0.9432037276
mode_invent,precision,1,center,386,5.912067666,7.00747937,,0.1108354627
mode_invent,precision,1,center,387,-7.987946819,0.2027972769,,0.219449096
mode_invent,precision,1,center,388,-1.09347137,-7.603008696,,0.3339269743
mode_invent,precision,1,center,389,0.06038592842,-9.302652117,,0.3138086531
mode_invent,precision,1,center,390,-0.05119711182,7.920270436,,0.09555548447
mode_invent,precision,1,center,391,7.454415416,-4.762640921,,0.4583679958
mode_invent,precision,1,center,392,8.011445439,0.2487873098,,0.1741482705
mode_invent,precision,1,center,393,0.0442123781,-8.202913985,,0.3007856578
mode_invent,precision,1,center,394,-1.082427197,-8.151051878,,0.2299305388
mode_invent,precision,1,center,395,-6.402952506,4.406538711,,0.193782485
mode_invent,precision,1,center,396,0.5112218145,8.39126466,,0.1670473762
mode_invent,precision,1,center,397,-1.786707511,-8.122684637,,0.4516765608
mode_invent,precision,1,center,398,6.652555635,6.716077988,,0.3892909407
mode_invent,precision,1,center,399,1.025836843,8.038913207,,0.2970397671
mode_invent,precision,1,center,400,-6.501899577,4.573155422,,0.1620091624
mode_invent,precision,1,center,401,0.3446049048,8.379280034,,0.1670473762
mode_invent,precision,1,center,402,-4.369523138,6.7568339,,0.4991422071
mode_invent,precision,1,center,403,5.524625593,4.412648371,,0.08341415549
mode_invent,precision,1,center,404,-5.975960847,-5.439623055,,0.04717015081
mode_invent,precision,1,center,405,-8.202083245,-0.5778941081,,0.3317180659
mode_invent,precision,1,center,406,-7.747115185,-0.5039577414,,0.265348469
mode_invent,precision,1,center,407,5.028788166,-5.345401415,,0.09362777724
mode_invent,precision,1,center,408,5.254861669,5.900958638,,0.2775816694
mode_invent,precision,1,center,409,-5.383650227,4.517425248,,0.1483482733
mode_invent,precision,1,center,410,5.175613126,7.094631189,,0.4206152297
mode_invent,precision,1,center,411,4.494774737,-7.773508698,,0.6979804623
mode_invent,precision,1,center,412,3.795009096,5.685964196,,0.4249576486
mode_invent,precision,1,center,413,8.030917278,-0.1176108554,,0.3669152055
mode_invent,precision,1,center,414,1.214189829,-10.67283443,,0.495988399
mode_invent,precision,1,center,415,-7.604066126,1.561438202,,0.2531058853
mode_invent,precision,1,center,416,-6.784635014,5.277047738,,0.1632873833
mode_invent,precision,1,center,417,-0.7528919172,-8.894346046,,0.2805793085
mode_invent,precision,1,center,418,5.330592244,-4.229368966,,0.138360115
mode_invent,precision,1,center,419,-6.162613325,-0.335939225,,0.6340028167
mode_invent,precision,1,center,420,7.561914464,5.692430726,,0.6131663
mode_invent,precision,1,center,421,1.753691027,7.90670135,,0.3737875886
mode_invent,precision,1,center,422,5.787912076,-5.291379777,,0.3535173527
mode_invent,precision,1,center,423,-2.47800057,6.508139824,,1.065882404
mode_invent,precision,1,center,424,4.94958972,-4.687856379,,0.2420950885
mode_invent,precision,1,center,425,-6.018686787,-6.146604432,,0.07434130784
mode_invent,precision,1,center,426,-4.74825289,5.687939837,,0.1960660244
mode_invent,precision,1,center,427,0.2785759145,8.013985222,,0.1420950486
mode_invent,precision,1,center,428,-5.320271123,6.081820147,,0.2117113806
mode_invent,precision,1,center,429,3.719887317,-4.990281581,,1.000404806
mode_invent,precision,1,center,430,4.67483483,-7.099153385,,0.3959423191
mode_invent,precision,1,center,431,-0.05841124386,8.083981003,,0.1638694404
mode_invent,precision,1,center,432,-6.350360414,-4.825822392,,0.5550113453
mode_invent,precision,1,center,433,-6.999029416,-6.063797998,,0.1443504264
mode_invent,precision,1,center,434,-6.241728384,5.610266979,,0.2962015165
mode_invent,precision,1,center,435,5.935718534,4.6489613,,0.3883545219
mode_invent,precision,1,center,436,0.7242826775,8.063002368,,0.2602151305
mode_invent,precision,1,center,437,3.764907996,-7.61544569,,0.6607721826
mode_invent,precision,1,center,438,-0.01231929293,7.779032682,,0.05797293986
mode_invent,precision,1,center,439,5.553434136,5.628871793,,0.149866335
mode_invent,precision,1,center,440,5.882414089,-4.70920464,,0.4115755649
mode_invent,precision,1,center,441,-6.76795915,4.484882657,,0.2803208474
mode_invent,precision,1,center,442,-1.093323858,8.288916667,,0.1350721204
mode_invent,precision,1,center,443,1.244947379,-8.431339438,,0.394743883
mode_invent,precision,1,center,444,3.155154405,-7.360847112,,0.6607721826
mode_invent,precision,1,center,445,-0.8330367228,7.442271113,,0.1417834502
mode_invent,precision,1,center,446,-6.065242877,-5.618273127,,0.1214327356
mode_invent,precision,1,center,447,7.688253669,1.049339611,,0.11436805
mode_invent,precision,1,center,448,-6.332871555,-6.519172209,,0.186786101
mode_invent,precision,1,center,449,6.135729788,-7.192496319,,0.587178803
mode_invent,precision,1,center,450,0.3896917053,8.102553184,,0.1420950486
mode_invent,precision,1,center,451,-5.804296739,7.245130357,,0.2676974686
mode_invent,precision,1,center,452,7.377792555,2.060298171,,0.6633872378
mode_invent,precision,1,center,453,5.4314228,4.379837805,,0.06287797073
mode_invent,precision,1,center,454,-7.930080419,-1.0762452,,0.1865758849
mode_invent,precision,1,center,455,-0.7517558478,8.3970333,,0.1086629488
mode_invent,precision,1,center,456,0.5555820887,7.3778323,,0.349821764
mode_invent,precision,1,center,457,0.987405145,-6.842492242,,0.3212654002
mode_invent,precision,1,center,458,-6.563698243,0.5294134071,,0.5143595951
mode_invent,precision,1,center,459,1.363428712,6.119201572,,0.7124923608
mode_invent,precision,1,center,460,-0.3179065486,7.132994744,,0.236563464
mode_invent,precision,1,center,461,-5.537628388,5.08540503,,0.2056813122
mode_invent,precision,1,center,462,-8.166157842,1.88217488,,0.4871902482
mode_invent,precision,1,center,463,7.830280204,0.4137923172,,0.03492580454
mode_invent,precision,1,center,464,-5.889123579,-5.581140962,,0.07933606002
mode_invent,precision,1,center,465,-5.650837569,-5.208530184,,0.1576535858
mode_invent,precision,1,center,466,9.165307536,1.647393998,,0.3286378146
mode_invent,precision,1,center,467,5.966474331,6.246401136,,0.1455201054
mode_invent,precision,1,center,468,-6.807718759,-5.744730992,,0.2614937987
mode_invent,precision,1,center,469,6.597143714,-4.790885611,,0.1071583152
mode_invent,precision,1,center,470,5.868463982,6.543248209,,0.2913173353
mode_invent,precision,1,center,471,-5.16608754,-4.456547991,,0.1885733186
mode_invent,precision,1,center,472,0.289359157,7.644301684,,0.2781963546
mode_invent,precision,1,center,473,8.335841257,-2.930594376,,1.518996895
mode_invent,precision,1,center,474,-5.273968513,2.008441424,,1.239352235
mode_invent,precision,1,center,475,-1.723463407,-7.548231399,,0.1281635832
mode_invent,precision,1,center,476,-5.179324912,4.494425469,,0.2056157191
mode_invent,precision,1,center,477,7.287897958,1.370540989,,0.3005675145
mode_invent,precision,1,center,478,5.172824118,-3.413933937,,0.4147242734
mode_invent,precision,1,center,479,-0.001919853176,-7.591963823,,0.2234274138
mode_invent,precision,1,query,0,-5.655624096,-5.358108712,True,
mode_invent,precision,1,query,1,-8.274137855,-0.8905918388,True,
mode_invent,precision,1,query,2,-0.4546707852,7.008353445,True,
mode_invent,precision,1,query,3,-5.596710647,6.997069495,True,
mode_invent,precision,1,query,4,-6.149060768,5.03637935,True,
mode_invent,precision,1,query,5,0.4898420502,-7.643112992,True,
mode_invent,precision,1,query,6,-7.894585751,-0.9304680447,True,
mode_invent,precision,1,query,7,-8.029251822,0.6953031945,False,
mode_invent,precision,1,query,8,4.312639702,5.199238488,True,
mode_invent,precision,1,query,9,12.09877726,-1.28953774,False,
mode_invent,precision,1,query,10,-7.498589287,5.421763118,True,
mode_invent,precision,1,query,11,-1.267446481,-7.728735641,True,
mode_invent,precision,1,query,12,-13.84324891,-0.1869309446,False,
mode_invent,precision,1,query,13,-8.17361396,-6.195547145,True,
mode_invent,precision,1,query,14,5.608353304,-5.543545263,True,
mode_invent,precision,1,query,15,-1.530135766,-8.477753276,True,
mode_invent,precision,1,query,16,-8.978519078,-0.8088372394,False,
mode_invent,precision,1,query,17,-4.595955626,4.849319574,True,
mode_invent,precision,1,query,18,5.624332545,6.541244117,True,
mode_invent,precision,1,query,19,-8.583600433,-0.1117019496,False,
mode_invent,precision,1,query,20,8.110464143,0.06378177426,True,
mode_invent,precision,1,query,21,-1.225055826,8.07614023,False,
mode_invent,precision,1,query,22,1.358823422,6.452855322,True,
mode_invent,precision,1,query,23,8.859382688,0.1193540257,True,
mode_invent,precision,1,query,24,-6.298324644,-3.656437703,True,
mode_invent,precision,1,query,25,8.762259712,-1.199288902,True,
mode_invent,precision,1,query,26,5.731370478,6.233543833,True,
mode_invent,precision,1,query,27,-5.845636375,6.339764517,True,
mode_invent,precision,1,query,28,-0.06651732015,-7.332752439,True,
mode_invent,precision,1,query,29,-4.218331658,-6.3325165,True,
mode_invent,precision,1,query,30,-13.79686139,-0.4633075765,False,
mode_invent,precision,1,query,31,-5.529585838,4.469659722,True,
mode_invent,precision,1,query,32,-8.579301597,-0.1961959728,False,
mode_invent,precision,1,query,33,-4.758090377,-4.511632242,True,
mode_invent,precision,1,query,34,4.333326457,-6.451496615,True,
mode_invent,precision,1,query,35,0.6469034226,6.007580216,True,
mode_invent,precision,1,query,36,-6.120024114,-5.754141175,True,
mode_invent,precision,1,query,37,-4.399839272,6.34625815,True,
mode_invent,precision,1,query,38,-14.32721342,-0.3685758941,False,
mode_invent,precision,1,query,39,13.7498046,1.5235294,False,
mode_invent,precision,1,query,40,-6.084879192,5.353173861,True,
mode_invent,precision,1,query,41,0.3525890673,-8.120770445,True,
mode_invent,precision,1,query,42,-0.197284228,6.885932857,True,
mode_invent,precision,1,query,43,-5.668375718,-6.100435472,True,
mode_invent,precision,1,query,44,6.822982026,-5.003765747,True,
mode_invent,precision,1,query,45,-5.680997863,6.325235273,True,
mode_invent,precision,1,query,46,7.660130448,1.052126358,True,
mode_invent,precision,1,query,47,-0.005399560672,8.583382354,True,
mode_invent,precision,1,query,48,-6.947747495,-5.310174201,True,
mode_invent,precision,1,query,49,-1.688204117,-10.03532894,False,
mode_invent,precision,1,query,50,7.695523122,-0.8999276076,True,
mode_invent,precision,1,query,51,0.1640527957,-5.755243374,True,
mode_invent,precision,1,query,52,-6.488577431,5.032910663,False,
mode_invent,precision,1,query,53,-5.451450303,6.149867541,True,
mode_invent,precision,1,query,54,7.823593934,-0.2059303303,True,
mode_invent,precision,1,query,55,-4.954391294,-5.136946612,True,
mode_invent,precision,1,query,56,-1.033675832,7.920818681,True,
mode_invent,precision,1,query,57,-13.96471315,-1.054484622,False,
mode_invent,precision,1,query,58,5.91669335,4.798897772,True,
mode_invent,precision,1,query,59,-4.684787542,5.849600162,True,
mode_invent,precision,1,query,60,5.746160735,-6.247882602,True,
mode_invent,precision,1,query,61,-5.775464073,3.659107957,True,
mode_invent,precision,1,query,62,-1.131407471,8.362839799,True,
mode_invent,precision,1,query,63,-10.12856704,0.8466085215,True,
mode_invent,precision,1,query,64,3.910757774,-4.900115747,True,
mode_invent,precision,1,query,65,-8.845497033,0.7789910843,False,
mode_invent,precision,1,query,66,8.130951208,-1.53683494,True,
mode_invent,precision,1,query,67,-4.4077055,7.098561405,True,
mode_invent,precision,1,query,68,-5.722659155,5.382937977,True,
mode_invent,precision,1,query,69,-14.15986697,-0.9751523228,False,
mode_invent,precision,1,query,70,-4.55826749,5.113962318,True,
mode_invent,precision,1,query,71,-0.05119041269,-8.793296403,True,
mode_invent,precision,1,query,72,7.3739269,-1.277725152,True,
mode_invent,precision,1,query,73,-6.742930686,-0.1540875732,True,
mode_invent,precision,1,query,74,0.9659216187,8.013324597,True,
mode_invent,precision,1,query,75,-14.69440353,-0.32668526,False,
mode_invent,precision,1,query,76,-0.5602310505,-7.992040901,True,
mode_invent,precision,1,query,77,13.62473316,-0.2999217159,False,
mode_invent,precision,1,query,78,-7.035428934,4.850008322,True,
mode_invent,precision,1,query,79,1.654057549,7.328766784,True,
mode_invent,precision,1,query,80,4.602760462,5.994180582,False,
mode_invent,precision,1,query,81,1.4072722,-9.454024302,True,
mode_invent,precision,1,query,82,-8.208521848,-0.6320525539,True,
mode_invent,precision,1,query,83,-7.417873724,6.391780959,True,
mode_invent,precision,1,query,84,5.633410331,-5.585412405,True,
mode_invent,precision,1,query,85,-6.409165722,6.111638412,True,
mode_invent,precision,1,query,86,-0.5392973495,7.857096792,True,
mode_invent,precision,1,query,87,-6.765115042,-6.87295701,False,
mode_invent,precision,1,query,88,9.335531855,-0.5071047045,True,
mode_invent,precision,1,query,89,-5.365173893,5.623063815,True,
mode_invent,precision,1,query,90,5.215709047,-6.16481522,True,
mode_invent,precision,1,query,91,0.6300825914,7.698132395,True,
mode_invent,precision,1,query,92,-5.808297898,-5.634632692,False,
mode_invent,precision,1,query,93,-6.82349168,0.6805109746,True,
mode_invent,precision,1,query,94,6.039454517,5.093282856,True,
mode_invent,precision,1,query,95,4.274885529,6.606384181,False,
mode_invent,precision,1,query,96,8.966447134,-0.1407083991,True,
mode_invent,precision,1,query,97,8.541883842,0.7814430539,False,
mode_invent,precision,1,query,98,0.8311844527,-7.078616527,True,
mode_invent,precision,1,query,99,-6.1124719,7.171827232,True,
mode_invent,precision,1,query,100,-6.903447308,6.518577326,True,
mode_invent,precision,1,query,101,-5.16292217,6.530473363,False,
mode_invent,precision,1,query,102,-12.12099169,1.484445473,False,
mode_invent,precision,1,query,103,-9.145176907,-1.68867158,False,
mode_invent,precision,1,query,104,-4.83996519,4.641841834,True,
mode_invent,precision,1,query,105,-5.669259638,-4.817126772,False,
mode_invent,precision,1,query,106,4.013056898,3.546873795,True,
mode_invent,precision,1,query,107,5.91615327,5.701240139,True,
mode_invent,precision,1,query,108,13.75419693,0.03853476377,False,
mode_invent,precision,1,query,109,-14.86051561,-1.513494407,False,
mode_invent,precision,1,query,110,7.833345149,-0.971708691,True,
mode_invent,precision,1,query,111,4.013372927,6.162535321,False,
mode_invent,precision,1,query,112,-0.06139862842,-7.593471463,True,
mode_invent,precision,1,query,113,-0.9892949414,7.341941208,False,
mode_invent,precision,1,query,114,-0.9990430272,7.113358133,True,
mode_invent,precision,1,query,115,5.852262167,4.873879633,True,
mode_invent,precision,1,query,116,8.356066289,0.3397559254,True,
mode_invent,precision,1,query,117,7.682015236,4.264065204,True,
mode_invent,precision,1,query,118,-13.11209762,-0.08948796189,False,
mode_invent,precision,1,query,119,-5.67088398,4.206990428,True,
mode_invent,precision,1,query,120,5.196660437,-4.913656986,False,
mode_invent,precision,1,query,121,-5.739332622,-5.575799879,False,
mode_invent,precision,1,query,122,5.366137569,-4.502284503,False,
mode_invent,precision,1,query,123,-0.02147256704,-10.20041567,True,
mode_invent,precision,1,query,124,4.964781699,3.688057642,True,
mode_invent,precision,1,query,125,4.748561585,-0.5301153498,False,
mode_invent,precision,1,query,126,6.9904141,5.703974156,True,
mode_invent,precision,1,query,127,-15.17254571,-0.9406998682,False,
mode_invent,precision,1,query,128,1.13061323,8.157626623,True,
mode_invent,precision,1,query,129,-13.95200076,-0.05346178884,False,
mode_invent,precision,1,query,130,-5.618453988,-4.851448603,False,
mode_invent,precision,1,query,131,0.5525672974,8.2157047,True,
mode_invent,precision,1,query,132,-6.699722607,6.167963014,True,
mode_invent,precision,1,query,133,-6.341101327,-4.563008574,True,
mode_invent,precision,1,query,134,4.385803428,-5.794475226,True,
mode_invent,precision,1,query,135,13.99264171,-1.324645551,False,
mode_invent,precision,1,query,136,7.378825893,7.117261017,False,
mode_invent,precision,1,query,137,-14.46358376,0.7717211656,False,
mode_invent,precision,1,query,138,6.035530319,3.043294786,False,
mode_invent,precision,1,query,139,5.907252266,5.59551017,True,
mode_invent,precision,1,query,140,0.08321735347,-9.07687492,True,
mode_invent,precision,1,query,141,-5.926201296,-5.835113013,True,
mode_invent,precision,1,query,142,-6.811905783,0.3344270604,True,
mode_invent,precision,1,query,143,-8.00555503,1.528969998,True,
mode_invent,precision,1,query,144,-6.212102179,5.267423945,True,
mode_invent,precision,1,query,145,-1.816755011,9.569105846,False,
mode_invent,precision,1,query,146,-4.692521881,-4.740006205,True,
mode_invent,precision,1,query,147,-4.987955803,5.767002837,True,
mode_invent,precision,1,query,148,0.2154889392,7.74799341,True,
mode_invent,precision,1,query,149,-0.2036004257,8.054303612,True,
mode_invent,precision,1,query,150,7.168683761,6.212542151,False,
mode_invent,precision,1,query,151,13.94153987,-0.5793920504,False,
mode_invent,precision,1,query,152,-6.291852737,7.259559261,True,
mode_invent,precision,1,query,153,-7.493312696,0.06755055831,False,
mode_invent,precision,1,query,154,-6.003036092,-6.765907661,True,
mode_invent,precision,1,query,155,-14.06686156,0.8736580345,False,
mode_invent,precision,1,query,156,5.264317003,5.429611666,False,
mode_invent,precision,1,query,157,5.435819898,-5.547259881,True,
mode_invent,precision,1,query,158,-1.593010879,7.764601648,True,
mode_invent,precision,1,query,159,-6.511249768,6.541439282,True,
mode_invent,precision,1,query,160,-6.427452926,-5.079807502,True,
mode_invent,precision,1,query,161,-4.132416797,5.343257988,True,
mode_invent,precision,1,query,162,5.055277997,5.848286509,True,
mode_invent,precision,1,query,163,-14.00202903,-0.9936163473,False,
mode_invent,precision,1,query,164,14.46091942,2.015516053,False,
mode_invent,precision,1,query,165,-0.2581119953,-8.202876196,True,
mode_invent,precision,1,query,166,6.955067976,0.3190884517,False,
mode_invent,precision,1,query,167,4.409878025,4.549923225,True,
mode_invent,precision,1,query,168,-12.72033273,-0.9054530594,False,
mode_invent,precision,1,query,169,6.738211819,-4.132496246,False,
mode_invent,precision,1,query,170,0.2593264575,8.553391403,True,
mode_invent,precision,1,query,171,9.952250944,-0.1967284021,True,
mode_invent,precision,1,query,172,-6.249860046,-7.010085314,True,
mode_invent,precision,1,query,173,0.04170708035,-6.520855789,True,
mode_invent,precision,1,query,174,0.9595953814,7.057908759,True,
mode_invent,precision,1,query,175,4.801478866,5.15268302,True,
mode_invent,precision,1,query,176,0.2922680825,-8.205311427,True,
mode_invent,precision,1,query,177,0.2144539454,-7.703260622,True,
mode_invent,precision,1,query,178,-5.955627836,-5.697028191,True,
mode_invent,precision,1,query,179,8.206592377,-0.08396970353,True,
mode_invent,precision,1,query,180,-7.496479135,1.870875773,True,
mode_invent,precision,1,query,181,0.5919722848,-7.944189454,True,
mode_invent,precision,1,query,182,6.313881377,0.387957086,False,
mode_invent,precision,1,query,183,-9.946678412,-1.409034086,False,
mode_invent,precision,1,query,184,8.854639252,0.7062350601,False,
mode_invent,precision,1,query,185,-0.1499389983,6.289988894,True,
mode_invent,precision,1,query,186,5.285505733,4.978115931,True,
mode_invent,precision,1,query,187,0.6368407461,-5.742269468,True,
mode_invent,precision,1,query,188,8.216930488,-0.779311128,True,
mode_invent,precision,1,query,189,-1.17055153,7.943905719,True,
mode_invent,precision,1,query,190,13.82320681,-1.15151916,False,
mode_invent,precision,1,query,191,5.773209485,4.505940728,True,
mode_invent,precision,1,query,192,1.112107272,9.062650606,True,
mode_invent,precision,1,query,193,15.08475127,-0.4740504706,False,
mode_invent,precision,1,query,194,6.171374813,-5.788923755,True,
mode_invent,precision,1,query,195,-0.3888120614,-8.339145657,True,
mode_invent,precision,1,query,196,-1.299715273,6.556136304,True,
mode_invent,precision,1,query,197,0.7943147909,7.808764596,True,
mode_invent,precision,1,query,198,5.873279101,-4.655143861,True,
mode_invent,precision,1,query,199,-9.733132495,-0.7841300738,False,
mode_invent,precision,1,query,200,-5.481519406,-5.264759463,False,
mode_invent,precision,1,query,201,7.62292555,1.029179233,True,
mode_invent,precision,1,query,202,-7.789605061,-1.213382139,True,
mode_invent,precision,1,query,203,-6.587618025,-4.851383189,True,
mode_invent,precision,1,query,204,6.120685706,-7.555915488,True,
mode_invent,precision,1,query,205,-4.309141946,6.254881281,False,
mode_invent,precision,1,query,206,-4.313511262,5.273153368,True,
mode_invent,precision,1,query,207,5.361148028,4.530397165,True,
mode_invent,precision,1,query,208,8.19378382,5.481400024,True,
mode_invent,precision,1,query,209,-12.41246681,-0.6472924514,False,
mode_invent,precision,1,query,210,-7.836158808,-1.671352487,True,
mode_invent,precision,1,query,211,5.273987101,-4.673099341,False,
mode_invent,precision,1,query,212,4.405110434,6.729081794,False,
mode_invent,precision,1,query,213,14.33723782,-1.043950925,False,
mode_invent,precision,1,query,214,-6.158451521,5.197788573,True,
mode_invent,precision,1,query,215,5.607334912,5.120710284,True,
mode_invent,precision,1,query,216,7.172712099,-0.3045877025,False,
mode_invent,precision,1,query,217,-1.026889739,6.710473427,True,
mode_invent,precision,1,query,218,-5.705030732,6.539728475,True,
mode_invent,precision,1,query,219,6.470628295,0.003508151464,True,
mode_invent,precision,1,query,220,7.350043805,-0.9771454371,True,
mode_invent,precision,1,query,221,-4.803416597,-6.175023939,True,
mode_invent,precision,1,query,222,-12.50169832,-0.7798393641,False,
mode_invent,precision,1,query,223,-7.613498006,-0.2272830066,True,
mode_invent,precision,1,query,224,7.245978191,0.5876750426,False,
mode_invent,precision,1,query,225,7.845017427,0.6032105807,False,
mode_invent,precision,1,query,226,-5.704145757,4.571037994,True,
mode_invent,precision,1,query,227,-14.10206924,0.05195516952,False,
mode_invent,precision,1,query,228,8.958462954,-0.9062690073,True,
mode_invent,precision,1,query,229,-0.03932985327,-9.72187873,True,
mode_invent,precision,1,query,230,0.6514930603,6.918517025,True,
mode_invent,precision,1,query,231,-9.806359521,-0.05921683427,True,
mode_invent,precision,1,query,232,-12.89431504,-1.524446948,False,
mode_invent,precision,1,query,233,12.91196441,-0.7432748911,False,
mode_invent,precision,1,query,234,6.870503354,0.3794278883,False,
mode_invent,precision,1,query,235,-6.464221695,-6.378368986,False,
mode_invent,precision,1,query,236,8.583305399,-0.755514631,False,
mode_invent,precision,1,query,237,6.089634347,4.685469078,True,
mode_invent,precision,1,query,238,-6.868992764,-7.492303539,False,
mode_invent,precision,1,query,239,1.861202787,-8.320259032,False,
mode_invent,precision,1,query,240,5.900787617,5.625804741,True,
mode_invent,precision,1,query,241,5.816816006,5.706540729,True,
mode_invent,precision,1,query,242,1.908217039,-9.038926591,True,
mode_invent,precision,1,query,243,12.44253789,-1.011959668,False,
mode_invent,precision,1,query,244,-6.991563259,6.403816302,True,
mode_invent,precision,1,query,245,14.82037821,-0.9613155452,False,
mode_invent,precision,1,query,246,-1.390435776,7.645203347,True,
mode_invent,precision,1,query,247,7.047978127,-8.476423667,False,
mode_invent,precision,1,query,248,-7.473373231,-1.075755227,False,
mode_invent,precision,1,query,249,1.040367147,-9.077923941,True,
mode_invent,precision,1,query,250,-8.285415827,-1.506279101,True,
mode_invent,precision,1,query,251,-6.6341121,7.042693413,True,
mode_invent,precision,1,query,252,14.82057869,-0.4016681522,False,
mode_invent,precision,1,query,253,-8.87017237,-1.893807137,True,
mode_invent,precision,1,query,254,-0.3936567119,7.969096747,True,
mode_invent,precision,1,query,255,5.572799892,5.563062322,True,
mode_invent,precision,1,query,256,-15.12180963,-0.06627388537,False,
mode_invent,precision,1,query,257,-8.03867338,1.290562038,True,
mode_invent,precision,1,query,258,9.866733454,-0.1369890269,True,
mode_invent,precision,1,query,259,-6.423160201,-5.721836379,False,
mode_invent,precision,1,query,260,-0.6076212753,7.257566184,False,
mode_invent,precision,1,query,261,-5.715504401,4.613549818,True,
mode_invent,precision,1,query,262,0.6061067512,7.896084451,True,
mode_invent,precision,1,query,263,-5.406845943,-5.839794285,True,
mode_invent,precision,1,query,264,-8.727254447,-0.9479595597,False,
mode_invent,precision,1,query,265,-5.894130254,5.108093912,True,
mode_invent,precision,1,query,266,5.890755583,5.652422546,True,
mode_invent,precision,1,query,267,4.294547502,5.723975549,True,
mode_invent,precision,1,query,268,-6.999714667,-6.273331875,True,
mode_invent,precision,1,query,269,5.36250064,3.581580972,False,
mode_invent,precision,1,query,270,0.09150744786,-7.84901665,True,
mode_invent,precision,1,query,271,13.84197581,-0.4243172725,False,
mode_invent,precision,1,query,272,5.283250589,4.680314781,True,
mode_invent,precision,1,query,273,5.38715388,-6.209466053,True,
mode_invent,precision,1,query,274,8.091685393,-1.20413609,True,
mode_invent,precision,1,query,275,-5.42126434,5.800073143,True,
mode_invent,precision,1,query,276,-8.141562832,-0.4392048231,True,
mode_invent,precision,1,query,277,-5.104514357,-7.321455956,True,
mode_invent,precision,1,query,278,8.460453338,0.2430374662,True,
mode_invent,precision,1,query,279,-5.373477957,-5.273541657,False,
mode_invent,precision,1,query,280,5.003209843,-5.916314308,True,
mode_invent,precision,1,query,281,6.293912581,-5.226215005,True,
mode_invent,precision,1,query,282,5.863567015,-7.171174495,True,
mode_invent,precision,1,query,283,0.5378871149,-6.830529008,True,
mode_invent,precision,1,query,284,1.009671493,-7.766121951,True,
mode_invent,precision,1,query,285,-1.557678604,-7.057455186,True,
mode_invent,precision,1,query,286,13.85274536,-2.532519648,False,
mode_invent,precision,1,query,287,-7.622792597,-1.492171783,True,
mode_invent,precision,1,query,288,-9.29644058,-0.6349588924,False,
mode_invent,precision,1,query,289,1.272591178,-8.370845354,True,
mode_invent,precision,1,query,290,-5.385862662,-3.908886286,False,
mode_invent,precision,1,query,291,15.59402976,-0.1033534158,False,
mode_invent,precision,1,query,292,5.415333227,4.395983615,True,
mode_invent,precision,1,query,293,-6.351312324,-5.231495902,True,
mode_invent,precision,1,query,294,-7.604269238,0.1102382312,False,
mode_invent,precision,1,query,295,6.651655907,4.884486236,False,
mode_invent,precision,1,query,296,5.600777729,-4.925611261,True,
mode_invent,precision,1,query,297,14.58414591,1.070945776,False,
mode_invent,precision,1,query,298,-5.259833843,5.347451694,True,
mode_invent,precision,1,query,299,6.01904651,4.654259053,True,
mode_invent,precision,1,query,300,-7.296313581,-5.076182469,True,
mode_invent,precision,1,query,301,-5.711994582,5.965263876,True,
mode_invent,precision,1,query,302,-1.697684364,-8.365114025,True,
mode_invent,precision,1,query,303,-8.599857114,-0.8642121147,True,
mode_invent,precision,1,query,304,5.744984994,-0.3348734821,True,
mode_invent,precision,1,query,305,-7.102695712,0.3809977219,True,
mode_invent,precision,1,query,306,7.39905339,-0.01487597165,True,
mode_invent,precision,1,query,307,-4.900054169,-8.417272112,False,
mode_invent,precision,1,query,308,5.532317703,6.200054397,True,
mode_invent,precision,1,query,309,0.6821286252,-6.299269793,True,
mode_invent,precision,1,query,310,-4.52180857,5.969417084,False,
mode_invent,precision,1,query,311,-13.69802399,0.786945348,False,
mode_invent,precision,1,query,312,-8.539326995,-0.04018805494,False,
mode_invent,precision,1,query,313,-4.750615246,7.614299464,False,
mode_invent,precision,1,query,314,-8.159267306,-0.04840068933,True,
mode_invent,precision,1,query,315,5.855334443,-4.313650555,True,
mode_invent,precision,1,query,316,5.626540946,-4.187495213,True,
mode_invent,precision,1,query,317,7.033342783,-0.1860362957,True,
mode_invent,precision,1,query,318,5.458689093,-4.870348525,False,
mode_invent,precision,1,query,319,-4.611593873,4.147409891,False,
mode_invent,precision,1,query,320,-8.915117626,0.3368524788,True,
mode_invent,precision,1,query,321,-14.65869365,-1.522427776,False,
mode_invent,precision,1,query,322,1.038479972,-7.506029916,True,
mode_invent,precision,1,query,323,8.493177497,-0.4754457164,False,
mode_invent,precision,1,query,324,1.028938452,7.760040004,True,
mode_invent,precision,1,query,325,1.096435278,7.088334849,True,
mode_invent,precision,1,query,326,-0.8541354477,-7.795336789,True,
mode_invent,precision,1,query,327,4.954522104,-4.981403184,False,
mode_invent,precision,1,query,328,-7.739912256,-0.9229712179,True,
mode_invent,precision,1,query,329,-13.9271344,-0.3512776882,False,
mode_invent,precision,1,query,330,-4.74102142,5.024301266,True,
mode_invent,precision,1,query,331,7.560826905,1.211236905,True,
mode_invent,precision,1,query,332,-5.761406611,1.999008664,True,
mode_invent,precision,1,query,333,0.06322301166,8.218854707,False,
mode_invent,precision,1,query,334,15.53345866,-0.1244348062,False,
mode_invent,precision,1,query,335,-0.9763491371,-7.883124403,True,
mode_invent,precision,1,query,336,0.4515167805,7.170850382,True,
mode_invent,precision,1,query,337,-7.303085391,-7.093583764,True,
mode_invent,precision,1,query,338,8.665429284,-0.7583765163,False,
mode_invent,precision,1,query,339,13.85865291,0.2125586843,False,
mode_invent,precision,1,query,340,-7.380859121,-0.3349027987,True,
mode_invent,precision,1,query,341,6.15556995,4.766793957,True,
mode_invent,precision,1,query,342,-0.3617140257,6.975584412,True,
mode_invent,precision,1,query,343,15.13176722,-0.02708322807,False,
mode_invent,precision,1,query,344,4.917546762,5.304482451,True,
mode_invent,precision,1,query,345,-5.87858273,-4.956334458,True,
mode_invent,precision,1,query,346,4.061218071,-6.694060091,True,
mode_invent,precision,1,query,347,-6.034961501,-3.124548417,True,
mode_invent,precision,1,query,348,-4.701175357,-5.768305929,True,
mode_invent,precision,1,query,349,-7.288000418,2.05743617,True,
mode_invent,precision,1,query,350,7.766256073,-0.3664133441,True,
mode_invent,precision,1,query,351,6.868797793,-5.162678751,True,
mode_invent,precision,1,query,352,6.328187405,5.14863185,False,
mode_invent,precision,1,query,353,7.581057382,7.366445051,False,
mode_invent,precision,1,query,354,-5.090906461,6.341144088,False,
mode_invent,precision,1,query,355,3.629593377,-5.019144456,True,
mode_invent,precision,1,query,356,-5.850962837,-5.222948544,True,
mode_invent,precision,1,query,357,6.339313661,-5.998146018,False,
mode_invent,precision,1,query,358,-7.34733605,-5.288979684,True,
mode_invent,precision,1,query,359,4.915470597,5.326660157,True,
mode_invent,precision,1,query,360,5.052344405,-5.998428505,True,
mode_invent,precision,1,query,361,5.690479043,1.216947127,True,
mode_invent,precision,1,query,362,0.2533461023,-6.888600737,True,
mode_invent,precision,1,query,363,7.636696079,-5.634261127,True,
mode_invent,precision,1,query,364,-1.802436256,-8.89388685,True,
mode_invent,precision,1,query,365,-6.86375873,5.154979606,True,
mode_invent,precision,1,query,366,-7.920352022,-2.002187267,True,
mode_invent,precision,1,query,367,5.999329743,-7.167210903,True,
mode_invent,precision,1,query,368,-7.702634737,-0.1094911452,True,
mode_invent,precision,1,query,369,-5.970485489,5.583811194,True,
mode_invent,precision,1,query,370,-6.196632265,-6.269325693,False,
mode_invent,precision,1,query,371,3.974097859,-5.686481564,True,
mode_invent,precision,1,query,372,1.845533711,-6.019504937,False,
mode_invent,precision,1,query,373,1.321817597,8.705801601,True,
mode_invent,precision,1,query,374,13.32351988,1.442750788,False,
mode_invent,precision,1,query,375,13.94387245,-0.06887550976,False,
mode_invent,precision,1,query,376,-14.29122713,0.09196189902,False,
mode_invent,precision,1,query,377,5.221639348,5.57307208,False,
mode_invent,precision,1,query,378,4.572255141,-6.030517954,True,
mode_invent,precision,1,query,379,2.28055647,-8.069594028,False,
mode_invent,precision,1,query,380,-0.2386605648,-7.467625721,True,
mode_invent,precision,1,query,381,14.70812182,-1.113768859,False,
mode_invent,precision,1,query,382,7.792841217,0.9182758409,False,
mode_invent,precision,1,query,383,5.926691879,-5.534900206,True,
mode_invent,precision,1,query,384,9.554017669,-0.6777727596,False,
mode_invent,precision,1,query,385,0.08274589511,7.479941335,True,
mode_invent,precision,1,query,386,1.490308229,-9.951860399,False,
mode_invent,precision,1,query,387,-14.6701417,-0.529156966,False,
mode_invent,precision,1,query,388,0.6635396232,8.606275476,False,
mode_invent,precision,1,query,389,1.39519426,6.425967158,True,
mode_invent,precision,1,query,390,-7.249524991,-0.2932798643,True,
mode_invent,precision,1,query,391,-0.6656252373,8.539568533,True,
mode_invent,precision,1,query,392,-6.576993832,3.579940954,True,
mode_invent,precision,1,query,393,-8.370218489,-1.497770852,True,
mode_invent,precision,1,query,394,-14.64891582,0.3715547638,False,
mode_invent,precision,1,query,395,-5.344854504,-4.069954801,False,
mode_invent,precision,1,query,396,-0.1996547469,6.466668409,False,
mode_invent,precision,1,query,397,-6.412951106,4.737470025,True,
mode_invent,precision,1,query,398,-15.21782516,0.435367195,False,
mode_invent,precision,1,query,399,-6.302086587,-7.634227066,False,
mode_invent,precision,1,query,400,14.6969228,-0.1114265687,False,
mode_invent,precision,1,query,401,-5.300016971,-5.551132705,False,
mode_invent,precision,1,query,402,6.288508984,-5.618835502,False,
mode_invent,precision,1,query,403,6.893056733,-5.23187146,True,
mode_invent,precision,1,query,404,0.3920676234,8.409866918,True,
mode_invent,precision,1,query,405,4.200216507,-5.821490001,True,
mode_invent,precision,1,query,406,5.39753776,-5.449307528,True,
mode_invent,precision,1,query,407,6.641305836,1.634114777,True,
mode_invent,precision,1,query,408,5.761242914,4.445536709,True,
mode_invent,precision,1,query,409,-9.708886964,-0.2812872937,True,
mode_invent,precision,1,query,410,-0.08967541293,-8.718292086,True,
mode_invent,precision,1,query,411,8.092113828,-0.6411757672,True,
mode_invent,precision,1,query,412,0.5516582517,-8.724541818,True,
mode_invent,precision,1,query,413,5.618354024,-4.678015076,True,
mode_invent,precision,1,query,414,2.571668883,6.992356807,False,
mode_invent,precision,1,query,415,7.53549223,-0.8398356978,True,
mode_invent,precision,1,query,416,-7.215671678,-1.148099306,True,
mode_invent,precision,1,query,417,5.172497204,-5.686455533,True,
mode_invent,precision,1,query,418,4.67817571,4.699529207,True,
mode_invent,precision,1,query,419,-6.132477138,-7.75729449,False,
mode_invent,precision,1,query,420,-1.445478217,7.586965912,True,
mode_invent,precision,1,query,421,8.148230636,-0.185759986,True,
mode_invent,precision,1,query,422,12.22603131,-0.4637862918,False,
mode_invent,precision,1,query,423,0.7984376405,8.555865512,True,
mode_invent,precision,1,query,424,5.578106388,-6.544224125,True,
mode_invent,precision,1,query,425,6.28807062,-6.235783231,True,
mode_invent,precision,1,query,426,-6.826102652,-6.459040485,True,
mode_invent,precision,1,query,427,-6.551654708,0.2201800382,True,
mode_invent,precision,1,query,428,9.159247053,-0.4793363133,True,
mode_invent,precision,1,query,429,6.595003589,-6.258358293,False,
mode_invent,precision,1,query,430,7.842572631,2.48635026,True,
mode_invent,precision,1,query,431,-4.889705617,-6.158024625,True,
mode_invent,precision,1,query,432,-0.08481903903,-7.673776579,True,
mode_invent,precision,1,query,433,9.21045759,-0.4891330917,True,
mode_invent,precision,1,query,434,3.915535165,5.377212436,True,
mode_invent,precision,1,query,435,0.01538545716,-7.890462031,True,
mode_invent,precision,1,query,436,1.316690136,8.316687078,True,
mode_invent,precision,1,query,437,14.81291697,-1.101113694,False,
mode_invent,precision,1,query,438,0.8679014884,10.09621983,False,
mode_invent,precision,1,query,439,-4.883944959,-5.40329853,False,
mode_invent,precision,1,query,440,-5.502866061,-3.86971201,False,
mode_invent,precision,1,query,441,-14.92718148,-0.111102358,False,
mode_invent,precision,1,query,442,0.4602075929,8.744001108,False,
mode_invent,precision,1,query,443,-8.437327906,0.3073213947,False,
mode_invent,precision,1,query,444,5.378932768,-5.536383117,True,
mode_invent,precision,1,query,445,-0.1320915404,-9.141593678,True,
mode_invent,precision,1,query,446,-14.02111359,0.8771515221,False,
mode_invent,precision,1,query,447,4.689835958,5.415762501,True,
mode_invent,precision,1,query,448,14.66478006,-1.069865107,False,
mode_invent,precision,1,query,449,8.182638338,-1.060129819,True,
mode_invent,precision,1,query,450,-4.522223749,-3.344032868,False,
mode_invent,precision,1,query,451,2.022255284,-8.219180678,False,
mode_invent,precision,1,query,452,6.397053378,-5.535856521,False,
mode_invent,precision,1,query,453,5.758960146,-4.109097189,True,
mode_invent,precision,1,query,454,-9.319179576,1.055294597,True,
mode_invent,precision,1,query,455,-5.705830245,-4.248313629,True,
mode_invent,precision,1,query,456,0.1872333689,-8.672671995,True,
mode_invent,precision,1,query,457,0.2771403768,-7.264032905,False,
mode_invent,precision,1,query,458,-5.621090575,6.144892526,False,
mode_invent,precision,1,query,459,5.135179074,3.522970349,False,
mode_invent,precision,1,query,460,0.9000235838,8.699159736,True,
mode_invent,precision,1,query,461,14.14817838,0.06841056221,False,
mode_invent,precision,1,query,462,6.693150019,-6.113960975,False,
mode_invent,precision,1,query,463,-14.70653407,-0.1885498695,False,
mode_invent,precision,1,query,464,-6.810902811,-1.387112904,True,
mode_invent,precision,1,query,465,6.848684242,-6.296107104,False,
mode_invent,precision,1,query,466,6.8992565,1.260061836,True,
mode_invent,precision,1,query,467,7.903109905,-1.300234364,False,
mode_invent,precision,1,query,468,13.64126694,0.9310524309,False,
mode_invent,precision,1,query,469,1.192074193,-8.427098682,True,
mode_invent,precision,1,query,470,6.063175009,-4.942769617,True,
mode_invent,precision,1,query,471,5.012227756,6.011890325,True,
mode_invent,precision,1,query,472,5.624976335,-6.19287866,True,
mode_invent,precision,1,query,473,-0.4921479354,-7.932965518,True,
mode_invent,precision,1,query,474,0.02985348696,-8.565489953,True,
mode_invent,precision,1,query,475,7.574054892,1.113337238,True,
mode_invent,precision,1,query,476,-7.786172865,0.8850943666,False,
mode_invent,precision,1,query,477,-6.798177768,0.5888422596,True,
mode_invent,precision,1,query,478,2.270886313,7.174695968,False,
mode_invent,precision,1,query,479,6.465263843,5.338710276,False,
mode_invent,recall,1,center,0,-5.655624096,-5.358108712,,0.1975513235
mode_invent,recall,1,center,1,-8.274137855,-0.8905918388,,0.266735866
mode_invent,recall,1,center,2,-0.4546707852,7.008353445,,0.09856352594
mode_invent,recall,1,center,3,-5.596710647,6.997069495,,0.4699936695
mode_invent,recall,1,center,4,-6.149060768,5.03637935,,0.1616821683
mode_invent,recall,1,center,5,0.4898420502,-7.643112992,,0.2818800199
mode_invent,recall,1,center,6,-7.894585751,-0.9304680447,,0.1548550694
mode_invent,recall,1,center,7,-8.029251822,0.6953031945,,0.3083959608
mode_invent,recall,1,center,8,4.312639702,5.199238488,,0.4349248938
mode_invent,recall,1,center,9,12.09877726,-1.28953774,,0.4418381592
mode_invent,recall,1,center,10,-7.498589287,5.421763118,,0.6886096705
mode_invent,recall,1,center,11,-1.267446481,-7.728735641,,0.3295050129
mode_invent,recall,1,center,12,-13.84324891,-0.1869309446,,0.172165558
mode_invent,recall,1,center,13,-8.17361396,-6.195547145,,1.176473551
mode_invent,recall,1,center,14,5.608353304,-5.543545263,,0.04879254194
mode_invent,recall,1,center,15,-1.530135766,-8.477753276,,0.2018913909
mode_invent,recall,1,center,16,-8.978519078,-0.8088372394,,0.2872088695
mode_invent,recall,1,center,17,-4.595955626,4.849319574,,0.2272942525
mode_invent,recall,1,center,18,5.624332545,6.541244117,,0.3257861014
mode_invent,recall,1,center,19,-8.583600433,-0.1117019496,,0.08410930055
mode_invent,recall,1,center,20,8.110464143,0.06378177426,,0.1762700671
mode_invent,recall,1,center,21,-1.225055826,8.07614023,,0.1430268654
mode_invent,recall,1,center,22,1.358823422,6.452855322,,0.04523064523
mode_invent,recall,1,center,23,8.859382688,0.1193540257,,0.2812387961
mode_invent,recall,1,center,24,-6.298324644,-3.656437703,,0.5935203096
mode_invent,recall,1,center,25,8.762259712,-1.199288902,,0.3526419868
mode_invent,recall,1,center,26,5.731370478,6.233543833,,0.2018503154
mode_invent,recall,1,center,27,-5.845636375,6.339764517,,0.1652783672
mode_invent,recall,1,center,28,-0.06651732015,-7.332752439,,0.2186872168
mode_invent,recall,1,center,29,-4.218331658,-6.3325165,,0.6059111262
mode_invent,recall,1,center,30,-13.79686139,-0.4633075765,,0.1718189538
mode_invent,recall,1,center,31,-5.529585838,4.469659722,,0.2018631201
mode_invent,recall,1,center,32,-8.579301597,-0.1961959728,,0.08460330935
mode_invent,recall,1,center,33,-4.758090377,-4.511632242,,0.2376002833
mode_invent,recall,1,center,34,4.333326457,-6.451496615,,0.3645271091
mode_invent,recall,1,center,35,0.6469034226,6.007580216,,0.8397023314
mode_invent,recall,1,center,36,-6.120024114,-5.754141175,,0.1740345634
mode_invent,recall,1,center,37,-4.399839272,6.34625815,,0.1287467954
mode_invent,recall,1,center,38,-14.32721342,-0.3685758941,,0.3695719149
mode_invent,recall,1,center,39,13.7498046,1.5235294,,0.4338707754
mode_invent,recall,1,center,40,-6.084879192,5.353173861,,0.1534233902
mode_invent,recall,1,center,41,0.3525890673,-8.120770445,,0.1038547006
mode_invent,recall,1,center,42,-0.197284228,6.885932857,,0.1872820327
mode_invent,recall,1,center,43,-5.668375718,-6.100435472,,0.3692311627
mode_invent,recall,1,center,44,6.822982026,-5.003765747,,0.1653856932
mode_invent,recall,1,center,45,-5.680997863,6.325235273,,0.1652783672
mode_invent,recall,1,center,46,7.660130448,1.052126358,,0.04371241318
mode_invent,recall,1,center,47,-0.005399560672,8.583382354,,0.2664194472
mode_invent,recall,1,center,48,-6.947747495,-5.310174201,,0.4001502477
mode_invent,recall,1,center,49,-1.688204117,-10.03532894,,1.147143861
mode_invent,recall,1,center,50,7.695523122,-0.8999276076,,0.1553944498
mode_invent,recall,1,center,51,0.1640527957,-5.755243374,,0.4729659272
mode_invent,recall,1,center,52,-6.488577431,5.032910663,,0.3049664108
mode_invent,recall,1,center,53,-5.451450303,6.149867541,,0.169713207
mode_invent,recall,1,center,54,7.823593934,-0.2059303303,,0.1704183911
mode_invent,recall,1,center,55,-4.954391294,-5.136946612,,0.2755104896
mode_invent,recall,1,center,56,-1.033675832,7.920818681,,0.1388091066
mode_invent,recall,1,center,57,-13.96471315,-1.054484622,,0.07139622881
mode_invent,recall,1,center,58,5.91669335,4.798897772,,0.09886180652
mode_invent,recall,1,center,59,-4.684787542,5.849600162,,0.2022825743
mode_invent,recall,1,center,60,5.746160735,-6.247882602,,0.133083029
mode_invent,recall,1,center,61,-5.775464073,3.659107957,,0.5577743254
mode_invent,recall,1,center,62,-1.131407471,8.362839799,,0.3016067926
mode_invent,recall,1,center,63,-10.12856704,0.8466085215,,0.8358576122
mode_invent,recall,1,center,64,3.910757774,-4.900115747,,0.3053215545
mode_invent,recall,1,center,65,-8.845497033,0.7789910843,,0.4475863866
mode_invent,recall,1,center,66,8.130951208,-1.53683494,,0.3284684027
mode_invent,recall,1,center,67,-4.4077055,7.098561405,,0.6193325763
mode_invent,recall,1,center,68,-5.722659155,5.382937977,,0.3190108782
mode_invent,recall,1,center,69,-14.15986697,-0.9751523228,,0.1589142378
mode_invent,recall,1,center,70,-4.55826749,5.113962318,,0.2035635117
mode_invent,recall,1,center,71,-0.05119041269,-8.793296403,,0.08430149967
mode_invent,recall,1,center,72,7.3739269,-1.277725152,,0.3015270585
mode_invent,recall,1,center,73,-6.742930686,-0.1540875732,,0.420312675
mode_invent,recall,1,center,74,0.9659216187,8.013324597,,0.2189666681
mode_invent,recall,1,center,75,-14.69440353,-0.32668526,,0.138666997
mode_invent,recall,1,center,76,-0.5602310505,-7.992040901,,0.09013995454
mode_invent,recall,1,center,77,13.62473316,-0.2999217159,,0.2503370165
mode_invent,recall,1,center,78,-7.035428934,4.850008322,,0.3499687744
mode_invent,recall,1,center,79,1.654057549,7.328766784,,0.6072479825
mode_invent,recall,1,center,80,4.602760462,5.994180582,,0.4098500943
mode_invent,recall,1,center,81,1.4072722,-9.454024302,,0.504713544
mode_invent,recall,1,center,82,-8.208521848,-0.6320525539,,0.2041415125
mode_invent,recall,1,center,83,-7.417873724,6.391780959,,0.4264803181
mode_invent,recall,1,center,84,5.633410331,-5.585412405,,0.04879254194
mode_invent,recall,1,center,85,-6.409165722,6.111638412,,0.2959658161
mode_invent,recall,1,center,86,-0.5392973495,7.857096792,,0.1837258431
mode_invent,recall,1,center,87,-6.765115042,-6.87295701,,0.4183854423
mode_invent,recall,1,center,88,9.335531855,-0.5071047045,,0.1263588178
mode_invent,recall,1,center,89,-5.365173893,5.623063815,,0.1856837111
mode_invent,recall,1,center,90,5.215709047,-6.16481522,,0.1771638442
mode_invent,recall,1,center,91,0.6300825914,7.698132395,,0.1980194413
mode_invent,recall,1,center,92,-5.808297898,-5.634632692,,0.09065047836
mode_invent,recall,1,center,93,-6.82349168,0.6805109746,,0.09509967105
mode_invent,recall,1,center,94,6.039454517,5.093282856,,0.2884072644
mode_invent,recall,1,center,95,4.274885529,6.606384181,,0.1789224134
mode_invent,recall,1,center,96,8.966447134,-0.1407083991,,0.2812387961
mode_invent,recall,1,center,97,8.541883842,0.7814430539,,0.3216709333
mode_invent,recall,1,center,98,0.8311844527,-7.078616527,,0.3841493789
mode_invent,recall,1,center,99,-6.1124719,7.171827232,,0.1996857366
mode_invent,recall,1,center,100,-6.903447308,6.518577326,,0.1446876417
mode_invent,recall,1,center,101,-5.16292217,6.530473363,,0.2025631679
mode_invent,recall,1,center,102,-12.12099169,1.484445473,,1.724394764
mode_invent,recall,1,center,103,-9.145176907,-1.68867158,,0.3430861288
mode_invent,recall,1,center,104,-4.83996519,4.641841834,,0.3202931162
mode_invent,recall,1,center,105,-5.669259638,-4.817126772,,0.06131233246
mode_invent,recall,1,center,106,4.013056898,3.546873795,,0.9621397897
mode_invent,recall,1,center,107,5.91615327,5.701240139,,0.05502908212
mode_invent,recall,1,center,108,13.75419693,0.03853476377,,0.2029664418
mode_invent,recall,1,center,109,-14.86051561,-1.513494407,,0.2020195763
mode_invent,recall,1,center,110,7.833345149,-0.971708691,,0.1553944498
mode_invent,recall,1,center,111,4.013372927,6.162535321,,0.5151608021
mode_invent,recall,1,center,112,-0.06139862842,-7.593471463,,0.08365062611
mode_invent,recall,1,center,113,-0.9892949414,7.341941208,,0.2287908378
mode_invent,recall,1,center,114,-0.9990430272,7.113358133,,0.2287908378
mode_invent,recall,1,center,115,5.852262167,4.873879633,,0.09886180652
mode_invent,recall,1,center,116,8.356066289,0.3397559254,,0.1423064174
mode_invent,recall,1,center,117,7.682015236,4.264065204,,1.202731311
mode_invent,recall,1,center,118,-13.11209762,-0.08948796189,,0.7376159878
mode_invent,recall,1,center,119,-5.67088398,4.206990428,,0.2982621712
mode_invent,recall,1,center,120,5.196660437,-4.913656986,,0.25143691
mode_invent,recall,1,center,121,-5.739332622,-5.575799879,,0.09065047836
mode_invent,recall,1,center,122,5.366137569,-4.502284503,,0.1940861094
mode_invent,recall,1,center,123,-0.02147256704,-10.20041567,,0.4788700114
mode_invent,recall,1,center,124,4.964781699,3.688057642,,0.2372531979
mode_invent,recall,1,center,125,4.748561585,-0.5301153498,,1.015371359
mode_invent,recall,1,center,126,6.9904141,5.703974156,,0.5389076715
mode_invent,recall,1,center,127,-15.17254571,-0.9406998682,,0.6494438787
mode_invent,recall,1,center,128,1.13061323,8.157626623,,0.2189666681
mode_invent,recall,1,center,129,-13.95200076,-0.05346178884,,0.172165558
mode_invent,recall,1,center,130,-5.618453988,-4.851448603,,0.06131233246
mode_invent,recall,1,center,131,0.5525672974,8.2157047,,0.251910921
mode_invent,recall,1,center,132,-6.699722607,6.167963014,,0.2959658161
mode_invent,recall,1,center,133,-6.341101327,-4.563008574,,0.3793816037
mode_invent,recall,1,center,134,4.385803428,-5.794475226,,0.1875428039
mode_invent,recall,1,center,135,13.99264171,-1.324645551,,0.2422414809
mode_invent,recall,1,center,136,7.378825893,7.117261017,,0.3209209527
mode_invent,recall,1,center,137,-14.46358376,0.7717211656,,0.4096091216
mode_invent,recall,1,center,138,6.035530319,3.043294786,,0.861812605
mode_invent,recall,1,center,139,5.907252266,5.59551017,,0.03097664767
mode_invent,recall,1,center,140,0.08321735347,-9.07687492,,0.2248253487
mode_invent,recall,1,center,141,-5.926201296,-5.835113013,,0.1411854783
mode_invent,recall,1,center,142,-6.811905783,0.3344270604,,0.2547853057
mode_invent,recall,1,center,143,-8.00555503,1.528969998,,0.2406972798
mode_invent,recall,1,center,144,-6.212102179,5.267423945,,0.08790607573
mode_invent,recall,1,center,145,-1.816755011,9.569105846,,1.387364058
mode_invent,recall,1,center,146,-4.692521881,-4.740006205,,0.2376002833
mode_invent,recall,1,center,147,-4.987955803,5.767002837,,0.314218575
mode_invent,recall,1,center,148,0.2154889392,7.74799341,,0.2991197597
mode_invent,recall,1,center,149,-0.2036004257,8.054303612,,0.2082825044
mode_invent,recall,1,center,150,7.168683761,6.212542151,,0.5389076715
mode_invent,recall,1,center,151,13.94153987,-0.5793920504,,0.1842856216
mode_invent,recall,1,center,152,-6.291852737,7.259559261,,0.1996857366
mode_invent,recall,1,center,153,-7.493312696,0.06755055831,,0.1188847834
mode_invent,recall,1,center,154,-6.003036092,-6.765907661,,0.347195609
mode_invent,recall,1,center,155,-14.06686156,0.8736580345,,0.04588116649
mode_invent,recall,1,center,156,5.264317003,5.429611666,,0.1496738871
mode_invent,recall,1,center,157,5.435819898,-5.547259881,,0.05791761012
mode_invent,recall,1,center,158,-1.593010879,7.764601648,,0.2309119765
mode_invent,recall,1,center,159,-6.511249768,6.541439282,,0.3928633089
mode_invent,recall,1,center,160,-6.427452926,-5.079807502,,0.1697255488
mode_invent,recall,1,center,161,-4.132416797,5.343257988,,0.1941902752
mode_invent,recall,1,center,162,5.055277997,5.848286509,,0.1691730827
mode_invent,recall,1,center,163,-14.00202903,-0.9936163473,,0.07139622881
mode_invent,recall,1,center,164,14.46091942,2.015516053,,0.8647168026
mode_invent,recall,1,center,165,-0.2581119953,-8.202876196,,0.1888170366
mode_invent,recall,1,center,166,6.955067976,0.3190884517,,0.1038846622
mode_invent,recall,1,center,167,4.409878025,4.549923225,,0.3071898399
mode_invent,recall,1,center,168,-12.72033273,-0.9054530594,,0.2521503643
mode_invent,recall,1,center,169,6.738211819,-4.132496246,,0.8753836482
mode_invent,recall,1,center,170,0.2593264575,8.553391403,,0.195498069
mode_invent,recall,1,center,171,9.952250944,-0.1967284021,,0.1043169877
mode_invent,recall,1,center,172,-6.249860046,-7.010085314,,0.347195609
mode_invent,recall,1,center,173,0.04170708035,-6.520855789,,0.4242963851
mode_invent,recall,1,center,174,0.9595953814,7.057908759,,0.1401816829
mode_invent,recall,1,center,175,4.801478866,5.15268302,,0.1910885236
mode_invent,recall,1,center,176,0.2922680825,-8.205311427,,0.1038547006
mode_invent,recall,1,center,177,0.2144539454,-7.703260622,,0.1906847164
mode_invent,recall,1,center,178,-5.955627836,-5.697028191,,0.1411854783
mode_invent,recall,1,center,179,8.206592377,-0.08396970353,,0.11733437
mode_invent,recall,1,center,180,-7.496479135,1.870875773,,0.2797644672
mode_invent,recall,1,center,181,0.5919722848,-7.944189454,,0.2974645716
mode_invent,recall,1,center,182,6.313881377,0.387957086,,0.4151753601
mode_invent,recall,1,center,183,-9.946678412,-1.409034086,,0.6603838908
mode_invent,recall,1,center,184,8.854639252,0.7062350601,,0.3216709333
mode_invent,recall,1,center,185,-0.1499389983,6.289988894,,0.1835410224
mode_invent,recall,1,center,186,5.285505733,4.978115931,,0.297809689
mode_invent,recall,1,center,187,0.6368407461,-5.742269468,,0.4729659272
mode_invent,recall,1,center,188,8.216930488,-0.779311128,,0.1861735119
mode_invent,recall,1,center,189,-1.17055153,7.943905719,,0.1388091066
mode_invent,recall,1,center,190,13.82320681,-1.15151916,,0.2422414809
mode_invent,recall,1,center,191,5.773209485,4.505940728,,0.06157795374
mode_invent,recall,1,center,192,1.112107272,9.062650606,,0.4139077586
mode_invent,recall,1,center,193,15.08475127,-0.4740504706,,0.273909386
mode_invent,recall,1,center,194,6.171374813,-5.788923755,,0.2065197994
mode_invent,recall,1,center,195,-0.3888120614,-8.339145657,,0.1888170366
mode_invent,recall,1,center,196,-1.299715273,6.556136304,,0.3134544941
mode_invent,recall,1,center,197,0.7943147909,7.808764596,,0.1980194413
mode_invent,recall,1,center,198,5.873279101,-4.655143861,,0.2559489929
mode_invent,recall,1,center,199,-9.733132495,-0.7841300738,,0.4614670842
mode_invent,recall,1,center,200,-5.481519406,-5.264759463,,0.1083977936
mode_invent,recall,1,center,201,7.62292555,1.029179233,,0.04371241318
mode_invent,recall,1,center,202,-7.789605061,-1.213382139,,0.2946317666
mode_invent,recall,1,center,203,-6.587618025,-4.851383189,,0.2789812286
mode_invent,recall,1,center,204,6.120685706,-7.555915488,,0.4072082081
mode_invent,recall,1,center,205,-4.309141946,6.254881281,,0.1287467954
mode_invent,recall,1,center,206,-4.313511262,5.273153368,,0.1941902752
mode_invent,recall,1,center,207,5.361148028,4.530397165,,0.1449242494
mode_invent,recall,1,center,208,8.19378382,5.481400024,,1.223780179
mode_invent,recall,1,center,209,-12.41246681,-0.6472924514,,0.1597840614
mode_invent,recall,1,center,210,-7.836158808,-1.671352487,,0.2786231584
mode_invent,recall,1,center,211,5.273987101,-4.673099341,,0.1940861094
mode_invent,recall,1,center,212,4.405110434,6.729081794,,0.1789224134
mode_invent,recall,1,center,213,14.33723782,-1.043950925,,0.3285657764
mode_invent,recall,1,center,214,-6.158451521,5.197788573,,0.08790607573
mode_invent,recall,1,center,215,5.607334912,5.120710284,,0.3477279548
mode_invent,recall,1,center,216,7.172712099,-0.3045877025,,0.1829706055
mode_invent,recall,1,center,217,-1.026889739,6.710473427,,0.3134544941
mode_invent,recall,1,center,218,-5.705030732,6.539728475,,0.2158353832
mode_invent,recall,1,center,219,6.470628295,0.003508151464,,0.4151753601
mode_invent,recall,1,center,220,7.350043805,-0.9771454371,,0.2307489604
mode_invent,recall,1,center,221,-4.803416597,-6.175023939,,0.08794755092
mode_invent,recall,1,center,222,-12.50169832,-0.7798393641,,0.1597840614
mode_invent,recall,1,center,223,-7.613498006,-0.2272830066,,0.1477168893
mode_invent,recall,1,center,224,7.245978191,0.5876750426,,0.3959387701
mode_invent,recall,1,center,225,7.845017427,0.6032105807,,0.319356345
mode_invent,recall,1,center,226,-5.704145757,4.571037994,,0.04400311355
mode_invent,recall,1,center,227,-14.10206924,0.05195516952,,0.1833937982
mode_invent,recall,1,center,228,8.958462954,-0.9062690073,,0.3282391209
mode_invent,recall,1,center,229,-0.03932985327,-9.72187873,,0.4788700114
mode_invent,recall,1,center,230,0.6514930603,6.918517025,,0.3219668235
mode_invent,recall,1,center,231,-9.806359521,-0.05921683427,,0.2425204907
mode_invent,recall,1,center,232,-12.89431504,-1.524446948,,0.6429799995
mode_invent,recall,1,center,233,12.91196441,-0.7432748911,,0.5408814731
mode_invent,recall,1,center,234,6.870503354,0.3794278883,,0.1038846622
mode_invent,recall,1,center,235,-6.464221695,-6.378368986,,0.288954222
mode_invent,recall,1,center,236,8.583305399,-0.755514631,,0.08217373641
mode_invent,recall,1,center,237,6.089634347,4.685469078,,0.07717971518
mode_invent,recall,1,center,238,-6.868992764,-7.492303539,,0.5844013179
mode_invent,recall,1,center,239,1.861202787,-8.320259032,,0.1901439997
mode_invent,recall,1,center,240,5.900787617,5.625804741,,0.02844554984
mode_invent,recall,1,center,241,5.816816006,5.706540729,,0.09162880886
mode_invent,recall,1,center,242,1.908217039,-9.038926591,,0.6505780833
mode_invent,recall,1,center,243,12.44253789,-1.011959668,,0.4418381592
mode_invent,recall,1,center,244,-6.991563259,6.403816302,,0.1446876417
mode_invent,recall,1,center,245,14.82037821,-0.9613155452,,0.1399971159
mode_invent,recall,1,center,246,-1.390435776,7.645203347,,0.08013282139
mode_invent,recall,1,center,247,7.047978127,-8.476423667,,1.306601141
mode_invent,recall,1,center,248,-7.473373231,-1.075755227,,0.2676635126
mode_invent,recall,1,center,249,1.040367147,-9.077923941,,0.5254243998
mode_invent,recall,1,center,250,-8.285415827,-1.506279101,,0.08522840919
mode_invent,recall,1,center,251,-6.6341121,7.042693413,,0.4051817712
mode_invent,recall,1,center,252,14.82057869,-0.4016681522,,0.273909386
mode_invent,recall,1,center,253,-8.87017237,-1.893807137,,0.3430861288
mode_invent,recall,1,center,254,-0.3936567119,7.969096747,,0.1837258431
mode_invent,recall,1,center,255,5.572799892,5.563062322,,0.2830722835
mode_invent,recall,1,center,256,-15.12180963,-0.06627388537,,0.1997240755
mode_invent,recall,1,center,257,-8.03867338,1.290562038,,0.2406972798
mode_invent,recall,1,center,258,9.866733454,-0.1369890269,,0.1043169877
mode_invent,recall,1,center,259,-6.423160201,-5.721836379,,0.3048525654
mode_invent,recall,1,center,260,-0.6076212753,7.257566184,,0.2924052698
mode_invent,recall,1,center,261,-5.715504401,4.613549818,,0.04400311355
mode_invent,recall,1,center,262,0.6061067512,7.896084451,,0.1993987391
mode_invent,recall,1,center,263,-5.406845943,-5.839794285,,0.3077952847
mode_invent,recall,1,center,264,-8.727254447,-0.9479595597,,0.1524588965
mode_invent,recall,1,center,265,-5.894130254,5.108093912,,0.2648255002
mode_invent,recall,1,center,266,5.890755583,5.652422546,,0.02844554984
mode_invent,recall,1,center,267,4.294547502,5.723975549,,0.4098853362
mode_invent,recall,1,center,268,-6.999714667,-6.273331875,,0.2542219883
mode_invent,recall,1,center,269,5.36250064,3.581580972,,0.23475583
mode_invent,recall,1,center,270,0.09150744786,-7.84901665,,0.0866733931
mode_invent,recall,1,center,271,13.84197581,-0.4243172725,,0.1842856216
mode_invent,recall,1,center,272,5.283250589,4.680314781,,0.1689476327
mode_invent,recall,1,center,273,5.38715388,-6.209466053,,0.1771638442
mode_invent,recall,1,center,274,8.091685393,-1.20413609,,0.1703239388
mode_invent,recall,1,center,275,-5.42126434,5.800073143,,0.1856837111
mode_invent,recall,1,center,276,-8.141562832,-0.4392048231,,0.2041415125
mode_invent,recall,1,center,277,-5.104514357,-7.321455956,,1.056397281
mode_invent,recall,1,center,278,8.460453338,0.2430374662,,0.1423064174
mode_invent,recall,1,center,279,-5.373477957,-5.273541657,,0.1083977936
mode_invent,recall,1,center,280,5.003209843,-5.916314308,,0.09569193578
mode_invent,recall,1,center,281,6.293912581,-5.226215005,,0.3263677256
mode_invent,recall,1,center,282,5.863567015,-7.171174495,,0.1358205741
mode_invent,recall,1,center,283,0.5378871149,-6.830529008,,0.2904064626
mode_invent,recall,1,center,284,1.009671493,-7.766121951,,0.2616826233
mode_invent,recall,1,center,285,-1.557678604,-7.057455186,,0.7313358562
mode_invent,recall,1,center,286,13.85274536,-2.532519648,,1.215948529
mode_invent,recall,1,center,287,-7.622792597,-1.492171783,,0.2786231584
mode_invent,recall,1,center,288,-9.29644058,-0.6349588924,,0.3623641278
mode_invent,recall,1,center,289,1.272591178,-8.370845354,,0.09822128994
mode_invent,recall,1,center,290,-5.385862662,-3.908886286,,0.1233872736
mode_invent,recall,1,center,291,15.59402976,-0.1033534158,,0.06413488304
mode_invent,recall,1,center,292,5.415333227,4.395983615,,0.1449242494
mode_invent,recall,1,center,293,-6.351312324,-5.231495902,,0.1697255488
mode_invent,recall,1,center,294,-7.604269238,0.1102382312,,0.1188847834
mode_invent,recall,1,center,295,6.651655907,4.884486236,,0.41761798
mode_invent,recall,1,center,296,5.600777729,-4.925611261,,0.152457045
mode_invent,recall,1,center,297,14.58414591,1.070945776,,0.9491877335
mode_invent,recall,1,center,298,-5.259833843,5.347451694,,0.2950568884
mode_invent,recall,1,center,299,6.01904651,4.654259053,,0.07717971518
mode_invent,recall,1,center,300,-7.296313581,-5.076182469,,0.2188285799
mode_invent,recall,1,center,301,-5.711994582,5.965263876,,0.201320616
mode_invent,recall,1,center,302,-1.697684364,-8.365114025,,0.2018913909
mode_invent,recall,1,center,303,-8.599857114,-0.8642121147,,0.1524588965
mode_invent,recall,1,center,304,5.744984994,-0.3348734821,,0.8006624325
mode_invent,recall,1,center,305,-7.102695712,0.3809977219,,0.2944955167
mode_invent,recall,1,center,306,7.39905339,-0.01487597165,,0.3676455726
mode_invent,recall,1,center,307,-4.900054169,-8.417272112,,1.114727328
mode_invent,recall,1,center,308,5.532317703,6.200054397,,0.2018503154
mode_invent,recall,1,center,309,0.6821286252,-6.299269793,,0.5504924767
mode_invent,recall,1,center,310,-4.52180857,5.969417084,,0.2022825743
mode_invent,recall,1,center,311,-13.69802399,0.786945348,,0.3354460281
mode_invent,recall,1,center,312,-8.539326995,-0.04018805494,,0.08410930055
mode_invent,recall,1,center,313,-4.750615246,7.614299464,,0.6193325763
mode_invent,recall,1,center,314,-8.159267306,-0.04840068933,,0.3801484112
mode_invent,recall,1,center,315,5.855334443,-4.313650555,,0.2261196258
mode_invent,recall,1,center,316,5.626540946,-4.187495213,,0.1538866293
mode_invent,recall,1,center,317,7.033342783,-0.1860362957,,0.1829706055
mode_invent,recall,1,center,318,5.458689093,-4.870348525,,0.152457045
mode_invent,recall,1,center,319,-4.611593873,4.147409891,,0.5446250126
mode_invent,recall,1,center,320,-8.915117626,0.3368524788,,0.4475863866
mode_invent,recall,1,center,321,-14.65869365,-1.522427776,,0.2020195763
mode_invent,recall,1,center,322,1.038479972,-7.506029916,,0.2616826233
mode_invent,recall,1,center,323,8.493177497,-0.4754457164,,0.2942135883
mode_invent,recall,1,center,324,1.028938452,7.760040004,,0.2396296066
mode_invent,recall,1,center,325,1.096435278,7.088334849,,0.1401816829
mode_invent,recall,1,center,326,-0.8541354477,-7.795336789,,0.1504754163
mode_invent,recall,1,center,327,4.954522104,-4.981403184,,0.25143691
mode_invent,recall,1,center,328,-7.739912256,-0.9229712179,,0.1548550694
mode_invent,recall,1,center,329,-13.9271344,-0.3512776882,,0.1718189538
mode_invent,recall,1,center,330,-4.74102142,5.024301266,,0.2035635117
mode_invent,recall,1,center,331,7.560826905,1.211236905,,0.09878929318
mode_invent,recall,1,center,332,-5.761406611,1.999008664,,1.527711499
mode_invent,recall,1,center,333,0.06322301166,8.218854707,,0.3134833484
mode_invent,recall,1,center,334,15.53345866,-0.1244348062,,0.06413488304
mode_invent,recall,1,center,335,-0.9763491371,-7.883124403,,0.1504754163
mode_invent,recall,1,center,336,0.4515167805,7.170850382,,0.3219668235
mode_invent,recall,1,center,337,-7.303085391,-7.093583764,,0.5814535764
mode_invent,recall,1,center,338,8.665429284,-0.7583765163,,0.08217373641
mode_invent,recall,1,center,339,13.85865291,0.2125586843,,0.2029664418
mode_invent,recall,1,center,340,-7.380859121,-0.3349027987,,0.1377719941
mode_invent,recall,1,center,341,6.15556995,4.766793957,,0.1046959396
mode_invent,recall,1,center,342,-0.3617140257,6.975584412,,0.09856352594
mode_invent,recall,1,center,343,15.13176722,-0.02708322807,,0.4133199094
mode_invent,recall,1,center,344,4.917546762,5.304482451,,0.02227467339
mode_invent,recall,1,center,345,-5.87858273,-4.956334458,,0.2513860311
mode_invent,recall,1,center,346,4.061218071,-6.694060091,,0.3645271091
mode_invent,recall,1,center,347,-6.034961501,-3.124548417,,0.5935203096
mode_invent,recall,1,center,348,-4.701175357,-5.768305929,,0.4082096629
mode_invent,recall,1,center,349,-7.288000418,2.05743617,,0.2797644672
mode_invent,recall,1,center,350,7.766256073,-0.3664133441,,0.1704183911
mode_invent,recall,1,center,351,6.868797793,-5.162678751,,0.07332207747
mode_invent,recall,1,center,352,6.328187405,5.14863185,,0.2343496488
mode_invent,recall,1,center,353,7.581057382,7.366445051,,0.3209209527
mode_invent,recall,1,center,354,-5.090906461,6.341144088,,0.2025631679
mode_invent,recall,1,center,355,3.629593377,-5.019144456,,0.3053215545
mode_invent,recall,1,center,356,-5.850962837,-5.222948544,,0.2375405116
mode_invent,recall,1,center,357,6.339313661,-5.998146018,,0.2430993507
mode_invent,recall,1,center,358,-7.34733605,-5.288979684,,0.2188285799
mode_invent,recall,1,center,359,4.915470597,5.326660157,,0.02227467339
mode_invent,recall,1,center,360,5.052344405,-5.998428505,,0.09569193578
mode_invent,recall,1,center,361,5.690479043,1.216947127,,1.037234283
mode_invent,recall,1,center,362,0.2533461023,-6.888600737,,0.2904064626
mode_invent,recall,1,center,363,7.636696079,-5.634261127,,0.8455275997
mode_invent,recall,1,center,364,-1.802436256,-8.89388685,,0.497307459
mode_invent,recall,1,center,365,-6.86375873,5.154979606,,0.3499687744
mode_invent,recall,1,center,366,-7.920352022,-2.002187267,,0.3413797728
mode_invent,recall,1,center,367,5.999329743,-7.167210903,,0.1358205741
mode_invent,recall,1,center,368,-7.702634737,-0.1094911452,,0.1477168893
mode_invent,recall,1,center,369,-5.970485489,5.583811194,,0.2574480501
mode_invent,recall,1,center,370,-6.196632265,-6.269325693,,0.288954222
mode_invent,recall,1,center,371,3.974097859,-5.686481564,,0.2633570222
mode_invent,recall,1,center,372,1.845533711,-6.019504937,,1.196570001
mode_invent,recall,1,center,373,1.321817597,8.705801601,,0.389148304
mode_invent,recall,1,center,374,13.32351988,1.442750788,,0.4338707754
mode_invent,recall,1,center,375,13.94387245,-0.06887550976,,0.2179765322
mode_invent,recall,1,center,376,-14.29122713,0.09196189902,,0.1933423007
mode_invent,recall,1,center,377,5.221639348,5.57307208,,0.1496738871
mode_invent,recall,1,center,378,4.572255141,-6.030517954,,0.3007996192
mode_invent,recall,1,center,379,2.28055647,-8.069594028,,0.2984889752
mode_invent,recall,1,center,380,-0.2386605648,-7.467625721,,0.2173912256
mode_invent,recall,1,center,381,14.70812182,-1.113768859,,0.06169317141
mode_invent,recall,1,center,382,7.792841217,0.9182758409,,0.1884890162
mode_invent,recall,1,center,383,5.926691879,-5.534900206,,0.2975996446
mode_invent,recall,1,center,384,9.554017669,-0.6777727596,,0.2772429181
mode_invent,recall,1,center,385,0.08274589511,7.479941335,,0.2991197597
mode_invent,recall,1,center,386,1.490308229,-9.951860399,,0.504713544
mode_invent,recall,1,center,387,-14.6701417,-0.529156966,,0.2039201516
mode_invent,recall,1,center,388,0.6635396232,8.606275476,,0.1440091649
mode_invent,recall,1,center,389,1.39519426,6.425967158,,0.04523064523
mode_invent,recall,1,center,390,-7.249524991,-0.2932798643,,0.1377719941
mode_invent,recall,1,center,391,-0.6656252373,8.539568533,,0.4981828322
mode_invent,recall,1,center,392,-6.576993832,3.579940954,,0.8054299278
mode_invent,recall,1,center,393,-8.370218489,-1.497770852,,0.08522840919
mode_invent,recall,1,center,394,-14.64891582,0.3715547638,,0.4410001376
mode_invent,recall,1,center,395,-5.344854504,-4.069954801,,0.1662069056
mode_invent,recall,1,center,396,-0.1996547469,6.466668409,,0.1835410224
mode_invent,recall,1,center,397,-6.412951106,4.737470025,,0.3049664108
mode_invent,recall,1,center,398,-15.21782516,0.435367195,,0.5107472523
mode_invent,recall,1,center,399,-6.302086587,-7.634227066,,0.2095541845
mode_invent,recall,1,center,400,14.6969228,-0.1114265687,,0.3154852676
mode_invent,recall,1,center,401,-5.300016971,-5.551132705,,0.2871468374
mode_invent,recall,1,center,402,6.288508984,-5.618835502,,0.1366286828
mode_invent,recall,1,center,403,6.893056733,-5.23187146,,0.07332207747
mode_invent,recall,1,center,404,0.3920676234,8.409866918,,0.195498069
mode_invent,recall,1,center,405,4.200216507,-5.821490001,,0.1875428039
mode_invent,recall,1,center,406,5.39753776,-5.449307528,,0.08904102317
mode_invent,recall,1,center,407,6.641305836,1.634114777,,0.4543722569
mode_invent,recall,1,center,408,5.761242914,4.445536709,,0.06157795374
mode_invent,recall,1,center,409,-9.708886964,-0.2812872937,,0.2425204907
mode_invent,recall,1,center,410,-0.08967541293,-8.718292086,,0.08430149967
mode_invent,recall,1,center,411,8.092113828,-0.6411757672,,0.1861735119
mode_invent,recall,1,center,412,0.5516582517,-8.724541818,,0.3680977775
mode_invent,recall,1,center,413,5.618354024,-4.678015076,,0.2482192517
mode_invent,recall,1,center,414,2.571668883,6.992356807,,0.3517353035
mode_invent,recall,1,center,415,7.53549223,-0.8398356978,,0.1709412886
mode_invent,recall,1,center,416,-7.215671678,-1.148099306,,0.2676635126
mode_invent,recall,1,center,417,5.172497204,-5.686455533,,0.2552202426
mode_invent,recall,1,center,418,4.67817571,4.699529207,,0.3071898399
mode_invent,recall,1,center,419,-6.132477138,-7.75729449,,0.2095541845
mode_invent,recall,1,center,420,-1.445478217,7.586965912,,0.08013282139
mode_invent,recall,1,center,421,8.148230636,-0.185759986,,0.11733437
mode_invent,recall,1,center,422,12.22603131,-0.4637862918,,0.5893803135
mode_invent,recall,1,center,423,0.7984376405,8.555865512,,0.1440091649
mode_invent,recall,1,center,424,5.578106388,-6.544224125,,0.340676623
mode_invent,recall,1,center,425,6.28807062,-6.235783231,,0.2430993507
mode_invent,recall,1,center,426,-6.826102652,-6.459040485,,0.2542219883
mode_invent,recall,1,center,427,-6.551654708,0.2201800382,,0.2842235104
mode_invent,recall,1,center,428,9.159247053,-0.4793363133,,0.05213919746
mode_invent,recall,1,center,429,6.595003589,-6.258358293,,0.1745946942
mode_invent,recall,1,center,430,7.842572631,2.48635026,,1.305869335
mode_invent,recall,1,center,431,-4.889705617,-6.158024625,,0.08794755092
mode_invent,recall,1,center,432,-0.08481903903,-7.673776579,,0.08365062611
mode_invent,recall,1,center,433,9.21045759,-0.4891330917,,0.05213919746
mode_invent,recall,1,center,434,3.915535165,5.377212436,,0.4351628887
mode_invent,recall,1,center,435,0.01538545716,-7.890462031,,0.0866733931
mode_invent,recall,1,center,436,1.316690136,8.316687078,,0.2447955131
mode_invent,recall,1,center,437,14.81291697,-1.101113694,,0.1055565093
mode_invent,recall,1,center,438,0.8679014884,10.09621983,,1.062027217
mode_invent,recall,1,center,439,-4.883944959,-5.40329853,,0.2755104896
mode_invent,recall,1,center,440,-5.502866061,-3.86971201,,0.1233872736
mode_invent,recall,1,center,441,-14.92718148,-0.111102358,,0.1997240755
mode_invent,recall,1,center,442,0.4602075929,8.744001108,,0.2455855536
mode_invent,recall,1,center,443,-8.437327906,0.3073213947,,0.3621693413
mode_invent,recall,1,center,444,5.378932768,-5.536383117,,0.05791761012
mode_invent,recall,1,center,445,-0.1320915404,-9.141593678,,0.2248253487
mode_invent,recall,1,center,446,-14.02111359,0.8771515221,,0.04588116649
mode_invent,recall,1,center,447,4.689835958,5.415762501,,0.2425906389
mode_invent,recall,1,center,448,14.66478006,-1.069865107,,0.06169317141
mode_invent,recall,1,center,449,8.182638338,-1.060129819,,0.1703239388
mode_invent,recall,1,center,450,-4.522223749,-3.344032868,,1.03195521
mode_invent,recall,1,center,451,2.022255284,-8.219180678,,0.1901439997
mode_invent,recall,1,center,452,6.397053378,-5.535856521,,0.1366286828
mode_invent,recall,1,center,453,5.758960146,-4.109097189,,0.1538866293
mode_invent,recall,1,center,454,-9.319179576,1.055294597,,0.5483783212
mode_invent,recall,1,center,455,-5.705830245,-4.248313629,,0.4026355139
mode_invent,recall,1,center,456,0.1872333689,-8.672671995,,0.1904111793
mode_invent,recall,1,center,457,0.2771403768,-7.264032905,,0.3504611063
mode_invent,recall,1,center,458,-5.621090575,6.144892526,,0.169713207
mode_invent,recall,1,center,459,5.135179074,3.522970349,,0.23475583
mode_invent,recall,1,center,460,0.9000235838,8.699159736,,0.1756500457
mode_invent,recall,1,center,461,14.14817838,0.06841056221,,0.2461470745
mode_invent,recall,1,center,462,6.693150019,-6.113960975,,0.1745946942
mode_invent,recall,1,center,463,-14.70653407,-0.1885498695,,0.138666997
mode_invent,recall,1,center,464,-6.810902811,-1.387112904,,0.470069501
mode_invent,recall,1,center,465,6.848684242,-6.296107104,,0.239516402
mode_invent,recall,1,center,466,6.8992565,1.260061836,,0.4543722569
mode_invent,recall,1,center,467,7.903109905,-1.300234364,,0.2116496939
mode_invent,recall,1,center,468,13.64126694,0.9310524309,,0.6023274908
mode_invent,recall,1,center,469,1.192074193,-8.427098682,,0.09822128994
mode_invent,recall,1,center,470,6.063175009,-4.942769617,,0.3446578469
mode_invent,recall,1,center,471,5.012227756,6.011890325,,0.1691730827
mode_invent,recall,1,center,472,5.624976335,-6.19287866,,0.133083029
mode_invent,recall,1,center,473,-0.4921479354,-7.932965518,,0.09013995454
mode_invent,recall,1,center,474,0.02985348696,-8.565489953,,0.1904111793
mode_invent,recall,1,center,475,7.574054892,1.113337238,,0.09731860627
mode_invent,recall,1,center,476,-7.786172865,0.8850943666,,0.3083959608
mode_invent,recall,1,center,477,-6.798177768,0.5888422596,,0.09509967105
mode_invent,recall,1,center,478,2.270886313,7.174695968,,0.3517353035
mode_invent,recall,1,center,479,6.465263843,5.338710276,,0.2343496488
mode_invent,recall,1,query,0,-7.69528292,-1.039984106,True,
mode_invent,recall,1,query,1,0.7504511958,-7.059435284,True,
mode_invent,recall,1,query,2,-7.607889438,4.354674743,False,
mode_invent,recall,1,query,3,5.784694653,-5.973096842,False,
mode_invent,recall,1,query,4,-8.016801158,-0.8530439276,True,
mode_invent,recall,1,query,5,6.536252224,-4.879062314,True,
mode_invent,recall,1,query,6,-7.933969302,1.127241207,True,
mode_invent,recall,1,query,7,0.4675093423,-8.859292463,True,
mode_invent,recall,1,query,8,6.025605034,-6.61573685,False,
mode_invent,recall,1,query,9,0.8784503013,-8.049925911,False,
mode_invent,recall,1,query,10,-5.841716613,-6.337783794,True,
mode_invent,recall,1,query,11,6.879395588,-5.811383732,True,
mode_invent,recall,1,query,12,5.228526427,-6.0089878,True,
mode_invent,recall,1,query,13,8.532309186,0.3654440644,True,
mode_invent,recall,1,query,14,-7.587267388,0.430821003,False,
mode_invent,recall,1,query,15,-3.515206649,-6.063269266,False,
mode_invent,recall,1,query,16,5.14461152,4.843081521,True,
mode_invent,recall,1,query,17,6.272833672,-4.527881957,True,
mode_invent,recall,1,query,18,-0.1139474577,-8.840156477,True,
mode_invent,recall,1,query,19,-8.824481216,0.6505927878,True,
mode_invent,recall,1,query,20,-4.913600078,6.200008518,False,
mode_invent,recall,1,query,21,-0.6655097073,-7.767838677,False,
mode_invent,recall,1,query,22,0.1166858091,-7.781311403,True,
mode_invent,recall,1,query,23,-4.785425472,5.880449798,True,
mode_invent,recall,1,query,24,6.335767813,5.724433319,False,
mode_invent,recall,1,query,25,-5.367734851,6.288142475,True,
mode_invent,recall,1,query,26,-7.114010069,-5.976525466,True,
mode_invent,recall,1,query,27,5.186481595,-6.295732098,True,
mode_invent,recall,1,query,28,7.724857749,1.494941311,True,
mode_invent,recall,1,query,29,4.791023134,6.625132604,False,
mode_invent,recall,1,query,30,3.973984478,-5.991739279,False,
mode_invent,recall,1,query,31,-5.494101184,-5.070631918,False,
mode_invent,recall,1,query,32,-4.94562767,6.450201485,True,
mode_invent,recall,1,query,33,-6.005579322,5.194502457,True,
mode_invent,recall,1,query,34,-4.798878368,5.465549925,False,
mode_invent,recall,1,query,35,-1.275686323,-9.133287214,True,
mode_invent,recall,1,query,36,4.737401963,-5.159693505,False,
mode_invent,recall,1,query,37,-5.514428513,6.347339604,False,
mode_invent,recall,1,query,38,-6.084106896,-5.498314558,False,
mode_invent,recall,1,query,39,-7.374409606,-0.3093465397,True,
mode_invent,recall,1,query,40,6.113629487,4.994928308,True,
mode_invent,recall,1,query,41,-6.019908096,-6.038592143,True,
mode_invent,recall,1,query,42,-6.852693895,-5.169881769,True,
mode_invent,recall,1,query,43,7.53059766,0.01249411873,True,
mode_invent,recall,1,query,44,6.137600908,-5.210323073,True,
mode_invent,recall,1,query,45,-4.991469141,-5.755339734,True,
mode_invent,recall,1,query,46,-0.423298312,-8.079718211,False,
mode_invent,recall,1,query,47,3.969519816,4.209741777,True,
mode_invent,recall,1,query,48,4.334154637,4.659607422,True,
mode_invent,recall,1,query,49,0.3997742267,-8.905479055,True,
mode_invent,recall,1,query,50,5.278691695,-4.357625952,True,
mode_invent,recall,1,query,51,-8.356263971,0.7375155685,False,
mode_invent,recall,1,query,52,4.723236569,5.451416692,True,
mode_invent,recall,1,query,53,-0.9500220549,-8.339033076,False,
mode_invent,recall,1,query,54,-4.816546112,-7.384174673,True,
mode_invent,recall,1,query,55,-5.222430606,-5.419118647,True,
mode_invent,recall,1,query,56,-8.594149956,-1.446057854,False,
mode_invent,recall,1,query,57,0.07212950771,7.470507291,True,
mode_invent,recall,1,query,58,5.889530461,5.678706395,True,
mode_invent,recall,1,query,59,7.258633141,-5.896209877,True,
mode_invent,recall,1,query,60,-6.680351742,5.836129884,False,
mode_invent,recall,1,query,61,5.876850933,-4.297666674,True,
mode_invent,recall,1,query,62,6.491965495,6.013725309,False,
mode_invent,recall,1,query,63,-4.193551358,-6.845617304,True,
mode_invent,recall,1,query,64,7.360248467,-0.9265759414,True,
mode_invent,recall,1,query,65,7.610190197,-1.376686148,True,
mode_invent,recall,1,query,66,6.292005196,5.434631552,True,
mode_invent,recall,1,query,67,-1.470806295,-9.015579081,True,
mode_invent,recall,1,query,68,0.3135138475,8.838126568,True,
mode_invent,recall,1,query,69,9.996730892,2.913862466,False,
mode_invent,recall,1,query,70,0.4144094333,7.01046188,True,
mode_invent,recall,1,query,71,-10.13204628,0.2677114623,True,
mode_invent,recall,1,query,72,-0.8129410953,-8.41535726,False,
mode_invent,recall,1,query,73,5.04475745,-5.797645136,True,
mode_invent,recall,1,query,74,6.72283448,-5.499805682,False,
mode_invent,recall,1,query,75,5.498219412,4.621200497,False,
mode_invent,recall,1,query,76,-1.674682945,7.513692091,False,
mode_invent,recall,1,query,77,5.603071699,-3.888924336,False,
mode_invent,recall,1,query,78,-5.526579728,-4.674114738,False,
mode_invent,recall,1,query,79,-6.156149848,4.471910483,False,
mode_invent,recall,1,query,80,7.034883238,-0.7252260645,False,
mode_invent,recall,1,query,81,2.128469732,-8.821386679,True,
mode_invent,recall,1,query,82,-4.818365046,4.753927071,True,
mode_invent,recall,1,query,83,-7.068426987,0.3849509661,True,
mode_invent,recall,1,query,84,-8.156637898,-0.04076252614,True,
mode_invent,recall,1,query,85,-0.6547876954,8.446072201,True,
mode_invent,recall,1,query,86,-6.11183773,-6.882460013,True,
mode_invent,recall,1,query,87,6.722062426,0.1725879177,True,
mode_invent,recall,1,query,88,9.579091256,0.1599916136,False,
mode_invent,recall,1,query,89,-5.775492576,5.942680389,True,
mode_invent,recall,1,query,90,-4.350852508,-5.437471748,False,
mode_invent,recall,1,query,91,7.589072769,1.10628871,True,
mode_invent,recall,1,query,92,8.428756438,1.535755992,True,
mode_invent,recall,1,query,93,-7.816765563,-1.224469032,True,
mode_invent,recall,1,query,94,-7.025013449,-4.005926317,False,
mode_invent,recall,1,query,95,9.723665721,-0.1795192133,False,
mode_invent,recall,1,query,96,-6.040041571,7.118298542,True,
mode_invent,recall,1,query,97,-9.107045682,-0.894727019,True,
mode_invent,recall,1,query,98,6.300181044,5.262249127,True,
mode_invent,recall,1,query,99,-0.00512186672,7.836557101,True,
mode_invent,recall,1,query,100,0.3375745488,9.407481861,True,
mode_invent,recall,1,query,101,0.0905849069,8.643938793,True,
mode_invent,recall,1,query,102,5.949827899,-0.04871840193,True,
mode_invent,recall,1,query,103,-0.8432302703,6.78118694,True,
mode_invent,recall,1,query,104,-8.878152367,-0.3341234407,False,
mode_invent,recall,1,query,105,0.9159025424,6.673607282,True,
mode_invent,recall,1,query,106,5.687485742,-6.141023683,True,
mode_invent,recall,1,query,107,-8.327673094,1.002757825,False,
mode_invent,recall,1,query,108,-7.461884563,1.337398107,False,
mode_invent,recall,1,query,109,-0.1545056792,7.304057388,True,
mode_invent,recall,1,query,110,-0.2238588169,-7.757503209,False,
mode_invent,recall,1,query,111,8.176573358,-1.084388072,True,
mode_invent,recall,1,query,112,-5.566364468,5.88508258,True,
mode_invent,recall,1,query,113,2.517474038,9.876844611,False,
mode_invent,recall,1,query,114,-8.853243351,-0.2873833615,False,
mode_invent,recall,1,query,115,-1.463442002,-8.590707014,True,
mode_invent,recall,1,query,116,-7.684394996,1.205853621,False,
mode_invent,recall,1,query,117,-0.7290838377,7.34585356,True,
mode_invent,recall,1,query,118,-7.804143279,-5.81952017,True,
mode_invent,recall,1,query,119,-6.719268661,5.127414822,True,
mode_invent,recall,1,query,120,-0.8768607782,7.905737446,False,
mode_invent,recall,1,query,121,6.242271609,-1.467045245,False,
mode_invent,recall,1,query,122,2.129247112,-9.287422581,True,
mode_invent,recall,1,query,123,-9.096785578,1.836913528,False,
mode_invent,recall,1,query,124,8.561921419,4.485287621,True,
mode_invent,recall,1,query,125,7.631751043,0.3415555509,False,
mode_invent,recall,1,query,126,1.728697644,-8.986857078,True,
mode_invent,recall,1,query,127,-0.2452778459,-7.222662424,True,
mode_invent,recall,1,query,128,8.434766074,-0.3761560712,True,
mode_invent,recall,1,query,129,-8.133822965,-1.374895808,False,
mode_invent,recall,1,query,130,-0.238173744,7.73361251,False,
mode_invent,recall,1,query,131,5.889024139,-6.212181468,False,
mode_invent,recall,1,query,132,-5.185315727,-4.644138432,False,
mode_invent,recall,1,query,133,5.812283577,6.008610658,False,
mode_invent,recall,1,query,134,-5.603698902,5.656938643,True,
mode_invent,recall,1,query,135,4.935296216,-5.340359988,False,
mode_invent,recall,1,query,136,5.559567651,-3.563685941,False,
mode_invent,recall,1,query,137,-4.083499347,-5.271007697,False,
mode_invent,recall,1,query,138,4.89379704,-6.769265721,False,
mode_invent,recall,1,query,139,6.847997203,5.919603475,True,
mode_invent,recall,1,query,140,6.136997653,3.912268263,False,
mode_invent,recall,1,query,141,-7.072561518,0.4544203382,True,
mode_invent,recall,1,query,142,4.546423565,5.185329442,True,
mode_invent,recall,1,query,143,-7.736282796,0.05246679836,False,
mode_invent,recall,1,query,144,5.364683064,-5.760342518,True,
mode_invent,recall,1,query,145,-5.908831628,-5.504291737,False,
mode_invent,recall,1,query,146,-6.528508027,-2.566658441,False,
mode_invent,recall,1,query,147,-5.893704514,5.833366671,False,
mode_invent,recall,1,query,148,5.952848239,5.284939668,True,
mode_invent,recall,1,query,149,-1.756721782,-7.672004516,True,
mode_invent,recall,1,query,150,9.727350214,-1.533861405,False,
mode_invent,recall,1,query,151,0.8638280137,-8.328525223,False,
mode_invent,recall,1,query,152,-0.06132434583,6.947101489,True,
mode_invent,recall,1,query,153,-5.991310422,-4.356809655,True,
mode_invent,recall,1,query,154,-7.417344758,1.732311605,True,
mode_invent,recall,1,query,155,1.177411889,8.439086679,True,
mode_invent,recall,1,query,156,7.400788776,-5.217861091,True,
mode_invent,recall,1,query,157,8.827988177,-0.2965709535,True,
mode_invent,recall,1,query,158,0.06654581586,-8.697423823,True,
mode_invent,recall,1,query,159,8.989583935,-1.178303623,True,
mode_invent,recall,1,query,160,0.7823503424,7.809348942,True,
mode_invent,recall,1,query,161,-4.485607156,-4.905985261,False,
mode_invent,recall,1,query,162,-3.836208092,6.387628941,False,
mode_invent,recall,1,query,163,-7.228894505,5.589901077,True,
mode_invent,recall,1,query,164,6.827992807,-0.5182798424,False,
mode_invent,recall,1,query,165,9.511228433,0.6375338109,False,
mode_invent,recall,1,query,166,-6.355784678,4.643136883,True,
mode_invent,recall,1,query,167,-5.624072157,4.4402941,True,
mode_invent,recall,1,query,168,4.985713972,5.968863721,True,
mode_invent,recall,1,query,169,1.155312036,-7.391238528,True,
mode_invent,recall,1,query,170,5.708710491,0.304366729,True,
mode_invent,recall,1,query,171,-7.927966427,0.4138902854,True,
mode_invent,recall,1,query,172,-4.040644568,-7.720092526,True,
mode_invent,recall,1,query,173,-6.247957675,6.247760572,True,
mode_invent,recall,1,query,174,6.418405601,1.475949048,True,
mode_invent,recall,1,query,175,0.3683566127,8.846583986,True,
mode_invent,recall,1,query,176,-0.5709436615,-7.18623631,False,
mode_invent,recall,1,query,177,-4.588382694,-5.423976229,True,
mode_invent,recall,1,query,178,5.891255142,5.927197489,False,
mode_invent,recall,1,query,179,-6.520199514,5.509325569,False,
mode_invent,recall,1,query,180,7.847477468,0.3833938644,True,
mode_invent,recall,1,query,181,0.9998242469,-9.058536082,True,
mode_invent,recall,1,query,182,-5.78186328,-4.175398702,True,
mode_invent,recall,1,query,183,7.256411771,-0.8222500173,True,
mode_invent,recall,1,query,184,8.202306192,0.8443851905,False,
mode_invent,recall,1,query,185,5.668280305,-4.327893659,True,
mode_invent,recall,1,query,186,0.8567939826,-7.158179933,True,
mode_invent,recall,1,query,187,6.210970751,-3.329201149,False,
mode_invent,recall,1,query,188,5.451692561,-7.660376542,False,
mode_invent,recall,1,query,189,-4.052599888,5.199154819,True,
mode_invent,recall,1,query,190,5.764734694,6.966404934,False,
mode_invent,recall,1,query,191,4.054594708,-6.908501464,True,
mode_invent,recall,1,query,192,-7.258132187,-6.45099054,True,
mode_invent,recall,1,query,193,6.096490856,6.181042092,False,
mode_invent,recall,1,query,194,8.276274179,-1.412765884,True,
mode_invent,recall,1,query,195,-7.966957686,5.711207835,True,
mode_invent,recall,1,query,196,-8.471776034,0.4593857717,True,
mode_invent,recall,1,query,197,0.7019536262,-7.861758568,True,
mode_invent,recall,1,query,198,6.416987335,-5.427642875,True,
mode_invent,recall,1,query,199,6.186918955,4.952180987,True,
mode_invent,recall,1,query,200,5.477242836,-5.460078153,True,
mode_invent,recall,1,query,201,0.8205284754,7.606258828,False,
mode_invent,recall,1,query,202,8.521167256,-0.2658387919,True,
mode_invent,recall,1,query,203,-5.774396417,6.486373292,True,
mode_invent,recall,1,query,204,-1.993060371,-9.296472328,True,
mode_invent,recall,1,query,205,4.174668852,3.32323813,True,
mode_invent,recall,1,query,206,4.978589809,6.406288149,False,
mode_invent,recall,1,query,207,5.371970183,-5.459064168,True,
mode_invent,recall,1,query,208,9.089217497,1.327686132,False,
mode_invent,recall,1,query,209,5.587716315,7.010440139,False,
mode_invent,recall,1,query,210,8.092126658,-0.8373982238,True,
mode_invent,recall,1,query,211,7.405599648,-1.480536513,True,
mode_invent,recall,1,query,212,-8.888133854,-0.3580166881,False,
mode_invent,recall,1,query,213,6.460439269,-3.936084418,True,
mode_invent,recall,1,query,214,6.617818485,0.3928274683,True,
mode_invent,recall,1,query,215,-9.040543939,0.4746970885,True,
mode_invent,recall,1,query,216,-5.7879409,3.825948424,True,
mode_invent,recall,1,query,217,-4.728557258,-6.261854962,True,
mode_invent,recall,1,query,218,-0.5339002384,-9.069752411,False,
mode_invent,recall,1,query,219,5.002570973,-5.228963809,False,
mode_invent,recall,1,query,220,-8.189244341,0.3286620023,True,
mode_invent,recall,1,query,221,6.018776103,6.977515905,False,
mode_invent,recall,1,query,222,5.314068099,-7.133712066,False,
mode_invent,recall,1,query,223,1.067222417,7.668511828,True,
mode_invent,recall,1,query,224,1.114592445,-7.616622887,True,
mode_invent,recall,1,query,225,7.86886247,0.348775894,True,
mode_invent,recall,1,query,226,-3.705841689,7.733834779,False,
mode_invent,recall,1,query,227,5.726235385,5.817044843,False,
mode_invent,recall,1,query,228,-4.580614092,-6.502515282,True,
mode_invent,recall,1,query,229,0.3330703726,-8.025862848,True,
mode_invent,recall,1,query,230,0.3139082115,-8.833368806,True,
mode_invent,recall,1,query,231,-7.246421743,-7.729837685,True,
mode_invent,recall,1,query,232,6.882615887,-0.4586752849,False,
mode_invent,recall,1,query,233,-0.2931915866,-6.062768838,False,
mode_invent,recall,1,query,234,9.10599337,-0.9620911163,True,
mode_invent,recall,1,query,235,8.347708452,-0.4070782364,True,
mode_invent,recall,1,query,236,-5.941218088,-5.4715286,False,
mode_invent,recall,1,query,237,6.276025366,5.317595766,True,
mode_invent,recall,1,query,238,1.063851533,6.858061774,False,
mode_invent,recall,1,query,239,-5.650515187,8.254527976,False,
mode_invent,recall,1,query,240,8.223079743,1.433214507,True,
mode_invent,recall,1,query,241,-5.565334071,-5.076077154,False,
mode_invent,recall,1,query,242,5.600071055,5.486446668,True,
mode_invent,recall,1,query,243,-6.436336646,6.087155608,True,
mode_invent,recall,1,query,244,-8.851537189,0.6655852363,True,
mode_invent,recall,1,query,245,6.742141254,6.023385657,True,
mode_invent,recall,1,query,246,-5.943102983,-5.20288867,True,
mode_invent,recall,1,query,247,-8.308673056,0.9355471255,False,
mode_invent,recall,1,query,248,-7.488260334,5.321246881,True,
mode_invent,recall,1,query,249,3.666042254,4.161793419,True,
mode_invent,recall,1,query,250,9.36386223,0.895184982,False,
mode_invent,recall,1,query,251,4.937374016,4.154350793,False,
mode_invent,recall,1,query,252,-2.964528838,7.456504492,False,
mode_invent,recall,1,query,253,2.420415012,8.434884271,False,
mode_invent,recall,1,query,254,-8.559572286,0.4650802095,True,
mode_invent,recall,1,query,255,4.095895896,5.359530887,True,
mode_invent,recall,1,query,256,5.756331723,5.570753598,True,
mode_invent,recall,1,query,257,6.447660371,6.001499476,False,
mode_invent,recall,1,query,258,-7.331673982,-0.6883722822,False,
mode_invent,recall,1,query,259,0.8978154084,-6.371063052,True,
mode_invent,recall,1,query,260,-0.9701495197,7.112304344,True,
mode_invent,recall,1,query,261,9.335784336,-0.1913439867,False,
mode_invent,recall,1,query,262,-4.253032857,-6.099389961,True,
mode_invent,recall,1,query,263,1.455045576,8.131485817,True,
mode_invent,recall,1,query,264,0.2582288233,-6.435281978,True,
mode_invent,recall,1,query,265,-8.361770477,-0.9411220959,True,
mode_invent,recall,1,query,266,-8.448564208,0.4523339506,True,
mode_invent,recall,1,query,267,-7.222613322,-5.019383347,True,
mode_invent,recall,1,query,268,-0.5387713176,9.147812661,True,
mode_invent,recall,1,query,269,-2.394260305,-8.786565775,False,
mode_invent,recall,1,query,270,-1.686468151,-8.826229466,True,
mode_invent,recall,1,query,271,-5.409188348,-5.836080875,True,
mode_invent,recall,1,query,272,-0.2533775689,-8.159184871,True,
mode_invent,recall,1,query,273,-5.453466009,4.648318208,True,
mode_invent,recall,1,query,274,-4.950004609,6.31952022,True,
mode_invent,recall,1,query,275,8.385037938,0.5565334428,True,
mode_invent,recall,1,query,276,-7.703581999,2.035073303,True,
mode_invent,recall,1,query,277,-5.743948421,-5.963937468,True,
mode_invent,recall,1,query,278,-6.41038183,-6.68911692,True,
mode_invent,recall,1,query,279,-9.244471788,-0.8887973132,True,
mode_invent,recall,1,query,280,-5.727534631,5.991149378,True,
mode_invent,recall,1,query,281,-5.605712191,4.891318972,False,
mode_invent,recall,1,query,282,-4.756669685,6.396266922,False,
mode_invent,recall,1,query,283,5.497205942,5.003938105,True,
mode_invent,recall,1,query,284,-5.108426329,-5.468880662,True,
mode_invent,recall,1,query,285,4.20872699,5.588873994,True,
mode_invent,recall,1,query,286,-7.737964188,-0.8996947865,True,
mode_invent,recall,1,query,287,5.846697642,4.202031764,False,
mode_invent,recall,1,query,288,6.99304035,6.904804235,False,
mode_invent,recall,1,query,289,-5.909371584,6.020308587,False,
mode_invent,recall,1,query,290,5.590078034,-1.15634766,False,
mode_invent,recall,1,query,291,5.363075329,-6.728987271,True,
mode_invent,recall,1,query,292,0.7143964826,-6.002703469,True,
mode_invent,recall,1,query,293,-1.176614719,7.162536596,True,
mode_invent,recall,1,query,294,-5.421405881,7.267970398,True,
mode_invent,recall,1,query,295,-1.222374313,8.249036122,True,
mode_invent,recall,1,query,296,-3.835555399,-7.308613398,False,
mode_invent,recall,1,query,297,6.718930793,-0.4236066065,False,
mode_invent,recall,1,query,298,-0.5205884129,8.812601288,True,
mode_invent,recall,1,query,299,-7.75834028,-1.77496206,True,
mode_invent,recall,1,query,300,-5.141443847,5.079315362,True,
mode_invent,recall,1,query,301,-6.725552783,-0.6275875364,False,
mode_invent,recall,1,query,302,-0.6366152831,8.541131611,True,
mode_invent,recall,1,query,303,-7.237073518,0.4480993639,True,
mode_invent,recall,1,query,304,6.314402683,0.5380344399,True,
mode_invent,recall,1,query,305,4.622546198,-5.421578138,False,
mode_invent,recall,1,query,306,-1.423734435,-7.553677852,True,
mode_invent,recall,1,query,307,-0.8065989043,-9.28263465,False,
mode_invent,recall,1,query,308,8.713820136,0.2416445217,True,
mode_invent,recall,1,query,309,-6.270831051,-4.2056754,True,
mode_invent,recall,1,query,310,-0.4406524216,8.032107674,True,
mode_invent,recall,1,query,311,5.925767697,5.037188315,True,
mode_invent,recall,1,query,312,6.127990543,-6.190306597,True,
mode_invent,recall,1,query,313,7.588361678,1.36264264,True,
mode_invent,recall,1,query,314,-1.040586053,5.587219669,False,
mode_invent,recall,1,query,315,-6.389063005,2.549327953,True,
mode_invent,recall,1,query,316,-0.4052692654,-9.936838041,True,
mode_invent,recall,1,query,317,-0.3104839762,-8.28622295,True,
mode_invent,recall,1,query,318,-0.189923841,-9.113388042,True,
mode_invent,recall,1,query,319,-7.420438858,0.5245073753,False,
mode_invent,recall,1,query,320,-7.151259869,6.356050981,True,
mode_invent,recall,1,query,321,7.709539231,-5.484893917,True,
mode_invent,recall,1,query,322,-5.994179412,-5.798857464,True,
mode_invent,recall,1,query,323,0.615256767,6.269328394,True,
mode_invent,recall,1,query,324,-5.492463547,-6.047318199,True,
mode_invent,recall,1,query,325,-3.809029237,-5.831026983,False,
mode_invent,recall,1,query,326,1.667887611,6.896259302,True,
mode_invent,recall,1,query,327,6.244113416,5.976254513,False,
mode_invent,recall,1,query,328,-0.8690472479,8.177396115,True,
mode_invent,recall,1,query,329,-4.444335413,5.333062545,True,
mode_invent,recall,1,query,330,6.308037351,-0.01756282648,True,
mode_invent,recall,1,query,331,-6.559277344,-5.999195188,False,
mode_invent,recall,1,query,332,-8.08158777,-1.705652216,True,
mode_invent,recall,1,query,333,6.384341661,0.4820668355,True,
mode_invent,recall,1,query,334,-8.522718696,-2.564744342,False,
mode_invent,recall,1,query,335,6.441698286,-5.384484494,True,
mode_invent,recall,1,query,336,-6.370729074,-6.973684461,True,
mode_invent,recall,1,query,337,-7.164192104,0.3493506226,True,
mode_invent,recall,1,query,338,8.039456532,6.077042848,True,
mode_invent,recall,1,query,339,6.044557391,-5.82378218,True,
mode_invent,recall,1,query,340,-4.840078382,6.281939451,False,
mode_invent,recall,1,query,341,1.251725009,7.478677081,True,
mode_invent,recall,1,query,342,-6.092261722,-6.13595742,True,
mode_invent,recall,1,query,343,6.447655971,-4.158479809,True,
mode_invent,recall,1,query,344,-0.4588404931,7.575226272,False,
mode_invent,recall,1,query,345,-7.685922776,-0.2457615,True,
mode_invent,recall,1,query,346,0.9520536531,-10.25177729,False,
mode_invent,recall,1,query,347,4.830149203,-6.439270583,False,
mode_invent,recall,1,query,348,3.336498237,-6.620492694,False,
mode_invent,recall,1,query,349,-6.572010365,-5.857958904,True,
mode_invent,recall,1,query,350,1.112965892,7.754939349,True,
mode_invent,recall,1,query,351,-1.03081372,7.943045459,True,
mode_invent,recall,1,query,352,-6.950826379,-0.9759588161,True,
mode_invent,recall,1,query,353,-0.9105748839,8.558548959,True,
mode_invent,recall,1,query,354,-8.221536116,0.6474846907,True,
mode_invent,recall,1,query,355,5.643207458,6.358517898,True,
mode_invent,recall,1,query,356,6.964921886,-0.01208465079,False,
mode_invent,recall,1,query,357,5.446164235,4.440963325,True,
mode_invent,recall,1,query,358,-1.563477948,-7.314250965,True,
mode_invent,recall,1,query,359,7.649047618,-1.022280282,True,
mode_invent,recall,1,query,360,5.560675313,6.784873107,True,
mode_invent,recall,1,query,361,-7.937592095,-7.153492939,True,
mode_invent,recall,1,query,362,4.733967808,7.118033116,False,
mode_invent,recall,1,query,363,8.282586983,0.7673172405,True,
mode_invent,recall,1,query,364,-1.140160919,-9.119535875,True,
mode_invent,recall,1,query,365,-5.209040533,5.71512858,True,
mode_invent,recall,1,query,366,0.5487388189,7.812329009,True,
mode_invent,recall,1,query,367,-7.721856274,0.1581190849,False,
mode_invent,recall,1,query,368,-7.222232611,0.8070082819,False,
mode_invent,recall,1,query,369,-7.276726244,-7.904122805,True,
mode_invent,recall,1,query,370,6.658599647,-4.469129156,True,
mode_invent,recall,1,query,371,6.97937698,-1.859835407,False,
mode_invent,recall,1,query,372,-5.557819428,-4.726016023,False,
mode_invent,recall,1,query,373,-3.859259727,-5.140556677,False,
mode_invent,recall,1,query,374,-0.3717166966,-8.893130622,False,
mode_invent,recall,1,query,375,5.668305541,-5.956118953,False,
mode_invent,recall,1,query,376,-6.671922155,7.7056099,False,
mode_invent,recall,1,query,377,-3.871685847,6.792902933,True,
mode_invent,recall,1,query,378,4.736003852,-4.801834925,False,
mode_invent,recall,1,query,379,0.6396264095,-7.557454376,True,
mode_invent,recall,1,query,380,6.906519517,-5.021483107,True,
mode_invent,recall,1,query,381,-7.259985764,0.6369062834,False,
mode_invent,recall,1,query,382,-5.316062841,3.87324312,True,
mode_invent,recall,1,query,383,5.740475327,5.100662291,True,
mode_invent,recall,1,query,384,-1.279840958,-6.318183381,False,
mode_invent,recall,1,query,385,1.728995341,9.3592206,False,
mode_invent,recall,1,query,386,5.912067666,7.00747937,False,
mode_invent,recall,1,query,387,-7.987946819,0.2027972769,True,
mode_invent,recall,1,query,388,-1.09347137,-7.603008696,True,
mode_invent,recall,1,query,389,0.06038592842,-9.302652117,True,
mode_invent,recall,1,query,390,-0.05119711182,7.920270436,True,
mode_invent,recall,1,query,391,7.454415416,-4.762640921,False,
mode_invent,recall,1,query,392,8.011445439,0.2487873098,False,
mode_invent,recall,1,query,393,0.0442123781,-8.202913985,False,
mode_invent,recall,1,query,394,-1.082427197,-8.151051878,False,
mode_invent,recall,1,query,395,-6.402952506,4.406538711,False,
mode_invent,recall,1,query,396,0.5112218145,8.39126466,True,
mode_invent,recall,1,query,397,-1.786707511,-8.122684637,False,
mode_invent,recall,1,query,398,6.652555635,6.716077988,False,
mode_invent,recall,1,query,399,1.025836843,8.038913207,True,
mode_invent,recall,1,query,400,-6.501899577,4.573155422,True,
mode_invent,recall,1,query,401,0.3446049048,8.379280034,True,
mode_invent,recall,1,query,402,-4.369523138,6.7568339,True,
mode_invent,recall,1,query,403,5.524625593,4.412648371,True,
mode_invent,recall,1,query,404,-5.975960847,-5.439623055,False,
mode_invent,recall,1,query,405,-8.202083245,-0.5778941081,True,
mode_invent,recall,1,query,406,-7.747115185,-0.5039577414,False,
mode_invent,recall,1,query,407,5.028788166,-5.345401415,False,
mode_invent,recall,1,query,408,5.254861669,5.900958638,False,
mode_invent,recall,1,query,409,-5.383650227,4.517425248,True,
mode_invent,recall,1,query,410,5.175613126,7.094631189,False,
mode_invent,recall,1,query,411,4.494774737,-7.773508698,False,
mode_invent,recall,1,query,412,3.795009096,5.685964196,True,
mode_invent,recall,1,query,413,8.030917278,-0.1176108554,False,
mode_invent,recall,1,query,414,1.214189829,-10.67283443,False,
mode_invent,recall,1,query,415,-7.604066126,1.561438202,False,
mode_invent,recall,1,query,416,-6.784635014,5.277047738,True,
mode_invent,recall,1,query,417,-0.7528919172,-8.894346046,False,
mode_invent,recall,1,query,418,5.330592244,-4.229368966,False,
mode_invent,recall,1,query,419,-6.162613325,-0.335939225,False,
mode_invent,recall,1,query,420,7.561914464,5.692430726,True,
mode_invent,recall,1,query,421,1.753691027,7.90670135,True,
mode_invent,recall,1,query,422,5.787912076,-5.291379777,True,
mode_invent,recall,1,query,423,-2.47800057,6.508139824,False,
mode_invent,recall,1,query,424,4.94958972,-4.687856379,False,
mode_invent,recall,1,query,425,-6.018686787,-6.146604432,True,
mode_invent,recall,1,query,426,-4.74825289,5.687939837,True,
mode_invent,recall,1,query,427,0.2785759145,8.013985222,True,
mode_invent,recall,1,query,428,-5.320271123,6.081820147,True,
mode_invent,recall,1,query,429,3.719887317,-4.990281581,True,
mode_invent,recall,1,query,430,4.67483483,-7.099153385,False,
mode_invent,recall,1,query,431,-0.05841124386,8.083981003,True,
mode_invent,recall,1,query,432,-6.350360414,-4.825822392,True,
mode_invent,recall,1,query,433,-6.999029416,-6.063797998,True,
mode_invent,recall,1,query,434,-6.241728384,5.610266979,False,
mode_invent,recall,1,query,435,5.935718534,4.6489613,False,
mode_invent,recall,1,query,436,0.7242826775,8.063002368,True,
mode_invent,recall,1,query,437,3.764907996,-7.61544569,False,
mode_invent,recall,1,query,438,-0.01231929293,7.779032682,True,
mode_invent,recall,1,query,439,5.553434136,5.628871793,True,
mode_invent,recall,1,query,440,5.882414089,-4.70920464,True,
mode_invent,recall,1,query,441,-6.76795915,4.484882657,False,
mode_invent,recall,1,query,442,-1.093323858,8.288916667,True,
mode_invent,recall,1,query,443,1.244947379,-8.431339438,True,
mode_invent,recall,1,query,444,3.155154405,-7.360847112,False,
mode_invent,recall,1,query,445,-0.8330367228,7.442271113,True,
mode_invent,recall,1,query,446,-6.065242877,-5.618273127,True,
mode_invent,recall,1,query,447,7.688253669,1.049339611,True,
mode_invent,recall,1,query,448,-6.332871555,-6.519172209,True,
mode_invent,recall,1,query,449,6.135729788,-7.192496319,True,
mode_invent,recall,1,query,450,0.3896917053,8.102553184,True,
mode_invent,recall,1,query,451,-5.804296739,7.245130357,True,
mode_invent,recall,1,query,452,7.377792555,2.060298171,True,
mode_invent,recall,1,query,453,5.4314228,4.379837805,True,
mode_invent,recall,1,query,454,-7.930080419,-1.0762452,True,
mode_invent,recall,1,query,455,-0.7517558478,8.3970333,True,
mode_invent,recall,1,query,456,0.5555820887,7.3778323,True,
mode_invent,recall,1,query,457,0.987405145,-6.842492242,True,
mode_invent,recall,1,query,458,-6.563698243,0.5294134071,False,
mode_invent,recall,1,query,459,1.363428712,6.119201572,True,
mode_invent,recall,1,query,460,-0.3179065486,7.132994744,False,
mode_invent,recall,1,query,461,-5.537628388,5.08540503,False,
mode_invent,recall,1,query,462,-8.166157842,1.88217488,False,
mode_invent,recall,1,query,463,7.830280204,0.4137923172,True,
mode_invent,recall,1,query,464,-5.889123579,-5.581140962,True,
mode_invent,recall,1,query,465,-5.650837569,-5.208530184,True,
mode_invent,recall,1,query,466,9.165307536,1.647393998,False,
mode_invent,recall,1,query,467,5.966474331,6.246401136,False,
mode_invent,recall,1,query,468,-6.807718759,-5.744730992,False,
mode_invent,recall,1,query,469,6.597143714,-4.790885611,True,
mode_invent,recall,1,query,470,5.868463982,6.543248209,True,
mode_invent,recall,1,query,471,-5.16608754,-4.456547991,False,
mode_invent,recall,1,query,472,0.289359157,7.644301684,True,
mode_invent,recall,1,query,473,8.335841257,-2.930594376,False,
mode_invent,recall,1,query,474,-5.273968513,2.008441424,True,
mode_invent,recall,1,query,475,-1.723463407,-7.548231399,True,
mode_invent,recall,1,query,476,-5.179324912,4.494425469,False,
mode_invent,recall,1,query,477,7.287897958,1.370540989,True,
mode_invent,recall,1,query,478,5.172824118,-3.413933937,False,
mode_invent,recall,1,query,479,-0.001919853176,-7.591963823,True,
mode_invent,precision,10,center,0,-7.69528292,-1.039984106,,0.7376779939
mode_invent,precision,10,center,1,0.7504511958,-7.059435284,,0.9606059012
mode_invent,precision,10,center,2,-7.607889438,4.354674743,,1.456465604
mode_invent,precision,10,center,3,5.784694653,-5.973096842,,0.6796707809
mode_invent,precision,10,center,4,-8.016801158,-0.8530439276,,0.7046389129
mode_invent,precision,10,center,5,6.536252224,-4.879062314,,0.7260085692
mode_invent,precision,10,center,6,-7.933969302,1.127241207,,0.7804602772
mode_invent,precision,10,center,7,0.4675093423,-8.859292463,,0.8399079505
mode_invent,precision,10,center,8,6.025605034,-6.61573685,,0.8980708137
mode_invent,precision,10,center,9,0.8784503013,-8.049925911,,0.8920089042
mode_invent,precision,10,center,10,-5.841716613,-6.337783794,,0.6684422895
mode_invent,precision,10,center,11,6.879395588,-5.811383732,,0.9547425107
mode_invent,precision,10,center,12,5.228526427,-6.0089878,,0.6910462315
mode_invent,precision,10,center,13,8.532309186,0.3654440644,,0.703691868
mode_invent,precision,10,center,14,-7.587267388,0.430821003,,0.5208641111
mode_invent,precision,10,center,15,-3.515206649,-6.063269266,,1.285886981
mode_invent,precision,10,center,16,5.14461152,4.843081521,,0.7882652474
mode_invent,precision,10,center,17,6.272833672,-4.527881957,,0.8032433284
mode_invent,precision,10,center,18,-0.1139474577,-8.840156477,,0.6412382801
mode_invent,precision,10,center,19,-8.824481216,0.6505927878,,0.7121554028
mode_invent,precision,10,center,20,-4.913600078,6.200008518,,0.6186285293
mode_invent,precision,10,center,21,-0.6655097073,-7.767838677,,0.6865008803
mode_invent,precision,10,center,22,0.1166858091,-7.781311403,,0.6656623541
mode_invent,precision,10,center,23,-4.785425472,5.880449798,,0.6449614198
mode_invent,precision,10,center,24,6.335767813,5.724433319,,0.5155046402
mode_invent,precision,10,center,25,-5.367734851,6.288142475,,0.534425313
mode_invent,precision,10,center,26,-7.114010069,-5.976525466,,1.001438605
mode_invent,precision,10,center,27,5.186481595,-6.295732098,,0.7074932747
mode_invent,precision,10,center,28,7.724857749,1.494941311,,1.086276687
mode_invent,precision,10,center,29,4.791023134,6.625132604,,1.080547933
mode_invent,precision,10,center,30,3.973984478,-5.991739279,,1.237078597
mode_invent,precision,10,center,31,-5.494101184,-5.070631918,,0.6005261649
mode_invent,precision,10,center,32,-4.94562767,6.450201485,,0.7808447419
mode_invent,precision,10,center,33,-6.005579322,5.194502457,,0.7766249702
mode_invent,precision,10,center,34,-4.798878368,5.465549925,,0.8174284675
mode_invent,precision,10,center,35,-1.275686323,-9.133287214,,0.8584269635
mode_invent,precision,10,center,36,4.737401963,-5.159693505,,0.8684819022
mode_invent,precision,10,center,37,-5.514428513,6.347339604,,0.6186285293
mode_invent,precision,10,center,38,-6.084106896,-5.498314558,,0.576638953
mode_invent,precision,10,center,39,-7.374409606,-0.3093465397,,0.7697957509
mode_invent,precision,10,center,40,6.113629487,4.994928308,,0.6776698726
mode_invent,precision,10,center,41,-6.019908096,-6.038592143,,0.5440784455
mode_invent,precision,10,center,42,-6.852693895,-5.169881769,,0.9101895862
mode_invent,precision,10,center,43,7.53059766,0.01249411873,,0.8786214624
mode_invent,precision,10,center,44,6.137600908,-5.210323073,,0.7060101868
mode_invent,precision,10,center,45,-4.991469141,-5.755339734,,0.8493902311
mode_invent,precision,10,center,46,-0.423298312,-8.079718211,,0.6629776614
mode_invent,precision,10,center,47,3.969519816,4.209741777,,1.471765265
mode_invent,precision,10,center,48,4.334154637,4.659607422,,1.133300749
mode_invent,precision,10,center,49,0.3997742267,-8.905479055,,0.787414698
mode_invent,precision,10,center,50,5.278691695,-4.357625952,,0.9496117956
mode_invent,precision,10,center,51,-8.356263971,0.7375155685,,0.536816645
mode_invent,precision,10,center,52,4.723236569,5.451416692,,0.8940165968
mode_invent,precision,10,center,53,-0.9500220549,-8.339033076,,0.8009127153
mode_invent,precision,10,center,54,-4.816546112,-7.384174673,,1.607478427
mode_invent,precision,10,center,55,-5.222430606,-5.419118647,,0.6916652499
mode_invent,precision,10,center,56,-8.594149956,-1.446057854,,0.9525883664
mode_invent,precision,10,center,57,0.07212950771,7.470507291,,0.5411979369
mode_invent,precision,10,center,58,5.889530461,5.678706395,,0.4706999485
mode_invent,precision,10,center,59,7.258633141,-5.896209877,,1.216234228
mode_invent,precision,10,center,60,-6.680351742,5.836129884,,0.7926740813
mode_invent,precision,10,center,61,5.876850933,-4.297666674,,0.8003314526
mode_invent,precision,10,center,62,6.491965495,6.013725309,,0.679701162
mode_invent,precision,10,center,63,-4.193551358,-6.845617304,,1.416904216
mode_invent,precision,10,center,64,7.360248467,-0.9265759414,,0.8314391118
mode_invent,precision,10,center,65,7.610190197,-1.376686148,,1.161332916
mode_invent,precision,10,center,66,6.292005196,5.434631552,,0.5526981832
mode_invent,precision,10,center,67,-1.470806295,-9.015579081,,0.9384709413
mode_invent,precision,10,center,68,0.3135138475,8.838126568,,0.8772391672
mode_invent,precision,10,center,69,9.996730892,2.913862466,,2.746988487
mode_invent,precision,10,center,70,0.4144094333,7.01046188,,0.7678661959
mode_invent,precision,10,center,71,-10.13204628,0.2677114623,,1.671297799
mode_invent,precision,10,center,72,-0.8129410953,-8.41535726,,0.711404817
mode_invent,precision,10,center,73,5.04475745,-5.797645136,,0.6433709445
mode_invent,precision,10,center,74,6.72283448,-5.499805682,,0.7516785092
mode_invent,precision,10,center,75,5.498219412,4.621200497,,0.7200014147
mode_invent,precision,10,center,76,-1.674682945,7.513692091,,1.108096271
mode_invent,precision,10,center,77,5.603071699,-3.888924336,,0.8865566793
mode_invent,precision,10,center,78,-5.526579728,-4.674114738,,0.8046971557
mode_invent,precision,10,center,79,-6.156149848,4.471910483,,0.7738392979
mode_invent,precision,10,center,80,7.034883238,-0.7252260645,,0.8887991095
mode_invent,precision,10,center,81,2.128469732,-8.821386679,,1.729843819
mode_invent,precision,10,center,82,-4.818365046,4.753927071,,0.8857900562
mode_invent,precision,10,center,83,-7.068426987,0.3849509661,,0.7460409525
mode_invent,precision,10,center,84,-8.156637898,-0.04076252614,,0.6182707009
mode_invent,precision,10,center,85,-0.6547876954,8.446072201,,0.6280377976
mode_invent,precision,10,center,86,-6.11183773,-6.882460013,,1.039752965
mode_invent,precision,10,center,87,6.722062426,0.1725879177,,0.8242325214
mode_invent,precision,10,center,88,9.579091256,0.1599916136,,1.258176756
mode_invent,precision,10,center,89,-5.775492576,5.942680389,,0.5624030477
mode_invent,precision,10,center,90,-4.350852508,-5.437471748,,0.9067902525
mode_invent,precision,10,center,91,7.589072769,1.10628871,,0.771922031
mode_invent,precision,10,center,92,8.428756438,1.535755992,,0.9801979944
mode_invent,precision,10,center,93,-7.816765563,-1.224469032,,0.7238699431
mode_invent,precision,10,center,94,-7.025013449,-4.005926317,,1.640664311
mode_invent,precision,10,center,95,9.723665721,-0.1795192133,,1.303813005
mode_invent,precision,10,center,96,-6.040041571,7.118298542,,1.169669109
mode_invent,precision,10,center,97,-9.107045682,-0.894727019,,1.19088038
mode_invent,precision,10,center,98,6.300181044,5.262249127,,0.6252576216
mode_invent,precision,10,center,99,-0.00512186672,7.836557101,,0.5235975499
mode_invent,precision,10,center,100,0.3375745488,9.407481861,,1.305969009
mode_invent,precision,10,center,101,0.0905849069,8.643938793,,0.7374266282
mode_invent,precision,10,center,102,5.949827899,-0.04871840193,,1.018900425
mode_invent,precision,10,center,103,-0.8432302703,6.78118694,,1.125053266
mode_invent,precision,10,center,104,-8.878152367,-0.3341234407,,0.8915147752
mode_invent,precision,10,center,105,0.9159025424,6.673607282,,1.014776563
mode_invent,precision,10,center,106,5.687485742,-6.141023683,,0.6715231171
mode_invent,precision,10,center,107,-8.327673094,1.002757825,,0.6745773592
mode_invent,precision,10,center,108,-7.461884563,1.337398107,,0.915206479
mode_invent,precision,10,center,109,-0.1545056792,7.304057388,,0.6248129163
mode_invent,precision,10,center,110,-0.2238588169,-7.757503209,,0.6684412906
mode_invent,precision,10,center,111,8.176573358,-1.084388072,,0.8881260487
mode_invent,precision,10,center,112,-5.566364468,5.88508258,,0.636260805
mode_invent,precision,10,center,113,2.517474038,9.876844611,,2.496396558
mode_invent,precision,10,center,114,-8.853243351,-0.2873833615,,0.8385591525
mode_invent,precision,10,center,115,-1.463442002,-8.590707014,,0.8823833042
mode_invent,precision,10,center,116,-7.684394996,1.205853621,,0.7747879996
mode_invent,precision,10,center,117,-0.7290838377,7.34585356,,0.6690882498
mode_invent,precision,10,center,118,-7.804143279,-5.81952017,,1.629157286
mode_invent,precision,10,center,119,-6.719268661,5.127414822,,0.7872218736
mode_invent,precision,10,center,120,-0.8768607782,7.905737446,,0.5841901252
mode_invent,precision,10,center,121,6.242271609,-1.467045245,,1.370899716
mode_invent,precision,10,center,122,2.129247112,-9.287422581,,1.771145764
mode_invent,precision,10,center,123,-9.096785578,1.836913528,,1.473270096
mode_invent,precision,10,center,124,8.561921419,4.485287621,,2.491707538
mode_invent,precision,10,center,125,7.631751043,0.3415555509,,0.7659231291
mode_invent,precision,10,center,126,1.728697644,-8.986857078,,1.484317699
mode_invent,precision,10,center,127,-0.2452778459,-7.222662424,,0.9461190159
mode_invent,precision,10,center,128,8.434766074,-0.3761560712,,0.8909915596
mode_invent,precision,10,center,129,-8.133822965,-1.374895808,,0.7999194811
mode_invent,precision,10,center,130,-0.238173744,7.73361251,,0.5879107646
mode_invent,precision,10,center,131,5.889024139,-6.212181468,,0.7373672003
mode_invent,precision,10,center,132,-5.185315727,-4.644138432,,0.8283186139
mode_invent,precision,10,center,133,5.812283577,6.008610658,,0.5375812023
mode_invent,precision,10,center,134,-5.603698902,5.656938643,,0.6397342141
mode_invent,precision,10,center,135,4.935296216,-5.340359988,,0.6526601439
mode_invent,precision,10,center,136,5.559567651,-3.563685941,,1.190144072
mode_invent,precision,10,center,137,-4.083499347,-5.271007697,,1.148521339
mode_invent,precision,10,center,138,4.89379704,-6.769265721,,1.051344808
mode_invent,precision,10,center,139,6.847997203,5.919603475,,0.8304005437
mode_invent,precision,10,center,140,6.136997653,3.912268263,,1.223805876
mode_invent,precision,10,center,141,-7.072561518,0.4544203382,,0.7759462494
mode_invent,precision,10,center,142,4.546423565,5.185329442,,1.09583056
mode_invent,precision,10,center,143,-7.736282796,0.05246679836,,0.5679610018
mode_invent,precision,10,center,144,5.364683064,-5.760342518,,0.6006316594
mode_invent,precision,10,center,145,-5.908831628,-5.504291737,,0.545724203
mode_invent,precision,10,center,146,-6.528508027,-2.566658441,,1.949056851
mode_invent,precision,10,center,147,-5.893704514,5.833366671,,0.638763227
mode_invent,precision,10,center,148,5.952848239,5.284939668,,0.4068383465
mode_invent,precision,10,center,149,-1.756721782,-7.672004516,,1.15636102
mode_invent,precision,10,center,150,9.727350214,-1.533861405,,1.750073906
mode_invent,precision,10,center,151,0.8638280137,-8.328525223,,0.803004739
mode_invent,precision,10,center,152,-0.06132434583,6.947101489,,0.8061484325
mode_invent,precision,10,center,153,-5.991310422,-4.356809655,,0.8699191051
mode_invent,precision,10,center,154,-7.417344758,1.732311605,,1.195533258
mode_invent,precision,10,center,155,1.177411889,8.439086679,,0.8565966852
mode_invent,precision,10,center,156,7.400788776,-5.217861091,,1.005919317
mode_invent,precision,10,center,157,8.827988177,-0.2965709535,,0.8964182559
mode_invent,precision,10,center,158,0.06654581586,-8.697423823,,0.6261406723
mode_invent,precision,10,center,159,8.989583935,-1.178303623,,1.045917799
mode_invent,precision,10,center,160,0.7823503424,7.809348942,,0.5437505688
mode_invent,precision,10,center,161,-4.485607156,-4.905985261,,1.021845745
mode_invent,precision,10,center,162,-3.836208092,6.387628941,,1.208013306
mode_invent,precision,10,center,163,-7.228894505,5.589901077,,1.181108031
mode_invent,precision,10,center,164,6.827992807,-0.5182798424,,0.9350346397
mode_invent,precision,10,center,165,9.511228433,0.6375338109,,1.15731109
mode_invent,precision,10,center,166,-6.355784678,4.643136883,,0.8816547388
mode_invent,precision,10,center,167,-5.624072157,4.4402941,,0.7796114578
mode_invent,precision,10,center,168,4.985713972,5.968863721,,0.8649282995
mode_invent,precision,10,center,169,1.155312036,-7.391238528,,1.043956129
mode_invent,precision,10,center,170,5.708710491,0.304366729,,1.389078934
mode_invent,precision,10,center,171,-7.927966427,0.4138902854,,0.536816645
mode_invent,precision,10,center,172,-4.040644568,-7.720092526,,2.18273244
mode_invent,precision,10,center,173,-6.247957675,6.247760572,,0.7720781217
mode_invent,precision,10,center,174,6.418405601,1.475949048,,1.339593121
mode_invent,precision,10,center,175,0.3683566127,8.846583986,,0.8895943358
mode_invent,precision,10,center,176,-0.5709436615,-7.18623631,,1.0234633
mode_invent,precision,10,center,177,-4.588382694,-5.423976229,,0.8792508898
mode_invent,precision,10,center,178,5.891255142,5.927197489,,0.4975589903
mode_invent,precision,10,center,179,-6.520199514,5.509325569,,0.7963757941
mode_invent,precision,10,center,180,7.847477468,0.3833938644,,0.6847159665
mode_invent,precision,10,center,181,0.9998242469,-9.058536082,,1.134978882
mode_invent,precision,10,center,182,-5.78186328,-4.175398702,,1.040064362
mode_invent,precision,10,center,183,7.256411771,-0.8222500173,,0.8610077086
mode_invent,precision,10,center,184,8.202306192,0.8443851905,,0.6668198289
mode_invent,precision,10,center,185,5.668280305,-4.327893659,,0.8837591895
mode_invent,precision,10,center,186,0.8567939826,-7.158179933,,0.9620592055
mode_invent,precision,10,center,187,6.210970751,-3.329201149,,1.259114138
mode_invent,precision,10,center,188,5.451692561,-7.660376542,,1.512788115
mode_invent,precision,10,center,189,-4.052599888,5.199154819,,1.328966793
mode_invent,precision,10,center,190,5.764734694,6.966404934,,0.9224367751
mode_invent,precision,10,center,191,4.054594708,-6.908501464,,1.287110803
mode_invent,precision,10,center,192,-7.258132187,-6.45099054,,1.029899617
mode_invent,precision,10,center,193,6.096490856,6.181042092,,0.519213936
mode_invent,precision,10,center,194,8.276274179,-1.412765884,,1.048656085
mode_invent,precision,10,center,195,-7.966957686,5.711207835,,1.715071699
mode_invent,precision,10,center,196,-8.471776034,0.4593857717,,0.5476571594
mode_invent,precision,10,center,197,0.7019536262,-7.861758568,,0.7538083837
mode_invent,precision,10,center,198,6.416987335,-5.427642875,,0.8155826736
mode_invent,precision,10,center,199,6.186918955,4.952180987,,0.7536825857
mode_invent,precision,10,center,200,5.477242836,-5.460078153,,0.6026289509
mode_invent,precision,10,center,201,0.8205284754,7.606258828,,0.6572126066
mode_invent,precision,10,center,202,8.521167256,-0.2658387919,,0.8335630052
mode_invent,precision,10,center,203,-5.774396417,6.486373292,,0.6854902403
mode_invent,precision,10,center,204,-1.993060371,-9.296472328,,1.415845631
mode_invent,precision,10,center,205,4.174668852,3.32323813,,1.888904055
mode_invent,precision,10,center,206,4.978589809,6.406288149,,0.9236842998
mode_invent,precision,10,center,207,5.371970183,-5.459064168,,0.6592200528
mode_invent,precision,10,center,208,9.089217497,1.327686132,,1.149090753
mode_invent,precision,10,center,209,5.587716315,7.010440139,,0.8605014597
mode_invent,precision,10,center,210,8.092126658,-0.8373982238,,0.8358521645
mode_invent,precision,10,center,211,7.405599648,-1.480536513,,1.122304576
mode_invent,precision,10,center,212,-8.888133854,-0.3580166881,,0.9173334266
mode_invent,precision,10,center,213,6.460439269,-3.936084418,,0.965312377
mode_invent,precision,10,center,214,6.617818485,0.3928274683,,0.9350346397
mode_invent,precision,10,center,215,-9.040543939,0.4746970885,,0.8465465538
mode_invent,precision,10,center,216,-5.7879409,3.825948424,,1.080843054
mode_invent,precision,10,center,217,-4.728557258,-6.261854962,,0.9767882988
mode_invent,precision,10,center,218,-0.5339002384,-9.069752411,,0.7445020262
mode_invent,precision,10,center,219,5.002570973,-5.228963809,,0.6430307135
mode_invent,precision,10,center,220,-8.189244341,0.3286620023,,0.5305261089
mode_invent,precision,10,center,221,6.018776103,6.977515905,,0.8512577735
mode_invent,precision,10,center,222,5.314068099,-7.133712066,,1.060599342
mode_invent,precision,10,center,223,1.067222417,7.668511828,,0.7266177821
mode_invent,precision,10,center,224,1.114592445,-7.616622887,,0.8821871087
mode_invent,precision,10,center,225,7.86886247,0.348775894,,0.663656065
mode_invent,precision,10,center,226,-3.705841689,7.733834779,,1.883673815
mode_invent,precision,10,center,227,5.726235385,5.817044843,,0.5417982788
mode_invent,precision,10,center,228,-4.580614092,-6.502515282,,1.089544912
mode_invent,precision,10,center,229,0.3330703726,-8.025862848,,0.6942258873
mode_invent,precision,10,center,230,0.3139082115,-8.833368806,,0.7465111064
mode_invent,precision,10,center,231,-7.246421743,-7.729837685,,1.862066293
mode_invent,precision,10,center,232,6.882615887,-0.4586752849,,0.8917256321
mode_invent,precision,10,center,233,-0.2931915866,-6.062768838,,1.588204105
mode_invent,precision,10,center,234,9.10599337,-0.9620911163,,0.9969643507
mode_invent,precision,10,center,235,8.347708452,-0.4070782364,,0.8947675349
mode_invent,precision,10,center,236,-5.941218088,-5.4715286,,0.5455920085
mode_invent,precision,10,center,237,6.276025366,5.317595766,,0.578074711
mode_invent,precision,10,center,238,1.063851533,6.858061774,,0.8982213562
mode_invent,precision,10,center,239,-5.650515187,8.254527976,,2.013175705
mode_invent,precision,10,center,240,8.223079743,1.433214507,,0.937279542
mode_invent,precision,10,center,241,-5.565334071,-5.076077154,,0.5753129601
mode_invent,precision,10,center,242,5.600071055,5.486446668,,0.5548976215
mode_invent,precision,10,center,243,-6.436336646,6.087155608,,0.773006873
mode_invent,precision,10,center,244,-8.851537189,0.6655852363,,0.7430673472
mode_invent,precision,10,center,245,6.742141254,6.023385657,,0.8458152227
mode_invent,precision,10,center,246,-5.943102983,-5.20288867,,0.5550113453
mode_invent,precision,10,center,247,-8.308673056,0.9355471255,,0.6185246726
mode_invent,precision,10,center,248,-7.488260334,5.321246881,,1.237961378
mode_invent,precision,10,center,249,3.666042254,4.161793419,,1.66756949
mode_invent,precision,10,center,250,9.36386223,0.895184982,,1.133334752
mode_invent,precision,10,center,251,4.937374016,4.154350793,,1.102614724
mode_invent,precision,10,center,252,-2.964528838,7.456504492,,2.023863288
mode_invent,precision,10,center,253,2.420415012,8.434884271,,1.712794292
mode_invent,precision,10,center,254,-8.559572286,0.4650802095,,0.5855548255
mode_invent,precision,10,center,255,4.095895896,5.359530887,,1.279197277
mode_invent,precision,10,center,256,5.756331723,5.570753598,,0.5598218109
mode_invent,precision,10,center,257,6.447660371,6.001499476,,0.6354165872
mode_invent,precision,10,center,258,-7.331673982,-0.6883722822,,0.7229893268
mode_invent,precision,10,center,259,0.8978154084,-6.371063052,,1.425441573
mode_invent,precision,10,center,260,-0.9701495197,7.112304344,,0.837880722
mode_invent,precision,10,center,261,9.335784336,-0.1913439867,,1.011353162
mode_invent,precision,10,center,262,-4.253032857,-6.099389961,,1.036541627
mode_invent,precision,10,center,263,1.455045576,8.131485817,,0.9608605552
mode_invent,precision,10,center,264,0.2582288233,-6.435281978,,1.185575904
mode_invent,precision,10,center,265,-8.361770477,-0.9411220959,,0.7542637479
mode_invent,precision,10,center,266,-8.448564208,0.4523339506,,0.5238672831
mode_invent,precision,10,center,267,-7.222613322,-5.019383347,,1.235140473
mode_invent,precision,10,center,268,-0.5387713176,9.147812661,,1.02236532
mode_invent,precision,10,center,269,-2.394260305,-8.786565775,,1.45766389
mode_invent,precision,10,center,270,-1.686468151,-8.826229466,,0.9360579326
mode_invent,precision,10,center,271,-5.409188348,-5.836080875,,0.6449449623
mode_invent,precision,10,center,272,-0.2533775689,-8.159184871,,0.6261406723
mode_invent,precision,10,center,273,-5.453466009,4.648318208,,0.7871600994
mode_invent,precision,10,center,274,-4.950004609,6.31952022,,0.6630215199
mode_invent,precision,10,center,275,8.385037938,0.5565334428,,0.7833623933
mode_invent,precision,10,center,276,-7.703581999,2.035073303,,1.407225465
mode_invent,precision,10,center,277,-5.743948421,-5.963937468,,0.4883243487
mode_invent,precision,10,center,278,-6.41038183,-6.68911692,,0.8587955138
mode_invent,precision,10,center,279,-9.244471788,-0.8887973132,,1.327690243
mode_invent,precision,10,center,280,-5.727534631,5.991149378,,0.5802494716
mode_invent,precision,10,center,281,-5.605712191,4.891318972,,0.7900652411
mode_invent,precision,10,center,282,-4.756669685,6.396266922,,0.7593367657
mode_invent,precision,10,center,283,5.497205942,5.003938105,,0.6164893862
mode_invent,precision,10,center,284,-5.108426329,-5.468880662,,0.7887271849
mode_invent,precision,10,center,285,4.20872699,5.588873994,,1.196698068
mode_invent,precision,10,center,286,-7.737964188,-0.8996947865,,0.6560008016
mode_invent,precision,10,center,287,5.846697642,4.202031764,,0.8747560961
mode_invent,precision,10,center,288,6.99304035,6.904804235,,1.192935931
mode_invent,precision,10,center,289,-5.909371584,6.020308587,,0.5311880093
mode_invent,precision,10,center,290,5.590078034,-1.15634766,,1.699496796
mode_invent,precision,10,center,291,5.363075329,-6.728987271,,0.8309578319
mode_invent,precision,10,center,292,0.7143964826,-6.002703469,,1.662796649
mode_invent,precision,10,center,293,-1.176614719,7.162536596,,1.031859983
mode_invent,precision,10,center,294,-5.421405881,7.267970398,,1.144639109
mode_invent,precision,10,center,295,-1.222374313,8.249036122,,0.8633156683
mode_invent,precision,10,center,296,-3.835555399,-7.308613398,,1.940799367
mode_invent,precision,10,center,297,6.718930793,-0.4236066065,,0.855605299
mode_invent,precision,10,center,298,-0.5205884129,8.812601288,,0.8344927325
mode_invent,precision,10,center,299,-7.75834028,-1.77496206,,1.09910437
mode_invent,precision,10,center,300,-5.141443847,5.079315362,,0.7398164572
mode_invent,precision,10,center,301,-6.725552783,-0.6275875364,,1.070893375
mode_invent,precision,10,center,302,-0.6366152831,8.541131611,,0.6792964323
mode_invent,precision,10,center,303,-7.237073518,0.4480993639,,0.6782670813
mode_invent,precision,10,center,304,6.314402683,0.5380344399,,1.147299665
mode_invent,precision,10,center,305,4.622546198,-5.421578138,,0.8439562487
mode_invent,precision,10,center,306,-1.423734435,-7.553677852,,1.037789079
mode_invent,precision,10,center,307,-0.8065989043,-9.28263465,,0.8672158896
mode_invent,precision,10,center,308,8.713820136,0.2416445217,,0.7716351081
mode_invent,precision,10,center,309,-6.270831051,-4.2056754,,1.132870372
mode_invent,precision,10,center,310,-0.4406524216,8.032107674,,0.4975100205
mode_invent,precision,10,center,311,5.925767697,5.037188315,,0.5548976215
mode_invent,precision,10,center,312,6.127990543,-6.190306597,,0.8760750066
mode_invent,precision,10,center,313,7.588361678,1.36264264,,0.9792045281
mode_invent,precision,10,center,314,-1.040586053,5.587219669,,1.932011952
mode_invent,precision,10,center,315,-6.389063005,2.549327953,,1.898198957
mode_invent,precision,10,center,316,-0.4052692654,-9.936838041,,1.308356366
mode_invent,precision,10,center,317,-0.3104839762,-8.28622295,,0.6417147836
mode_invent,precision,10,center,318,-0.189923841,-9.113388042,,0.7048283151
mode_invent,precision,10,center,319,-7.420438858,0.5245073753,,0.5679610018
mode_invent,precision,10,center,320,-7.151259869,6.356050981,,1.286471713
mode_invent,precision,10,center,321,7.709539231,-5.484893917,,1.320467467
mode_invent,precision,10,center,322,-5.994179412,-5.798857464,,0.3596960896
mode_invent,precision,10,center,323,0.615256767,6.269328394,,1.318263237
mode_invent,precision,10,center,324,-5.492463547,-6.047318199,,0.6837780823
mode_invent,precision,10,center,325,-3.809029237,-5.831026983,,1.146062769
mode_invent,precision,10,center,326,1.667887611,6.896259302,,1.225183275
mode_invent,precision,10,center,327,6.244113416,5.976254513,,0.5417982788
mode_invent,precision,10,center,328,-0.8690472479,8.177396115,,0.7245061571
mode_invent,precision,10,center,329,-4.444335413,5.333062545,,1.108131871
mode_invent,precision,10,center,330,6.308037351,-0.01756282648,,0.7243760731
mode_invent,precision,10,center,331,-6.559277344,-5.999195188,,0.6238362543
mode_invent,precision,10,center,332,-8.08158777,-1.705652216,,0.9657306948
mode_invent,precision,10,center,333,6.384341661,0.4820668355,,1.064552931
mode_invent,precision,10,center,334,-8.522718696,-2.564744342,,1.7849008
mode_invent,precision,10,center,335,6.441698286,-5.384484494,,0.864732218
mode_invent,precision,10,center,336,-6.370729074,-6.973684461,,1.105737172
mode_invent,precision,10,center,337,-7.164192104,0.3493506226,,0.6445368608
mode_invent,precision,10,center,338,8.039456532,6.077042848,,1.798169956
mode_invent,precision,10,center,339,6.044557391,-5.82378218,,0.6738890291
mode_invent,precision,10,center,340,-4.840078382,6.281939451,,0.6763191785
mode_invent,precision,10,center,341,1.251725009,7.478677081,,0.7158224509
mode_invent,precision,10,center,342,-6.092261722,-6.13595742,,0.5908353478
mode_invent,precision,10,center,343,6.447655971,-4.158479809,,0.8865566793
mode_invent,precision,10,center,344,-0.4588404931,7.575226272,,0.5340679745
mode_invent,precision,10,center,345,-7.685922776,-0.2457615,,0.6837373538
mode_invent,precision,10,center,346,0.9520536531,-10.25177729,,1.612464784
mode_invent,precision,10,center,347,4.830149203,-6.439270583,,0.9077318744
mode_invent,precision,10,center,348,3.336498237,-6.620492694,,1.758213716
mode_invent,precision,10,center,349,-6.572010365,-5.857958904,,0.6240859106
mode_invent,precision,10,center,350,1.112965892,7.754939349,,0.6729683724
mode_invent,precision,10,center,351,-1.03081372,7.943045459,,0.6690882498
mode_invent,precision,10,center,352,-6.950826379,-0.9759588161,,1.036124912
mode_invent,precision,10,center,353,-0.9105748839,8.558548959,,0.6967564867
mode_invent,precision,10,center,354,-8.221536116,0.6474846907,,0.5593397778
mode_invent,precision,10,center,355,5.643207458,6.358517898,,0.6542796618
mode_invent,precision,10,center,356,6.964921886,-0.01208465079,,0.7624034951
mode_invent,precision,10,center,357,5.446164235,4.440963325,,0.7651821479
mode_invent,precision,10,center,358,-1.563477948,-7.314250965,,1.194364479
mode_invent,precision,10,center,359,7.649047618,-1.022280282,,0.9513507188
mode_invent,precision,10,center,360,5.560675313,6.784873107,,0.7860543903
mode_invent,precision,10,center,361,-7.937592095,-7.153492939,,1.797819471
mode_invent,precision,10,center,362,4.733967808,7.118033116,,1.271793718
mode_invent,precision,10,center,363,8.282586983,0.7673172405,,0.6799219367
mode_invent,precision,10,center,364,-1.140160919,-9.119535875,,0.8033289535
mode_invent,precision,10,center,365,-5.209040533,5.71512858,,0.6104488041
mode_invent,precision,10,center,366,0.5487388189,7.812329009,,0.5543903494
mode_invent,precision,10,center,367,-7.721856274,0.1581190849,,0.5824459606
mode_invent,precision,10,center,368,-7.222232611,0.8070082819,,0.714651263
mode_invent,precision,10,center,369,-7.276726244,-7.904122805,,2.035554506
mode_invent,precision,10,center,370,6.658599647,-4.469129156,,0.9059846073
mode_invent,precision,10,center,371,6.97937698,-1.859835407,,1.404497204
mode_invent,precision,10,center,372,-5.557819428,-4.726016023,,0.7699850062
mode_invent,precision,10,center,373,-3.859259727,-5.140556677,,1.39134166
mode_invent,precision,10,center,374,-0.3717166966,-8.893130622,,0.6882245194
mode_invent,precision,10,center,375,5.668305541,-5.956118953,,0.589484014
mode_invent,precision,10,center,376,-6.671922155,7.7056099,,1.849790229
mode_invent,precision,10,center,377,-3.871685847,6.792902933,,1.291313604
mode_invent,precision,10,center,378,4.736003852,-4.801834925,,0.9913220355
mode_invent,precision,10,center,379,0.6396264095,-7.557454376,,0.7950603132
mode_invent,precision,10,center,380,6.906519517,-5.021483107,,0.7917678694
mode_invent,precision,10,center,381,-7.259985764,0.6369062834,,0.7045360383
mode_invent,precision,10,center,382,-5.316062841,3.87324312,,1.21864763
mode_invent,precision,10,center,383,5.740475327,5.100662291,,0.5603478254
mode_invent,precision,10,center,384,-1.279840958,-6.318183381,,1.574453354
mode_invent,precision,10,center,385,1.728995341,9.3592206,,1.555606333
mode_invent,precision,10,center,386,5.912067666,7.00747937,,0.8467647179
mode_invent,precision,10,center,387,-7.987946819,0.2027972769,,0.5476571594
mode_invent,precision,10,center,388,-1.09347137,-7.603008696,,0.8594227282
mode_invent,precision,10,center,389,0.06038592842,-9.302652117,,0.8672158896
mode_invent,precision,10,center,390,-0.05119711182,7.920270436,,0.5340679745
mode_invent,precision,10,center,391,7.454415416,-4.762640921,,1.188396152
mode_invent,precision,10,center,392,8.011445439,0.2487873098,,0.6254315809
mode_invent,precision,10,center,393,0.0442123781,-8.202913985,,0.6857179625
mode_invent,precision,10,center,394,-1.082427197,-8.151051878,,0.8130680917
mode_invent,precision,10,center,395,-6.402952506,4.406538711,,0.9505090759
mode_invent,precision,10,center,396,0.5112218145,8.39126466,,0.6419786451
mode_invent,precision,10,center,397,-1.786707511,-8.122684637,,0.8999214198
mode_invent,precision,10,center,398,6.652555635,6.716077988,,0.8314468725
mode_invent,precision,10,center,399,1.025836843,8.038913207,,0.623682751
mode_invent,precision,10,center,400,-6.501899577,4.573155422,,0.9509888939
mode_invent,precision,10,center,401,0.3446049048,8.379280034,,0.6060932664
mode_invent,precision,10,center,402,-4.369523138,6.7568339,,1.1340065
mode_invent,precision,10,center,403,5.524625593,4.412648371,,0.7422702542
mode_invent,precision,10,center,404,-5.975960847,-5.439623055,,0.5733544886
mode_invent,precision,10,center,405,-8.202083245,-0.5778941081,,0.7186748885
mode_invent,precision,10,center,406,-7.747115185,-0.5039577414,,0.6182707009
mode_invent,precision,10,center,407,5.028788166,-5.345401415,,0.6622974167
mode_invent,precision,10,center,408,5.254861669,5.900958638,,0.6724585746
mode_invent,precision,10,center,409,-5.383650227,4.517425248,,0.8009938501
mode_invent,precision,10,center,410,5.175613126,7.094631189,,0.8854747318
mode_invent,precision,10,center,411,4.494774737,-7.773508698,,1.631650103
mode_invent,precision,10,center,412,3.795009096,5.685964196,,1.48650147
mode_invent,precision,10,center,413,8.030917278,-0.1176108554,,0.6962297756
mode_invent,precision,10,center,414,1.214189829,-10.67283443,,2.064888987
mode_invent,precision,10,center,415,-7.604066126,1.561438202,,0.9864839399
mode_invent,precision,10,center,416,-6.784635014,5.277047738,,0.7923405834
mode_invent,precision,10,center,417,-0.7528919172,-8.894346046,,0.7280786372
mode_invent,precision,10,center,418,5.330592244,-4.229368966,,0.9883971437
mode_invent,precision,10,center,419,-6.162613325,-0.335939225,,1.466511048
mode_invent,precision,10,center,420,7.561914464,5.692430726,,1.339407338
mode_invent,precision,10,center,421,1.753691027,7.90670135,,1.014078576
mode_invent,precision,10,center,422,5.787912076,-5.291379777,,0.6817246574
mode_invent,precision,10,center,423,-2.47800057,6.508139824,,1.891694299
mode_invent,precision,10,center,424,4.94958972,-4.687856379,,0.8792989871
mode_invent,precision,10,center,425,-6.018686787,-6.146604432,,0.5801168516
mode_invent,precision,10,center,426,-4.74825289,5.687939837,,0.7245846261
mode_invent,precision,10,center,427,0.2785759145,8.013985222,,0.4483940222
mode_invent,precision,10,center,428,-5.320271123,6.081820147,,0.5202238017
mode_invent,precision,10,center,429,3.719887317,-4.990281581,,1.674686675
mode_invent,precision,10,center,430,4.67483483,-7.099153385,,1.222716397
mode_invent,precision,10,center,431,-0.05841124386,8.083981003,,0.5794416101
mode_invent,precision,10,center,432,-6.350360414,-4.825822392,,0.8094864558
mode_invent,precision,10,center,433,-6.999029416,-6.063797998,,0.9096343397
mode_invent,precision,10,center,434,-6.241728384,5.610266979,,0.6397342141
mode_invent,precision,10,center,435,5.935718534,4.6489613,,0.5716131935
mode_invent,precision,10,center,436,0.7242826775,8.063002368,,0.5227145025
mode_invent,precision,10,center,437,3.764907996,-7.61544569,,1.68738287
mode_invent,precision,10,center,438,-0.01231929293,7.779032682,,0.4975100205
mode_invent,precision,10,center,439,5.553434136,5.628871793,,0.6274581455
mode_invent,precision,10,center,440,5.882414089,-4.70920464,,0.7891743937
mode_invent,precision,10,center,441,-6.76795915,4.484882657,,1.103783906
mode_invent,precision,10,center,442,-1.093323858,8.288916667,,0.7760615129
mode_invent,precision,10,center,443,1.244947379,-8.431339438,,0.9979633958
mode_invent,precision,10,center,444,3.155154405,-7.360847112,,2.000073284
mode_invent,precision,10,center,445,-0.8330367228,7.442271113,,0.692464736
mode_invent,precision,10,center,446,-6.065242877,-5.618273127,,0.5183888947
mode_invent,precision,10,center,447,7.688253669,1.049339611,,0.7100357891
mode_invent,precision,10,center,448,-6.332871555,-6.519172209,,0.795968404
mode_invent,precision,10,center,449,6.135729788,-7.192496319,,1.312067487
mode_invent,precision,10,center,450,0.3896917053,8.102553184,,0.4900505406
mode_invent,precision,10,center,451,-5.804296739,7.245130357,,1.22932058
mode_invent,precision,10,center,452,7.377792555,2.060298171,,1.578116803
mode_invent,precision,10,center,453,5.4314228,4.379837805,,0.8224880371
mode_invent,precision,10,center,454,-7.930080419,-1.0762452,,0.713116866
mode_invent,precision,10,center,455,-0.7517558478,8.3970333,,0.5328961026
mode_invent,precision,10,center,456,0.5555820887,7.3778323,,0.6953227496
mode_invent,precision,10,center,457,0.987405145,-6.842492242,,1.212339566
mode_invent,precision,10,center,458,-6.563698243,0.5294134071,,1.166520965
mode_invent,precision,10,center,459,1.363428712,6.119201572,,1.647828738
mode_invent,precision,10,center,460,-0.3179065486,7.132994744,,0.7146667677
mode_invent,precision,10,center,461,-5.537628388,5.08540503,,0.791970576
mode_invent,precision,10,center,462,-8.166157842,1.88217488,,1.160338434
mode_invent,precision,10,center,463,7.830280204,0.4137923172,,0.6512233861
mode_invent,precision,10,center,464,-5.889123579,-5.581140962,,0.4757795431
mode_invent,precision,10,center,465,-5.650837569,-5.208530184,,0.521245905
mode_invent,precision,10,center,466,9.165307536,1.647393998,,1.448494877
mode_invent,precision,10,center,467,5.966474331,6.246401136,,0.574699055
mode_invent,precision,10,center,468,-6.807718759,-5.744730992,,0.8356235424
mode_invent,precision,10,center,469,6.597143714,-4.790885611,,0.7199762744
mode_invent,precision,10,center,470,5.868463982,6.543248209,,0.6164721623
mode_invent,precision,10,center,471,-5.16608754,-4.456547991,,0.9642182371
mode_invent,precision,10,center,472,0.289359157,7.644301684,,0.5325299088
mode_invent,precision,10,center,473,8.335841257,-2.930594376,,2.107336455
mode_invent,precision,10,center,474,-5.273968513,2.008441424,,2.413580983
mode_invent,precision,10,center,475,-1.723463407,-7.548231399,,1.208032371
mode_invent,precision,10,center,476,-5.179324912,4.494425469,,0.977084377
mode_invent,precision,10,center,477,7.287897958,1.370540989,,1.099793854
mode_invent,precision,10,center,478,5.172824118,-3.413933937,,1.455019277
mode_invent,precision,10,center,479,-0.001919853176,-7.591963823,,0.6988582899
mode_invent,precision,10,query,0,-5.655624096,-5.358108712,True,
mode_invent,precision,10,query,1,-8.274137855,-0.8905918388,True,
mode_invent,precision,10,query,2,-0.4546707852,7.008353445,True,
mode_invent,precision,10,query,3,-5.596710647,6.997069495,True,
mode_invent,precision,10,query,4,-6.149060768,5.03637935,True,
mode_invent,precision,10,query,5,0.4898420502,-7.643112992,True,
mode_invent,precision,10,query,6,-7.894585751,-0.9304680447,True,
mode_invent,precision,10,query,7,-8.029251822,0.6953031945,True,
mode_invent,precision,10,query,8,4.312639702,5.199238488,True,
mode_invent,precision,10,query,9,12.09877726,-1.28953774,False,
mode_invent,precision,10,query,10,-7.498589287,5.421763118,True,
mode_invent,precision,10,query,11,-1.267446481,-7.728735641,True,
mode_invent,precision,10,query,12,-13.84324891,-0.1869309446,False,
mode_invent,precision,10,query,13,-8.17361396,-6.195547145,True,
mode_invent,precision,10,query,14,5.608353304,-5.543545263,True,
mode_invent,precision,10,query,15,-1.530135766,-8.477753276,True,
mode_invent,precision,10,query,16,-8.978519078,-0.8088372394,True,
mode_invent,precision,10,query,17,-4.595955626,4.849319574,True,
mode_invent,precision,10,query,18,5.624332545,6.541244117,True,
mode_invent,precision,10,query,19,-8.583600433,-0.1117019496,True,
mode_invent,precision,10,query,20,8.110464143,0.06378177426,True,
mode_invent,precision,10,query,21,-1.225055826,8.07614023,True,
mode_invent,precision,10,query,22,1.358823422,6.452855322,True,
mode_invent,precision,10,query,23,8.859382688,0.1193540257,True,
mode_invent,precision,10,query,24,-6.298324644,-3.656437703,True,
mode_invent,precision,10,query,25,8.762259712,-1.199288902,True,
mode_invent,precision,10,query,26,5.731370478,6.233543833,True,
mode_invent,precision,10,query,27,-5.845636375,6.339764517,True,
mode_invent,precision,10,query,28,-0.06651732015,-7.332752439,True,
mode_invent,precision,10,query,29,-4.218331658,-6.3325165,True,
mode_invent,precision,10,query,30,-13.79686139,-0.4633075765,False,
mode_invent,precision,10,query,31,-5.529585838,4.469659722,True,
mode_invent,precision,10,query,32,-8.579301597,-0.1961959728,True,
mode_invent,precision,10,query,33,-4.758090377,-4.511632242,True,
mode_invent,precision,10,query,34,4.333326457,-6.451496615,True,
mode_invent,precision,10,query,35,0.6469034226,6.007580216,True,
mode_invent,precision,10,query,36,-6.120024114,-5.754141175,True,
mode_invent,precision,10,query,37,-4.399839272,6.34625815,True,
mode_invent,precision,10,query,38,-14.32721342,-0.3685758941,False,
mode_invent,precision,10,query,39,13.7498046,1.5235294,False,
mode_invent,precision,10,query,40,-6.084879192,5.353173861,True,
mode_invent,precision,10,query,41,0.3525890673,-8.120770445,True,
mode_invent,precision,10,query,42,-0.197284228,6.885932857,True,
mode_invent,precision,10,query,43,-5.668375718,-6.100435472,True,
mode_invent,precision,10,query,44,6.822982026,-5.003765747,True,
mode_invent,precision,10,query,45,-5.680997863,6.325235273,True,
mode_invent,precision,10,query,46,7.660130448,1.052126358,True,
mode_invent,precision,10,query,47,-0.005399560672,8.583382354,True,
mode_invent,precision,10,query,48,-6.947747495,-5.310174201,True,
mode_invent,precision,10,query,49,-1.688204117,-10.03532894,True,
mode_invent,precision,10,query,50,7.695523122,-0.8999276076,True,
mode_invent,precision,10,query,51,0.1640527957,-5.755243374,True,
mode_invent,precision,10,query,52,-6.488577431,5.032910663,True,
mode_invent,precision,10,query,53,-5.451450303,6.149867541,True,
mode_invent,precision,10,query,54,7.823593934,-0.2059303303,True,
mode_invent,precision,10,query,55,-4.954391294,-5.136946612,True,
mode_invent,precision,10,query,56,-1.033675832,7.920818681,True,
mode_invent,precision,10,query,57,-13.96471315,-1.054484622,False,
mode_invent,precision,10,query,58,5.91669335,4.798897772,True,
mode_invent,precision,10,query,59,-4.684787542,5.849600162,True,
mode_invent,precision,10,query,60,5.746160735,-6.247882602,True,
mode_invent,precision,10,query,61,-5.775464073,3.659107957,True,
mode_invent,precision,10,query,62,-1.131407471,8.362839799,True,
mode_invent,precision,10,query,63,-10.12856704,0.8466085215,True,
mode_invent,precision,10,query,64,3.910757774,-4.900115747,True,
mode_invent,precision,10,query,65,-8.845497033,0.7789910843,True,
mode_invent,precision,10,query,66,8.130951208,-1.53683494,True,
mode_invent,precision,10,query,67,-4.4077055,7.098561405,True,
mode_invent,precision,10,query,68,-5.722659155,5.382937977,True,
mode_invent,precision,10,query,69,-14.15986697,-0.9751523228,False,
mode_invent,precision,10,query,70,-4.55826749,5.113962318,True,
mode_invent,precision,10,query,71,-0.05119041269,-8.793296403,True,
mode_invent,precision,10,query,72,7.3739269,-1.277725152,True,
mode_invent,precision,10,query,73,-6.742930686,-0.1540875732,True,
mode_invent,precision,10,query,74,0.9659216187,8.013324597,True,
mode_invent,precision,10,query,75,-14.69440353,-0.32668526,False,
mode_invent,precision,10,query,76,-0.5602310505,-7.992040901,True,
mode_invent,precision,10,query,77,13.62473316,-0.2999217159,False,
mode_invent,precision,10,query,78,-7.035428934,4.850008322,True,
mode_invent,precision,10,query,79,1.654057549,7.328766784,True,
mode_invent,precision,10,query,80,4.602760462,5.994180582,True,
mode_invent,precision,10,query,81,1.4072722,-9.454024302,True,
mode_invent,precision,10,query,82,-8.208521848,-0.6320525539,True,
mode_invent,precision,10,query,83,-7.417873724,6.391780959,True,
mode_invent,precision,10,query,84,5.633410331,-5.585412405,True,
mode_invent,precision,10,query,85,-6.409165722,6.111638412,True,
mode_invent,precision,10,query,86,-0.5392973495,7.857096792,True,
mode_invent,precision,10,query,87,-6.765115042,-6.87295701,True,
mode_invent,precision,10,query,88,9.335531855,-0.5071047045,True,
mode_invent,precision,10,query,89,-5.365173893,5.623063815,True,
mode_invent,precision,10,query,90,5.215709047,-6.16481522,True,
mode_invent,precision,10,query,91,0.6300825914,7.698132395,True,
mode_invent,precision,10,query,92,-5.808297898,-5.634632692,True,
mode_invent,precision,10,query,93,-6.82349168,0.6805109746,True,
mode_invent,precision,10,query,94,6.039454517,5.093282856,True,
mode_invent,precision,10,query,95,4.274885529,6.606384181,True,
mode_invent,precision,10,query,96,8.966447134,-0.1407083991,True,
mode_invent,precision,10,query,97,8.541883842,0.7814430539,True,
mode_invent,precision,10,query,98,0.8311844527,-7.078616527,True,
mode_invent,precision,10,query,99,-6.1124719,7.171827232,True,
mode_invent,precision,10,query,100,-6.903447308,6.518577326,True,
mode_invent,precision,10,query,101,-5.16292217,6.530473363,True,
mode_invent,precision,10,query,102,-12.12099169,1.484445473,False,
mode_invent,precision,10,query,103,-9.145176907,-1.68867158,True,
mode_invent,precision,10,query,104,-4.83996519,4.641841834,True,
mode_invent,precision,10,query,105,-5.669259638,-4.817126772,True,
mode_invent,precision,10,query,106,4.013056898,3.546873795,True,
mode_invent,precision,10,query,107,5.91615327,5.701240139,True,
mode_invent,precision,10,query,108,13.75419693,0.03853476377,False,
mode_invent,precision,10,query,109,-14.86051561,-1.513494407,False,
mode_invent,precision,10,query,110,7.833345149,-0.971708691,True,
mode_invent,precision,10,query,111,4.013372927,6.162535321,True,
mode_invent,precision,10,query,112,-0.06139862842,-7.593471463,True,
mode_invent,precision,10,query,113,-0.9892949414,7.341941208,True,
mode_invent,precision,10,query,114,-0.9990430272,7.113358133,True,
mode_invent,precision,10,query,115,5.852262167,4.873879633,True,
mode_invent,precision,10,query,116,8.356066289,0.3397559254,True,
mode_invent,precision,10,query,117,7.682015236,4.264065204,True,
mode_invent,precision,10,query,118,-13.11209762,-0.08948796189,False,
mode_invent,precision,10,query,119,-5.67088398,4.206990428,True,
mode_invent,precision,10,query,120,5.196660437,-4.913656986,True,
mode_invent,precision,10,query,121,-5.739332622,-5.575799879,True,
mode_invent,precision,10,query,122,5.366137569,-4.502284503,True,
mode_invent,precision,10,query,123,-0.02147256704,-10.20041567,True,
mode_invent,precision,10,query,124,4.964781699,3.688057642,True,
mode_invent,precision,10,query,125,4.748561585,-0.5301153498,True,
mode_invent,precision,10,query,126,6.9904141,5.703974156,True,
mode_invent,precision,10,query,127,-15.17254571,-0.9406998682,False,
mode_invent,precision,10,query,128,1.13061323,8.157626623,True,
mode_invent,precision,10,query,129,-13.95200076,-0.05346178884,False,
mode_invent,precision,10,query,130,-5.618453988,-4.851448603,True,
mode_invent,precision,10,query,131,0.5525672974,8.2157047,True,
mode_invent,precision,10,query,132,-6.699722607,6.167963014,True,
mode_invent,precision,10,query,133,-6.341101327,-4.563008574,True,
mode_invent,precision,10,query,134,4.385803428,-5.794475226,True,
mode_invent,precision,10,query,135,13.99264171,-1.324645551,False,
mode_invent,precision,10,query,136,7.378825893,7.117261017,True,
mode_invent,precision,10,query,137,-14.46358376,0.7717211656,False,
mode_invent,precision,10,query,138,6.035530319,3.043294786,True,
mode_invent,precision,10,query,139,5.907252266,5.59551017,True,
mode_invent,precision,10,query,140,0.08321735347,-9.07687492,True,
mode_invent,precision,10,query,141,-5.926201296,-5.835113013,True,
mode_invent,precision,10,query,142,-6.811905783,0.3344270604,True,
mode_invent,precision,10,query,143,-8.00555503,1.528969998,True,
mode_invent,precision,10,query,144,-6.212102179,5.267423945,True,
mode_invent,precision,10,query,145,-1.816755011,9.569105846,False,
mode_invent,precision,10,query,146,-4.692521881,-4.740006205,True,
mode_invent,precision,10,query,147,-4.987955803,5.767002837,True,
mode_invent,precision,10,query,148,0.2154889392,7.74799341,True,
mode_invent,precision,10,query,149,-0.2036004257,8.054303612,True,
mode_invent,precision,10,query,150,7.168683761,6.212542151,True,
mode_invent,precision,10,query,151,13.94153987,-0.5793920504,False,
mode_invent,precision,10,query,152,-6.291852737,7.259559261,True,
mode_invent,precision,10,query,153,-7.493312696,0.06755055831,True,
mode_invent,precision,10,query,154,-6.003036092,-6.765907661,True,
mode_invent,precision,10,query,155,-14.06686156,0.8736580345,False,
mode_invent,precision,10,query,156,5.264317003,5.429611666,True,
mode_invent,precision,10,query,157,5.435819898,-5.547259881,True,
mode_invent,precision,10,query,158,-1.593010879,7.764601648,True,
mode_invent,precision,10,query,159,-6.511249768,6.541439282,True,
mode_invent,precision,10,query,160,-6.427452926,-5.079807502,True,
mode_invent,precision,10,query,161,-4.132416797,5.343257988,True,
mode_invent,precision,10,query,162,5.055277997,5.848286509,True,
mode_invent,precision,10,query,163,-14.00202903,-0.9936163473,False,
mode_invent,precision,10,query,164,14.46091942,2.015516053,False,
mode_invent,precision,10,query,165,-0.2581119953,-8.202876196,True,
mode_invent,precision,10,query,166,6.955067976,0.3190884517,True,
mode_invent,precision,10,query,167,4.409878025,4.549923225,True,
mode_invent,precision,10,query,168,-12.72033273,-0.9054530594,False,
mode_invent,precision,10,query,169,6.738211819,-4.132496246,True,
mode_invent,precision,10,query,170,0.2593264575,8.553391403,True,
mode_invent,precision,10,query,171,9.952250944,-0.1967284021,True,
mode_invent,precision,10,query,172,-6.249860046,-7.010085314,True,
mode_invent,precision,10,query,173,0.04170708035,-6.520855789,True,
mode_invent,precision,10,query,174,0.9595953814,7.057908759,True,
mode_invent,precision,10,query,175,4.801478866,5.15268302,True,
mode_invent,precision,10,query,176,0.2922680825,-8.205311427,True,
mode_invent,precision,10,query,177,0.2144539454,-7.703260622,True,
mode_invent,precision,10,query,178,-5.955627836,-5.697028191,True,
mode_invent,precision,10,query,179,8.206592377,-0.08396970353,True,
mode_invent,precision,10,query,180,-7.496479135,1.870875773,True,
mode_invent,precision,10,query,181,0.5919722848,-7.944189454,True,
mode_invent,precision,10,query,182,6.313881377,0.387957086,True,
mode_invent,precision,10,query,183,-9.946678412,-1.409034086,True,
mode_invent,precision,10,query,184,8.854639252,0.7062350601,True,
mode_invent,precision,10,query,185,-0.1499389983,6.289988894,True,
mode_invent,precision,10,query,186,5.285505733,4.978115931,True,
mode_invent,precision,10,query,187,0.6368407461,-5.742269468,True,
mode_invent,precision,10,query,188,8.216930488,-0.779311128,True,
mode_invent,precision,10,query,189,-1.17055153,7.943905719,True,
mode_invent,precision,10,query,190,13.82320681,-1.15151916,False,
mode_invent,precision,10,query,191,5.773209485,4.505940728,True,
mode_invent,precision,10,query,192,1.112107272,9.062650606,True,
mode_invent,precision,10,query,193,15.08475127,-0.4740504706,False,
mode_invent,precision,10,query,194,6.171374813,-5.788923755,True,
mode_invent,precision,10,query,195,-0.3888120614,-8.339145657,True,
mode_invent,precision,10,query,196,-1.299715273,6.556136304,True,
mode_invent,precision,10,query,197,0.7943147909,7.808764596,True,
mode_invent,precision,10,query,198,5.873279101,-4.655143861,True,
mode_invent,precision,10,query,199,-9.733132495,-0.7841300738,True,
mode_invent,precision,10,query,200,-5.481519406,-5.264759463,True,
mode_invent,precision,10,query,201,7.62292555,1.029179233,True,
mode_invent,precision,10,query,202,-7.789605061,-1.213382139,True,
mode_invent,precision,10,query,203,-6.587618025,-4.851383189,True,
mode_invent,precision,10,query,204,6.120685706,-7.555915488,True,
mode_invent,precision,10,query,205,-4.309141946,6.254881281,True,
mode_invent,precision,10,query,206,-4.313511262,5.273153368,True,
mode_invent,precision,10,query,207,5.361148028,4.530397165,True,
mode_invent,precision,10,query,208,8.19378382,5.481400024,True,
mode_invent,precision,10,query,209,-12.41246681,-0.6472924514,False,
mode_invent,precision,10,query,210,-7.836158808,-1.671352487,True,
mode_invent,precision,10,query,211,5.273987101,-4.673099341,True,
mode_invent,precision,10,query,212,4.405110434,6.729081794,True,
mode_invent,precision,10,query,213,14.33723782,-1.043950925,False,
mode_invent,precision,10,query,214,-6.158451521,5.197788573,True,
mode_invent,precision,10,query,215,5.607334912,5.120710284,True,
mode_invent,precision,10,query,216,7.172712099,-0.3045877025,True,
mode_invent,precision,10,query,217,-1.026889739,6.710473427,True,
mode_invent,precision,10,query,218,-5.705030732,6.539728475,True,
mode_invent,precision,10,query,219,6.470628295,0.003508151464,True,
mode_invent,precision,10,query,220,7.350043805,-0.9771454371,True,
mode_invent,precision,10,query,221,-4.803416597,-6.175023939,True,
mode_invent,precision,10,query,222,-12.50169832,-0.7798393641,False,
mode_invent,precision,10,query,223,-7.613498006,-0.2272830066,True,
mode_invent,precision,10,query,224,7.245978191,0.5876750426,True,
mode_invent,precision,10,query,225,7.845017427,0.6032105807,True,
mode_invent,precision,10,query,226,-5.704145757,4.571037994,True,
mode_invent,precision,10,query,227,-14.10206924,0.05195516952,False,
mode_invent,precision,10,query,228,8.958462954,-0.9062690073,True,
mode_invent,precision,10,query,229,-0.03932985327,-9.72187873,True,
mode_invent,precision,10,query,230,0.6514930603,6.918517025,True,
mode_invent,precision,10,query,231,-9.806359521,-0.05921683427,True,
mode_invent,precision,10,query,232,-12.89431504,-1.524446948,False,
mode_invent,precision,10,query,233,12.91196441,-0.7432748911,False,
mode_invent,precision,10,query,234,6.870503354,0.3794278883,True,
mode_invent,precision,10,query,235,-6.464221695,-6.378368986,True,
mode_invent,precision,10,query,236,8.583305399,-0.755514631,True,
mode_invent,precision,10,query,237,6.089634347,4.685469078,True,
mode_invent,precision,10,query,238,-6.868992764,-7.492303539,True,
mode_invent,precision,10,query,239,1.861202787,-8.320259032,True,
mode_invent,precision,10,query,240,5.900787617,5.625804741,True,
mode_invent,precision,10,query,241,5.816816006,5.706540729,True,
mode_invent,precision,10,query,242,1.908217039,-9.038926591,True,
mode_invent,precision,10,query,243,12.44253789,-1.011959668,False,
mode_invent,precision,10,query,244,-6.991563259,6.403816302,True,
mode_invent,precision,10,query,245,14.82037821,-0.9613155452,False,
mode_invent,precision,10,query,246,-1.390435776,7.645203347,True,
mode_invent,precision,10,query,247,7.047978127,-8.476423667,False,
mode_invent,precision,10,query,248,-7.473373231,-1.075755227,True,
mode_invent,precision,10,query,249,1.040367147,-9.077923941,True,
mode_invent,precision,10,query,250,-8.285415827,-1.506279101,True,
mode_invent,precision,10,query,251,-6.6341121,7.042693413,True,
mode_invent,precision,10,query,252,14.82057869,-0.4016681522,False,
mode_invent,precision,10,query,253,-8.87017237,-1.893807137,True,
mode_invent,precision,10,query,254,-0.3936567119,7.969096747,True,
mode_invent,precision,10,query,255,5.572799892,5.563062322,True,
mode_invent,precision,10,query,256,-15.12180963,-0.06627388537,False,
mode_invent,precision,10,query,257,-8.03867338,1.290562038,True,
mode_invent,precision,10,query,258,9.866733454,-0.1369890269,True,
mode_invent,precision,10,query,259,-6.423160201,-5.721836379,True,
mode_invent,precision,10,query,260,-0.6076212753,7.257566184,True,
mode_invent,precision,10,query,261,-5.715504401,4.613549818,True,
mode_invent,precision,10,query,262,0.6061067512,7.896084451,True,
mode_invent,precision,10,query,263,-5.406845943,-5.839794285,True,
mode_invent,precision,10,query,264,-8.727254447,-0.9479595597,True,
mode_invent,precision,10,query,265,-5.894130254,5.108093912,True,
mode_invent,precision,10,query,266,5.890755583,5.652422546,True,
mode_invent,precision,10,query,267,4.294547502,5.723975549,True,
mode_invent,precision,10,query,268,-6.999714667,-6.273331875,True,
mode_invent,precision,10,query,269,5.36250064,3.581580972,True,
mode_invent,precision,10,query,270,0.09150744786,-7.84901665,True,
mode_invent,precision,10,query,271,13.84197581,-0.4243172725,False,
mode_invent,precision,10,query,272,5.283250589,4.680314781,True,
mode_invent,precision,10,query,273,5.38715388,-6.209466053,True,
mode_invent,precision,10,query,274,8.091685393,-1.20413609,True,
mode_invent,precision,10,query,275,-5.42126434,5.800073143,True,
mode_invent,precision,10,query,276,-8.141562832,-0.4392048231,True,
mode_invent,precision,10,query,277,-5.104514357,-7.321455956,True,
mode_invent,precision,10,query,278,8.460453338,0.2430374662,True,
mode_invent,precision,10,query,279,-5.373477957,-5.273541657,True,
mode_invent,precision,10,query,280,5.003209843,-5.916314308,True,
mode_invent,precision,10,query,281,6.293912581,-5.226215005,True,
mode_invent,precision,10,query,282,5.863567015,-7.171174495,True,
mode_invent,precision,10,query,283,0.5378871149,-6.830529008,True,
mode_invent,precision,10,query,284,1.009671493,-7.766121951,True,
mode_invent,precision,10,query,285,-1.557678604,-7.057455186,True,
mode_invent,precision,10,query,286,13.85274536,-2.532519648,False,
mode_invent,precision,10,query,287,-7.622792597,-1.492171783,True,
mode_invent,precision,10,query,288,-9.29644058,-0.6349588924,True,
mode_invent,precision,10,query,289,1.272591178,-8.370845354,True,
mode_invent,precision,10,query,290,-5.385862662,-3.908886286,True,
mode_invent,precision,10,query,291,15.59402976,-0.1033534158,False,
mode_invent,precision,10,query,292,5.415333227,4.395983615,True,
mode_invent,precision,10,query,293,-6.351312324,-5.231495902,True,
mode_invent,precision,10,query,294,-7.604269238,0.1102382312,True,
mode_invent,precision,10,query,295,6.651655907,4.884486236,True,
mode_invent,precision,10,query,296,5.600777729,-4.925611261,True,
mode_invent,precision,10,query,297,14.58414591,1.070945776,False,
mode_invent,precision,10,query,298,-5.259833843,5.347451694,True,
mode_invent,precision,10,query,299,6.01904651,4.654259053,True,
mode_invent,precision,10,query,300,-7.296313581,-5.076182469,True,
mode_invent,precision,10,query,301,-5.711994582,5.965263876,True,
mode_invent,precision,10,query,302,-1.697684364,-8.365114025,True,
mode_invent,precision,10,query,303,-8.599857114,-0.8642121147,True,
mode_invent,precision,10,query,304,5.744984994,-0.3348734821,True,
mode_invent,precision,10,query,305,-7.102695712,0.3809977219,True,
mode_invent,precision,10,query,306,7.39905339,-0.01487597165,True,
mode_invent,precision,10,query,307,-4.900054169,-8.417272112,True,
mode_invent,precision,10,query,308,5.532317703,6.200054397,True,
mode_invent,precision,10,query,309,0.6821286252,-6.299269793,True,
mode_invent,precision,10,query,310,-4.52180857,5.969417084,True,
mode_invent,precision,10,query,311,-13.69802399,0.786945348,False,
mode_invent,precision,10,query,312,-8.539326995,-0.04018805494,True,
mode_invent,precision,10,query,313,-4.750615246,7.614299464,True,
mode_invent,precision,10,query,314,-8.159267306,-0.04840068933,True,
mode_invent,precision,10,query,315,5.855334443,-4.313650555,True,
mode_invent,precision,10,query,316,5.626540946,-4.187495213,True,
mode_invent,precision,10,query,317,7.033342783,-0.1860362957,True,
mode_invent,precision,10,query,318,5.458689093,-4.870348525,True,
mode_invent,precision,10,query,319,-4.611593873,4.147409891,True,
mode_invent,precision,10,query,320,-8.915117626,0.3368524788,True,
mode_invent,precision,10,query,321,-14.65869365,-1.522427776,False,
mode_invent,precision,10,query,322,1.038479972,-7.506029916,True,
mode_invent,precision,10,query,323,8.493177497,-0.4754457164,True,
mode_invent,precision,10,query,324,1.028938452,7.760040004,True,
mode_invent,precision,10,query,325,1.096435278,7.088334849,True,
mode_invent,precision,10,query,326,-0.8541354477,-7.795336789,True,
mode_invent,precision,10,query,327,4.954522104,-4.981403184,True,
mode_invent,precision,10,query,328,-7.739912256,-0.9229712179,True,
mode_invent,precision,10,query,329,-13.9271344,-0.3512776882,False,
mode_invent,precision,10,query,330,-4.74102142,5.024301266,True,
mode_invent,precision,10,query,331,7.560826905,1.211236905,True,
mode_invent,precision,10,query,332,-5.761406611,1.999008664,True,
mode_invent,precision,10,query,333,0.06322301166,8.218854707,True,
mode_invent,precision,10,query,334,15.53345866,-0.1244348062,False,
mode_invent,precision,10,query,335,-0.9763491371,-7.883124403,True,
mode_invent,precision,10,query,336,0.4515167805,7.170850382,True,
mode_invent,precision,10,query,337,-7.303085391,-7.093583764,True,
mode_invent,precision,10,query,338,8.665429284,-0.7583765163,True,
mode_invent,precision,10,query,339,13.85865291,0.2125586843,False,
mode_invent,precision,10,query,340,-7.380859121,-0.3349027987,True,
mode_invent,precision,10,query,341,6.15556995,4.766793957,True,
mode_invent,precision,10,query,342,-0.3617140257,6.975584412,True,
mode_invent,precision,10,query,343,15.13176722,-0.02708322807,False,
mode_invent,precision,10,query,344,4.917546762,5.304482451,True,
mode_invent,precision,10,query,345,-5.87858273,-4.956334458,True,
mode_invent,precision,10,query,346,4.061218071,-6.694060091,True,
mode_invent,precision,10,query,347,-6.034961501,-3.124548417,True,
mode_invent,precision,10,query,348,-4.701175357,-5.768305929,True,
mode_invent,precision,10,query,349,-7.288000418,2.05743617,True,
mode_invent,precision,10,query,350,7.766256073,-0.3664133441,True,
mode_invent,precision,10,query,351,6.868797793,-5.162678751,True,
mode_invent,precision,10,query,352,6.328187405,5.14863185,True,
mode_invent,precision,10,query,353,7.581057382,7.366445051,True,
mode_invent,precision,10,query,354,-5.090906461,6.341144088,True,
mode_invent,precision,10,query,355,3.629593377,-5.019144456,True,
mode_invent,precision,10,query,356,-5.850962837,-5.222948544,True,
mode_invent,precision,10,query,357,6.339313661,-5.998146018,True,
mode_invent,precision,10,query,358,-7.34733605,-5.288979684,True,
mode_invent,precision,10,query,359,4.915470597,5.326660157,True,
mode_invent,precision,10,query,360,5.052344405,-5.998428505,True,
mode_invent,precision,10,query,361,5.690479043,1.216947127,True,
mode_invent,precision,10,query,362,0.2533461023,-6.888600737,True,
mode_invent,precision,10,query,363,7.636696079,-5.634261127,True,
mode_invent,precision,10,query,364,-1.802436256,-8.89388685,True,
mode_invent,precision,10,query,365,-6.86375873,5.154979606,True,
mode_invent,precision,10,query,366,-7.920352022,-2.002187267,True,
mode_invent,precision,10,query,367,5.999329743,-7.167210903,True,
mode_invent,precision,10,query,368,-7.702634737,-0.1094911452,True,
mode_invent,precision,10,query,369,-5.970485489,5.583811194,True,
mode_invent,precision,10,query,370,-6.196632265,-6.269325693,True,
mode_invent,precision,10,query,371,3.974097859,-5.686481564,True,
mode_invent,precision,10,query,372,1.845533711,-6.019504937,True,
mode_invent,precision,10,query,373,1.321817597,8.705801601,True,
mode_invent,precision,10,query,374,13.32351988,1.442750788,False,
mode_invent,precision,10,query,375,13.94387245,-0.06887550976,False,
mode_invent,precision,10,query,376,-14.29122713,0.09196189902,False,
mode_invent,precision,10,query,377,5.221639348,5.57307208,True,
mode_invent,precision,10,query,378,4.572255141,-6.030517954,True,
mode_invent,precision,10,query,379,2.28055647,-8.069594028,True,
mode_invent,precision,10,query,380,-0.2386605648,-7.467625721,True,
mode_invent,precision,10,query,381,14.70812182,-1.113768859,False,
mode_invent,precision,10,query,382,7.792841217,0.9182758409,True,
mode_invent,precision,10,query,383,5.926691879,-5.534900206,True,
mode_invent,precision,10,query,384,9.554017669,-0.6777727596,True,
mode_invent,precision,10,query,385,0.08274589511,7.479941335,True,
mode_invent,precision,10,query,386,1.490308229,-9.951860399,True,
mode_invent,precision,10,query,387,-14.6701417,-0.529156966,False,
mode_invent,precision,10,query,388,0.6635396232,8.606275476,True,
mode_invent,precision,10,query,389,1.39519426,6.425967158,True,
mode_invent,precision,10,query,390,-7.249524991,-0.2932798643,True,
mode_invent,precision,10,query,391,-0.6656252373,8.539568533,True,
mode_invent,precision,10,query,392,-6.576993832,3.579940954,True,
mode_invent,precision,10,query,393,-8.370218489,-1.497770852,True,
mode_invent,precision,10,query,394,-14.64891582,0.3715547638,False,
mode_invent,precision,10,query,395,-5.344854504,-4.069954801,True,
mode_invent,precision,10,query,396,-0.1996547469,6.466668409,True,
mode_invent,precision,10,query,397,-6.412951106,4.737470025,True,
mode_invent,precision,10,query,398,-15.21782516,0.435367195,False,
mode_invent,precision,10,query,399,-6.302086587,-7.634227066,True,
mode_invent,precision,10,query,400,14.6969228,-0.1114265687,False,
mode_invent,precision,10,query,401,-5.300016971,-5.551132705,True,
mode_invent,precision,10,query,402,6.288508984,-5.618835502,True,
mode_invent,precision,10,query,403,6.893056733,-5.23187146,True,
mode_invent,precision,10,query,404,0.3920676234,8.409866918,True,
mode_invent,precision,10,query,405,4.200216507,-5.821490001,True,
mode_invent,precision,10,query,406,5.39753776,-5.449307528,True,
mode_invent,precision,10,query,407,6.641305836,1.634114777,True,
mode_invent,precision,10,query,408,5.761242914,4.445536709,True,
mode_invent,precision,10,query,409,-9.708886964,-0.2812872937,True,
mode_invent,precision,10,query,410,-0.08967541293,-8.718292086,True,
mode_invent,precision,10,query,411,8.092113828,-0.6411757672,True,
mode_invent,precision,10,query,412,0.5516582517,-8.724541818,True,
mode_invent,precision,10,query,413,5.618354024,-4.678015076,True,
mode_invent,precision,10,query,414,2.571668883,6.992356807,True,
mode_invent,precision,10,query,415,7.53549223,-0.8398356978,True,
mode_invent,precision,10,query,416,-7.215671678,-1.148099306,True,
mode_invent,precision,10,query,417,5.172497204,-5.686455533,True,
mode_invent,precision,10,query,418,4.67817571,4.699529207,True,
mode_invent,precision,10,query,419,-6.132477138,-7.75729449,True,
mode_invent,precision,10,query,420,-1.445478217,7.586965912,True,
mode_invent,precision,10,query,421,8.148230636,-0.185759986,True,
mode_invent,precision,10,query,422,12.22603131,-0.4637862918,False,
mode_invent,precision,10,query,423,0.7984376405,8.555865512,True,
mode_invent,precision,10,query,424,5.578106388,-6.544224125,True,
mode_invent,precision,10,query,425,6.28807062,-6.235783231,True,
mode_invent,precision,10,query,426,-6.826102652,-6.459040485,True,
mode_invent,precision,10,query,427,-6.551654708,0.2201800382,True,
mode_invent,precision,10,query,428,9.159247053,-0.4793363133,True,
mode_invent,precision,10,query,429,6.595003589,-6.258358293,True,
mode_invent,precision,10,query,430,7.842572631,2.48635026,True,
mode_invent,precision,10,query,431,-4.889705617,-6.158024625,True,
mode_invent,precision,10,query,432,-0.08481903903,-7.673776579,True,
mode_invent,precision,10,query,433,9.21045759,-0.4891330917,True,
mode_invent,precision,10,query,434,3.915535165,5.377212436,True,
mode_invent,precision,10,query,435,0.01538545716,-7.890462031,True,
mode_invent,precision,10,query,436,1.316690136,8.316687078,True,
mode_invent,precision,10,query,437,14.81291697,-1.101113694,False,
mode_invent,precision,10,query,438,0.8679014884,10.09621983,True,
mode_invent,precision,10,query,439,-4.883944959,-5.40329853,True,
mode_invent,precision,10,query,440,-5.502866061,-3.86971201,True,
mode_invent,precision,10,query,441,-14.92718148,-0.111102358,False,
mode_invent,precision,10,query,442,0.4602075929,8.744001108,True,
mode_invent,precision,10,query,443,-8.437327906,0.3073213947,True,
mode_invent,precision,10,query,444,5.378932768,-5.536383117,True,
mode_invent,precision,10,query,445,-0.1320915404,-9.141593678,True,
mode_invent,precision,10,query,446,-14.02111359,0.8771515221,False,
mode_invent,precision,10,query,447,4.689835958,5.415762501,True,
mode_invent,precision,10,query,448,14.66478006,-1.069865107,False,
mode_invent,precision,10,query,449,8.182638338,-1.060129819,True,
mode_invent,precision,10,query,450,-4.522223749,-3.344032868,False,
mode_invent,precision,10,query,451,2.022255284,-8.219180678,True,
mode_invent,precision,10,query,452,6.397053378,-5.535856521,True,
mode_invent,precision,10,query,453,5.758960146,-4.109097189,True,
mode_invent,precision,10,query,454,-9.319179576,1.055294597,True,
mode_invent,precision,10,query,455,-5.705830245,-4.248313629,True,
mode_invent,precision,10,query,456,0.1872333689,-8.672671995,True,
mode_invent,precision,10,query,457,0.2771403768,-7.264032905,True,
mode_invent,precision,10,query,458,-5.621090575,6.144892526,True,
mode_invent,precision,10,query,459,5.135179074,3.522970349,True,
mode_invent,precision,10,query,460,0.9000235838,8.699159736,True,
mode_invent,precision,10,query,461,14.14817838,0.06841056221,False,
mode_invent,precision,10,query,462,6.693150019,-6.113960975,True,
mode_invent,precision,10,query,463,-14.70653407,-0.1885498695,False,
mode_invent,precision,10,query,464,-6.810902811,-1.387112904,True,
mode_invent,precision,10,query,465,6.848684242,-6.296107104,True,
mode_invent,precision,10,query,466,6.8992565,1.260061836,True,
mode_invent,precision,10,query,467,7.903109905,-1.300234364,True,
mode_invent,precision,10,query,468,13.64126694,0.9310524309,False,
mode_invent,precision,10,query,469,1.192074193,-8.427098682,True,
mode_invent,precision,10,query,470,6.063175009,-4.942769617,True,
mode_invent,precision,10,query,471,5.012227756,6.011890325,True,
mode_invent,precision,10,query,472,5.624976335,-6.19287866,True,
mode_invent,precision,10,query,473,-0.4921479354,-7.932965518,True,
mode_invent,precision,10,query,474,0.02985348696,-8.565489953,True,
mode_invent,precision,10,query,475,7.574054892,1.113337238,True,
mode_invent,precision,10,query,476,-7.786172865,0.8850943666,True,
mode_invent,precision,10,query,477,-6.798177768,0.5888422596,True,
mode_invent,precision,10,query,478,2.270886313,7.174695968,True,
mode_invent,precision,10,query,479,6.465263843,5.338710276,True,
mode_invent,recall,10,center,0,-5.655624096,-5.358108712,,0.5411537553
mode_invent,recall,10,center,1,-8.274137855,-0.8905918388,,0.7091098091
mode_invent,recall,10,center,2,-0.4546707852,7.008353445,,0.8529518882
mode_invent,recall,10,center,3,-5.596710647,6.997069495,,1.021753735
mode_invent,recall,10,center,4,-6.149060768,5.03637935,,0.643810488
mode_invent,recall,10,center,5,0.4898420502,-7.643112992,,0.5754786035
mode_invent,recall,10,center,6,-7.894585751,-0.9304680447,,0.7129429739
mode_invent,recall,10,center,7,-8.029251822,0.6953031945,,0.8950553387
mode_invent,recall,10,center,8,4.312639702,5.199238488,,0.9791636663
mode_invent,recall,10,center,9,12.09877726,-1.28953774,,2.149746062
mode_invent,recall,10,center,10,-7.498589287,5.421763118,,1.295712028
mode_invent,recall,10,center,11,-1.267446481,-7.728735641,,1.115152622
mode_invent,recall,10,center,12,-13.84324891,-0.1869309446,,0.8625517064
mode_invent,recall,10,center,13,-8.17361396,-6.195547145,,1.839460141
mode_invent,recall,10,center,14,5.608353304,-5.543545263,,0.6843101406
mode_invent,recall,10,center,15,-1.530135766,-8.477753276,,1.420565125
mode_invent,recall,10,center,16,-8.978519078,-0.8088372394,,0.8954793685
mode_invent,recall,10,center,17,-4.595955626,4.849319574,,1.0078725
mode_invent,recall,10,center,18,5.624332545,6.541244117,,0.9871455149
mode_invent,recall,10,center,19,-8.583600433,-0.1117019496,,0.8381148765
mode_invent,recall,10,center,20,8.110464143,0.06378177426,,0.7157459747
mode_invent,recall,10,center,21,-1.225055826,8.07614023,,0.8382617699
mode_invent,recall,10,center,22,1.358823422,6.452855322,,1.348167603
mode_invent,recall,10,center,23,8.859382688,0.1193540257,,0.7509775375
mode_invent,recall,10,center,24,-6.298324644,-3.656437703,,1.374872779
mode_invent,recall,10,center,25,8.762259712,-1.199288902,,0.8397634265
mode_invent,recall,10,center,26,5.731370478,6.233543833,,0.7781543862
mode_invent,recall,10,center,27,-5.845636375,6.339764517,,0.7088501597
mode_invent,recall,10,center,28,-0.06651732015,-7.332752439,,0.7358105468
mode_invent,recall,10,center,29,-4.218331658,-6.3325165,,1.567096261
mode_invent,recall,10,center,30,-13.79686139,-0.4633075765,,0.780155447
mode_invent,recall,10,center,31,-5.529585838,4.469659722,,0.9334636994
mode_invent,recall,10,center,32,-8.579301597,-0.1961959728,,0.7584922726
mode_invent,recall,10,center,33,-4.758090377,-4.511632242,,0.9836399484
mode_invent,recall,10,center,34,4.333326457,-6.451496615,,1.13555951
mode_invent,recall,10,center,35,0.6469034226,6.007580216,,1.397977568
mode_invent,recall,10,center,36,-6.120024114,-5.754141175,,0.6103352267
mode_invent,recall,10,center,37,-4.399839272,6.34625815,,1.076571594
mode_invent,recall,10,center,38,-14.32721342,-0.3685758941,,0.6292374747
mode_invent,recall,10,center,39,13.7498046,1.5235294,,1.889474507
mode_invent,recall,10,center,40,-6.084879192,5.353173861,,0.76864576
mode_invent,recall,10,center,41,0.3525890673,-8.120770445,,0.625403364
mode_invent,recall,10,center,42,-0.197284228,6.885932857,,0.8494025036
mode_invent,recall,10,center,43,-5.668375718,-6.100435472,,0.7448830781
mode_invent,recall,10,center,44,6.822982026,-5.003765747,,1.029395447
mode_invent,recall,10,center,45,-5.680997863,6.325235273,,0.7588491617
mode_invent,recall,10,center,46,7.660130448,1.052126358,,1.017082918
mode_invent,recall,10,center,47,-0.005399560672,8.583382354,,0.8043080396
mode_invent,recall,10,center,48,-6.947747495,-5.310174201,,1.064874371
mode_invent,recall,10,center,49,-1.688204117,-10.03532894,,2.136693113
mode_invent,recall,10,center,50,7.695523122,-0.8999276076,,0.538182701
mode_invent,recall,10,center,51,0.1640527957,-5.755243374,,1.759099586
mode_invent,recall,10,center,52,-6.488577431,5.032910663,,0.8421103997
mode_invent,recall,10,center,53,-5.451450303,6.149867541,,0.6011759587
mode_invent,recall,10,center,54,7.823593934,-0.2059303303,,0.7057154907
mode_invent,recall,10,center,55,-4.954391294,-5.136946612,,0.7831484399
mode_invent,recall,10,center,56,-1.033675832,7.920818681,,0.7199393167
mode_invent,recall,10,center,57,-13.96471315,-1.054484622,,1.006554531
mode_invent,recall,10,center,58,5.91669335,4.798897772,,0.6170276988
mode_invent,recall,10,center,59,-4.684787542,5.849600162,,0.7493302588
mode_invent,recall,10,center,60,5.746160735,-6.247882602,,0.7354831006
mode_invent,recall,10,center,61,-5.775464073,3.659107957,,1.453836979
mode_invent,recall,10,center,62,-1.131407471,8.362839799,,0.9777630037
mode_invent,recall,10,center,63,-10.12856704,0.8466085215,,1.819915409
mode_invent,recall,10,center,64,3.910757774,-4.900115747,,1.492015763
mode_invent,recall,10,center,65,-8.845497033,0.7789910843,,1.074936457
mode_invent,recall,10,center,66,8.130951208,-1.53683494,,0.90282099
mode_invent,recall,10,center,67,-4.4077055,7.098561405,,1.412567521
mode_invent,recall,10,center,68,-5.722659155,5.382937977,,0.5824235446
mode_invent,recall,10,center,69,-14.15986697,-0.9751523228,,0.883584019
mode_invent,recall,10,center,70,-4.55826749,5.113962318,,0.9540871438
mode_invent,recall,10,center,71,-0.05119041269,-8.793296403,,0.7844291127
mode_invent,recall,10,center,72,7.3739269,-1.277725152,,0.9793220041
mode_invent,recall,10,center,73,-6.742930686,-0.1540875732,,0.9009840353
mode_invent,recall,10,center,74,0.9659216187,8.013324597,,0.6889937513
mode_invent,recall,10,center,75,-14.69440353,-0.32668526,,0.7782248281
mode_invent,recall,10,center,76,-0.5602310505,-7.992040901,,0.6672473353
mode_invent,recall,10,center,77,13.62473316,-0.2999217159,,1.088632652
mode_invent,recall,10,center,78,-7.035428934,4.850008322,,1.293279241
mode_invent,recall,10,center,79,1.654057549,7.328766784,,0.9846600985
mode_invent,recall,10,center,80,4.602760462,5.994180582,,0.7610159824
mode_invent,recall,10,center,81,1.4072722,-9.454024302,,1.448794733
mode_invent,recall,10,center,82,-8.208521848,-0.6320525539,,0.6780380742
mode_invent,recall,10,center,83,-7.417873724,6.391780959,,1.520705793
mode_invent,recall,10,center,84,5.633410331,-5.585412405,,0.6606076268
mode_invent,recall,10,center,85,-6.409165722,6.111638412,,0.8240553293
mode_invent,recall,10,center,86,-0.5392973495,7.857096792,,0.7274503672
mode_invent,recall,10,center,87,-6.765115042,-6.87295701,,1.087328606
mode_invent,recall,10,center,88,9.335531855,-0.5071047045,,0.7921818816
mode_invent,recall,10,center,89,-5.365173893,5.623063815,,0.7382335892
mode_invent,recall,10,center,90,5.215709047,-6.16481522,,0.6573193171
mode_invent,recall,10,center,91,0.6300825914,7.698132395,,0.7200451263
mode_invent,recall,10,center,92,-5.808297898,-5.634632692,,0.5150939217
mode_invent,recall,10,center,93,-6.82349168,0.6805109746,,1.158327931
mode_invent,recall,10,center,94,6.039454517,5.093282856,,0.5502799891
mode_invent,recall,10,center,95,4.274885529,6.606384181,,1.35101831
mode_invent,recall,10,center,96,8.966447134,-0.1407083991,,0.7656022414
mode_invent,recall,10,center,97,8.541883842,0.7814430539,,0.9517654946
mode_invent,recall,10,center,98,0.8311844527,-7.078616527,,0.9329809939
mode_invent,recall,10,center,99,-6.1124719,7.171827232,,1.138442136
mode_invent,recall,10,center,100,-6.903447308,6.518577326,,1.198603212
mode_invent,recall,10,center,101,-5.16292217,6.530473363,,0.7850036651
mode_invent,recall,10,center,102,-12.12099169,1.484445473,,2.444728355
mode_invent,recall,10,center,103,-9.145176907,-1.68867158,,1.181372212
mode_invent,recall,10,center,104,-4.83996519,4.641841834,,0.937828225
mode_invent,recall,10,center,105,-5.669259638,-4.817126772,,0.7831484399
mode_invent,recall,10,center,106,4.013056898,3.546873795,,1.788919357
mode_invent,recall,10,center,107,5.91615327,5.701240139,,0.6579896066
mode_invent,recall,10,center,108,13.75419693,0.03853476377,,1.153667482
mode_invent,recall,10,center,109,-14.86051561,-1.513494407,,1.403975712
mode_invent,recall,10,center,110,7.833345149,-0.971708691,,0.6090019714
mode_invent,recall,10,center,111,4.013372927,6.162535321,,1.229824173
mode_invent,recall,10,center,112,-0.06139862842,-7.593471463,,0.6385071509
mode_invent,recall,10,center,113,-0.9892949414,7.341941208,,0.726687765
mode_invent,recall,10,center,114,-0.9990430272,7.113358133,,0.8333903218
mode_invent,recall,10,center,115,5.852262167,4.873879633,,0.576262147
mode_invent,recall,10,center,116,8.356066289,0.3397559254,,0.7767951748
mode_invent,recall,10,center,117,7.682015236,4.264065204,,1.840002074
mode_invent,recall,10,center,118,-13.11209762,-0.08948796189,,1.193008991
mode_invent,recall,10,center,119,-5.67088398,4.206990428,,1.101919283
mode_invent,recall,10,center,120,5.196660437,-4.913656986,,0.7243216496
mode_invent,recall,10,center,121,-5.739332622,-5.575799879,,0.4745626074
mode_invent,recall,10,center,122,5.366137569,-4.502284503,,0.6316502215
mode_invent,recall,10,center,123,-0.02147256704,-10.20041567,,1.611958959
mode_invent,recall,10,center,124,4.964781699,3.688057642,,1.149994881
mode_invent,recall,10,center,125,4.748561585,-0.5301153498,,2.700107114
mode_invent,recall,10,center,126,6.9904141,5.703974156,,1.1736009
mode_invent,recall,10,center,127,-15.17254571,-0.9406998682,,1.171712188
mode_invent,recall,10,center,128,1.13061323,8.157626623,,0.6476446151
mode_invent,recall,10,center,129,-13.95200076,-0.05346178884,,0.840675421
mode_invent,recall,10,center,130,-5.618453988,-4.851448603,,0.7687392123
mode_invent,recall,10,center,131,0.5525672974,8.2157047,,0.5363090615
mode_invent,recall,10,center,132,-6.699722607,6.167963014,,1.020741784
mode_invent,recall,10,center,133,-6.341101327,-4.563008574,,0.9624323595
mode_invent,recall,10,center,134,4.385803428,-5.794475226,,0.9922333784
mode_invent,recall,10,center,135,13.99264171,-1.324645551,,1.215948529
mode_invent,recall,10,center,136,7.378825893,7.117261017,,2.088086443
mode_invent,recall,10,center,137,-14.46358376,0.7717211656,,0.9971460381
mode_invent,recall,10,center,138,6.035530319,3.043294786,,1.643065321
mode_invent,recall,10,center,139,5.907252266,5.59551017,,0.6618318207
mode_invent,recall,10,center,140,0.08321735347,-9.07687492,,0.9382854009
mode_invent,recall,10,center,141,-5.926201296,-5.835113013,,0.6167707541
mode_invent,recall,10,center,142,-6.811905783,0.3344270604,,0.9788096302
mode_invent,recall,10,center,143,-8.00555503,1.528969998,,1.460477763
mode_invent,recall,10,center,144,-6.212102179,5.267423945,,0.8210729115
mode_invent,recall,10,center,145,-1.816755011,9.569105846,,2.136088266
mode_invent,recall,10,center,146,-4.692521881,-4.740006205,,1.028336134
mode_invent,recall,10,center,147,-4.987955803,5.767002837,,0.7817249942
mode_invent,recall,10,center,148,0.2154889392,7.74799341,,0.685023045
mode_invent,recall,10,center,149,-0.2036004257,8.054303612,,0.7732010972
mode_invent,recall,10,center,150,7.168683761,6.212542151,,1.404257058
mode_invent,recall,10,center,151,13.94153987,-0.5793920504,,0.8738650878
mode_invent,recall,10,center,152,-6.291852737,7.259559261,,1.15389974
mode_invent,recall,10,center,153,-7.493312696,0.06755055831,,0.8228178753
mode_invent,recall,10,center,154,-6.003036092,-6.765907661,,1.018507545
mode_invent,recall,10,center,155,-14.06686156,0.8736580345,,1.232879233
mode_invent,recall,10,center,156,5.264317003,5.429611666,,0.6180168726
mode_invent,recall,10,center,157,5.435819898,-5.547259881,,0.6556091692
mode_invent,recall,10,center,158,-1.593010879,7.764601648,,1.108186641
mode_invent,recall,10,center,159,-6.511249768,6.541439282,,0.8579407903
mode_invent,recall,10,center,160,-6.427452926,-5.079807502,,0.8024077689
mode_invent,recall,10,center,161,-4.132416797,5.343257988,,1.038038586
mode_invent,recall,10,center,162,5.055277997,5.848286509,,0.7404581098
mode_invent,recall,10,center,163,-14.00202903,-0.9936163473,,0.9613425631
mode_invent,recall,10,center,164,14.46091942,2.015516053,,2.149941533
mode_invent,recall,10,center,165,-0.2581119953,-8.202876196,,0.6161957012
mode_invent,recall,10,center,166,6.955067976,0.3190884517,,0.9748141645
mode_invent,recall,10,center,167,4.409878025,4.549923225,,0.9747168185
mode_invent,recall,10,center,168,-12.72033273,-0.9054530594,,1.441220597
mode_invent,recall,10,center,169,6.738211819,-4.132496246,,1.24566138
mode_invent,recall,10,center,170,0.2593264575,8.553391403,,0.7431749466
mode_invent,recall,10,center,171,9.952250944,-0.1967284021,,1.421300263
mode_invent,recall,10,center,172,-6.249860046,-7.010085314,,1.056529989
mode_invent,recall,10,center,173,0.04170708035,-6.520855789,,1.077559823
mode_invent,recall,10,center,174,0.9595953814,7.057908759,,0.909666259
mode_invent,recall,10,center,175,4.801478866,5.15268302,,0.7187980169
mode_invent,recall,10,center,176,0.2922680825,-8.205311427,,0.595904819
mode_invent,recall,10,center,177,0.2144539454,-7.703260622,,0.5080453236
mode_invent,recall,10,center,178,-5.955627836,-5.697028191,,0.6109717882
mode_invent,recall,10,center,179,8.206592377,-0.08396970353,,0.6954182721
mode_invent,recall,10,center,180,-7.496479135,1.870875773,,1.735529159
mode_invent,recall,10,center,181,0.5919722848,-7.944189454,,0.7415501729
mode_invent,recall,10,center,182,6.313881377,0.387957086,,1.157528735
mode_invent,recall,10,center,183,-9.946678412,-1.409034086,,1.578955383
mode_invent,recall,10,center,184,8.854639252,0.7062350601,,1.137834916
mode_invent,recall,10,center,185,-0.1499389983,6.289988894,,1.180177921
mode_invent,recall,10,center,186,5.285505733,4.978115931,,0.5983742425
mode_invent,recall,10,center,187,0.6368407461,-5.742269468,,1.808912653
mode_invent,recall,10,center,188,8.216930488,-0.779311128,,0.6081483177
mode_invent,recall,10,center,189,-1.17055153,7.943905719,,0.7808743494
mode_invent,recall,10,center,190,13.82320681,-1.15151916,,1.015149359
mode_invent,recall,10,center,191,5.773209485,4.505940728,,0.6367542543
mode_invent,recall,10,center,192,1.112107272,9.062650606,,1.015087361
mode_invent,recall,10,center,193,15.08475127,-0.4740504706,,0.9399802578
mode_invent,recall,10,center,194,6.171374813,-5.788923755,,0.6256598401
mode_invent,recall,10,center,195,-0.3888120614,-8.339145657,,0.694105009
mode_invent,recall,10,center,196,-1.299715273,6.556136304,,1.150704122
mode_invent,recall,10,center,197,0.7943147909,7.808764596,,0.7286022573
mode_invent,recall,10,center,198,5.873279101,-4.655143861,,0.7092635452
mode_invent,recall,10,center,199,-9.733132495,-0.7841300738,,1.331759567
mode_invent,recall,10,center,200,-5.481519406,-5.264759463,,0.5424022224
mode_invent,recall,10,center,201,7.62292555,1.029179233,,0.9941408202
mode_invent,recall,10,center,202,-7.789605061,-1.213382139,,0.7165440397
mode_invent,recall,10,center,203,-6.587618025,-4.851383189,,0.9189970782
mode_invent,recall,10,center,204,6.120685706,-7.555915488,,1.533295478
mode_invent,recall,10,center,205,-4.309141946,6.254881281,,1.14712522
mode_invent,recall,10,center,206,-4.313511262,5.273153368,,0.9817376352
mode_invent,recall,10,center,207,5.361148028,4.530397165,,0.7036027538
mode_invent,recall,10,center,208,8.19378382,5.481400024,,2.189011119
mode_invent,recall,10,center,209,-12.41246681,-0.6472924514,,1.650090798
mode_invent,recall,10,center,210,-7.836158808,-1.671352487,,0.8952166416
mode_invent,recall,10,center,211,5.273987101,-4.673099341,,0.7438395541
mode_invent,recall,10,center,212,4.405110434,6.729081794,,1.415301356
mode_invent,recall,10,center,213,14.33723782,-1.043950925,,0.9399802578
mode_invent,recall,10,center,214,-6.158451521,5.197788573,,0.733169198
mode_invent,recall,10,center,215,5.607334912,5.120710284,,0.5944680503
mode_invent,recall,10,center,216,7.172712099,-0.3045877025,,0.7923136806
mode_invent,recall,10,center,217,-1.026889739,6.710473427,,0.972548119
mode_invent,recall,10,center,218,-5.705030732,6.539728475,,0.7922205345
mode_invent,recall,10,center,219,6.470628295,0.003508151464,,1.327648034
mode_invent,recall,10,center,220,7.350043805,-0.9771454371,,0.8367198234
mode_invent,recall,10,center,221,-4.803416597,-6.175023939,,1.111309263
mode_invent,recall,10,center,222,-12.50169832,-0.7798393641,,1.622036237
mode_invent,recall,10,center,223,-7.613498006,-0.2272830066,,0.7572843046
mode_invent,recall,10,center,224,7.245978191,0.5876750426,,0.7565182951
mode_invent,recall,10,center,225,7.845017427,0.6032105807,,0.7192980011
mode_invent,recall,10,center,226,-5.704145757,4.571037994,,0.8670762566
mode_invent,recall,10,center,227,-14.10206924,0.05195516952,,0.8054538075
mode_invent,recall,10,center,228,8.958462954,-0.9062690073,,0.7656022414
mode_invent,recall,10,center,229,-0.03932985327,-9.72187873,,1.426214768
mode_invent,recall,10,center,230,0.6514930603,6.918517025,,0.9109483716
mode_invent,recall,10,center,231,-9.806359521,-0.05921683427,,1.267175409
mode_invent,recall,10,center,232,-12.89431504,-1.524446948,,1.639946509
mode_invent,recall,10,center,233,12.91196441,-0.7432748911,,1.232740325
mode_invent,recall,10,center,234,6.870503354,0.3794278883,,0.9998781788
mode_invent,recall,10,center,235,-6.464221695,-6.378368986,,0.8429815283
mode_invent,recall,10,center,236,8.583305399,-0.755514631,,0.6813802132
mode_invent,recall,10,center,237,6.089634347,4.685469078,,0.6496519476
mode_invent,recall,10,center,238,-6.868992764,-7.492303539,,1.395615796
mode_invent,recall,10,center,239,1.861202787,-8.320259032,,1.323772788
mode_invent,recall,10,center,240,5.900787617,5.625804741,,0.6405970227
mode_invent,recall,10,center,241,5.816816006,5.706540729,,0.6221572468
mode_invent,recall,10,center,242,1.908217039,-9.038926591,,1.558016608
mode_invent,recall,10,center,243,12.44253789,-1.011959668,,1.772967334
mode_invent,recall,10,center,244,-6.991563259,6.403816302,,1.167322752
mode_invent,recall,10,center,245,14.82037821,-0.9613155452,,0.9847604459
mode_invent,recall,10,center,246,-1.390435776,7.645203347,,0.8771176966
mode_invent,recall,10,center,247,7.047978127,-8.476423667,,2.580915303
mode_invent,recall,10,center,248,-7.473373231,-1.075755227,,0.8218938278
mode_invent,recall,10,center,249,1.040367147,-9.077923941,,1.128056178
mode_invent,recall,10,center,250,-8.285415827,-1.506279101,,0.7149289035
mode_invent,recall,10,center,251,-6.6341121,7.042693413,,1.056315768
mode_invent,recall,10,center,252,14.82057869,-0.4016681522,,0.8204243797
mode_invent,recall,10,center,253,-8.87017237,-1.893807137,,1.180622788
mode_invent,recall,10,center,254,-0.3936567119,7.969096747,,0.7773031241
mode_invent,recall,10,center,255,5.572799892,5.563062322,,0.6382771431
mode_invent,recall,10,center,256,-15.12180963,-0.06627388537,,1.026571264
mode_invent,recall,10,center,257,-8.03867338,1.290562038,,1.301939664
mode_invent,recall,10,center,258,9.866733454,-0.1369890269,,1.352499213
mode_invent,recall,10,center,259,-6.423160201,-5.721836379,,0.6992473221
mode_invent,recall,10,center,260,-0.6076212753,7.257566184,,0.7883060068
mode_invent,recall,10,center,261,-5.715504401,4.613549818,,0.8267293757
mode_invent,recall,10,center,262,0.6061067512,7.896084451,,0.6686416669
mode_invent,recall,10,center,263,-5.406845943,-5.839794285,,0.6072105607
mode_invent,recall,10,center,264,-8.727254447,-0.9479595597,,0.8328523944
mode_invent,recall,10,center,265,-5.894130254,5.108093912,,0.6376026526
mode_invent,recall,10,center,266,5.890755583,5.652422546,,0.6545801165
mode_invent,recall,10,center,267,4.294547502,5.723975549,,0.7732786467
mode_invent,recall,10,center,268,-6.999714667,-6.273331875,,1.05123146
mode_invent,recall,10,center,269,5.36250064,3.581580972,,1.310766519
mode_invent,recall,10,center,270,0.09150744786,-7.84901665,,0.5094339167
mode_invent,recall,10,center,271,13.84197581,-0.4243172725,,0.9128478647
mode_invent,recall,10,center,272,5.283250589,4.680314781,,0.674711603
mode_invent,recall,10,center,273,5.38715388,-6.209466053,,0.6731331412
mode_invent,recall,10,center,274,8.091685393,-1.20413609,,0.6705918379
mode_invent,recall,10,center,275,-5.42126434,5.800073143,,0.6339511779
mode_invent,recall,10,center,276,-8.141562832,-0.4392048231,,0.6250318764
mode_invent,recall,10,center,277,-5.104514357,-7.321455956,,1.512192347
mode_invent,recall,10,center,278,8.460453338,0.2430374662,,0.7192280266
mode_invent,recall,10,center,279,-5.373477957,-5.273541657,,0.5652036063
mode_invent,recall,10,center,280,5.003209843,-5.916314308,,0.6805008532
mode_invent,recall,10,center,281,6.293912581,-5.226215005,,0.7518550352
mode_invent,recall,10,center,282,5.863567015,-7.171174495,,1.265832011
mode_invent,recall,10,center,283,0.5378871149,-6.830529008,,0.9701673012
mode_invent,recall,10,center,284,1.009671493,-7.766121951,,0.8880851574
mode_invent,recall,10,center,285,-1.557678604,-7.057455186,,1.589392089
mode_invent,recall,10,center,286,13.85274536,-2.532519648,,2.073834072
mode_invent,recall,10,center,287,-7.622792597,-1.492171783,,0.8186588983
mode_invent,recall,10,center,288,-9.29644058,-0.6349588924,,1.010940969
mode_invent,recall,10,center,289,1.272591178,-8.370845354,,0.9533841532
mode_invent,recall,10,center,290,-5.385862662,-3.908886286,,1.082350109
mode_invent,recall,10,center,291,15.59402976,-0.1033534158,,1.456018225
mode_invent,recall,10,center,292,5.415333227,4.395983615,,0.7497288778
mode_invent,recall,10,center,293,-6.351312324,-5.231495902,,0.6763016625
mode_invent,recall,10,center,294,-7.604269238,0.1102382312,,0.7959214534
mode_invent,recall,10,center,295,6.651655907,4.884486236,,0.9565379333
mode_invent,recall,10,center,296,5.600777729,-4.925611261,,0.6431625716
mode_invent,recall,10,center,297,14.58414591,1.070945776,,1.324646294
mode_invent,recall,10,center,298,-5.259833843,5.347451694,,0.7655986068
mode_invent,recall,10,center,299,6.01904651,4.654259053,,0.6566398777
mode_invent,recall,10,center,300,-7.296313581,-5.076182469,,1.422193108
mode_invent,recall,10,center,301,-5.711994582,5.965263876,,0.7123714641
mode_invent,recall,10,center,302,-1.697684364,-8.365114025,,1.448685514
mode_invent,recall,10,center,303,-8.599857114,-0.8642121147,,0.7333386433
mode_invent,recall,10,center,304,5.744984994,-0.3348734821,,1.728793525
mode_invent,recall,10,center,305,-7.102695712,0.3809977219,,0.7749233271
mode_invent,recall,10,center,306,7.39905339,-0.01487597165,,0.7684190864
mode_invent,recall,10,center,307,-4.900054169,-8.417272112,,2.421437836
mode_invent,recall,10,center,308,5.532317703,6.200054397,,0.6997341391
mode_invent,recall,10,center,309,0.6821286252,-6.299269793,,1.276149337
mode_invent,recall,10,center,310,-4.52180857,5.969417084,,0.9117157753
mode_invent,recall,10,center,311,-13.69802399,0.786945348,,1.161052651
mode_invent,recall,10,center,312,-8.539326995,-0.04018805494,,0.874525331
mode_invent,recall,10,center,313,-4.750615246,7.614299464,,1.589747874
mode_invent,recall,10,center,314,-8.159267306,-0.04840068933,,0.6759735456
mode_invent,recall,10,center,315,5.855334443,-4.313650555,,0.890987746
mode_invent,recall,10,center,316,5.626540946,-4.187495213,,0.8724039948
mode_invent,recall,10,center,317,7.033342783,-0.1860362957,,0.8521462382
mode_invent,recall,10,center,318,5.458689093,-4.870348525,,0.6707929249
mode_invent,recall,10,center,319,-4.611593873,4.147409891,,1.262153962
mode_invent,recall,10,center,320,-8.915117626,0.3368524788,,1.006064879
mode_invent,recall,10,center,321,-14.65869365,-1.522427776,,1.36546345
mode_invent,recall,10,center,322,1.038479972,-7.506029916,,0.9337873722
mode_invent,recall,10,center,323,8.493177497,-0.4754457164,,0.6620347946
mode_invent,recall,10,center,324,1.028938452,7.760040004,,0.7594540639
mode_invent,recall,10,center,325,1.096435278,7.088334849,,0.934151941
mode_invent,recall,10,center,326,-0.8541354477,-7.795336789,,0.8747087604
mode_invent,recall,10,center,327,4.954522104,-4.981403184,,0.742860262
mode_invent,recall,10,center,328,-7.739912256,-0.9229712179,,0.7070803701
mode_invent,recall,10,center,329,-13.9271344,-0.3512776882,,0.7640031937
mode_invent,recall,10,center,330,-4.74102142,5.024301266,,0.8863915464
mode_invent,recall,10,center,331,7.560826905,1.211236905,,1.078365774
mode_invent,recall,10,center,332,-5.761406611,1.999008664,,2.209836603
mode_invent,recall,10,center,333,0.06322301166,8.218854707,,0.7027798909
mode_invent,recall,10,center,334,15.53345866,-0.1244348062,,1.398638904
mode_invent,recall,10,center,335,-0.9763491371,-7.883124403,,0.9157796826
mode_invent,recall,10,center,336,0.4515167805,7.170850382,,0.8249607244
mode_invent,recall,10,center,337,-7.303085391,-7.093583764,,1.345672921
mode_invent,recall,10,center,338,8.665429284,-0.7583765163,,0.687114
mode_invent,recall,10,center,339,13.85865291,0.2125586843,,1.141304433
mode_invent,recall,10,center,340,-7.380859121,-0.3349027987,,0.7680419504
mode_invent,recall,10,center,341,6.15556995,4.766793957,,0.6503834124
mode_invent,recall,10,center,342,-0.3617140257,6.975584412,,0.8363451101
mode_invent,recall,10,center,343,15.13176722,-0.02708322807,,1.166345181
mode_invent,recall,10,center,344,4.917546762,5.304482451,,0.7044289981
mode_invent,recall,10,center,345,-5.87858273,-4.956334458,,0.6349236178
mode_invent,recall,10,center,346,4.061218071,-6.694060091,,1.500069417
mode_invent,recall,10,center,347,-6.034961501,-3.124548417,,1.813115431
mode_invent,recall,10,center,348,-4.701175357,-5.768305929,,1.022637067
mode_invent,recall,10,center,349,-7.288000418,2.05743617,,1.68664866
mode_invent,recall,10,center,350,7.766256073,-0.3664133441,,0.6090019714
mode_invent,recall,10,center,351,6.868797793,-5.162678751,,0.9891203154
mode_invent,recall,10,center,352,6.328187405,5.14863185,,0.6405970227
mode_invent,recall,10,center,353,7.581057382,7.366445051,,2.407279236
mode_invent,recall,10,center,354,-5.090906461,6.341144088,,0.6910861108
mode_invent,recall,10,center,355,3.629593377,-5.019144456,,1.680410051
mode_invent,recall,10,center,356,-5.850962837,-5.222948544,,0.5004224879
mode_invent,recall,10,center,357,6.339313661,-5.998146018,,0.7404043613
mode_invent,recall,10,center,358,-7.34733605,-5.288979684,,1.280908479
mode_invent,recall,10,center,359,4.915470597,5.326660157,,0.6920276951
mode_invent,recall,10,center,360,5.052344405,-5.998428505,,0.697046494
mode_invent,recall,10,center,361,5.690479043,1.216947127,,1.870356579
mode_invent,recall,10,center,362,0.2533461023,-6.888600737,,0.8155877193
mode_invent,recall,10,center,363,7.636696079,-5.634261127,,1.403413396
mode_invent,recall,10,center,364,-1.802436256,-8.89388685,,1.688611898
mode_invent,recall,10,center,365,-6.86375873,5.154979606,,0.9908751761
mode_invent,recall,10,center,366,-7.920352022,-2.002187267,,1.107267191
mode_invent,recall,10,center,367,5.999329743,-7.167210903,,1.21749816
mode_invent,recall,10,center,368,-7.702634737,-0.1094911452,,0.8143337412
mode_invent,recall,10,center,369,-5.970485489,5.583811194,,0.6609758446
mode_invent,recall,10,center,370,-6.196632265,-6.269325693,,0.7440690734
mode_invent,recall,10,center,371,3.974097859,-5.686481564,,1.198399346
mode_invent,recall,10,center,372,1.845533711,-6.019504937,,2.002175695
mode_invent,recall,10,center,373,1.321817597,8.705801601,,0.9757112018
mode_invent,recall,10,center,374,13.32351988,1.442750788,,1.937715071
mode_invent,recall,10,center,375,13.94387245,-0.06887550976,,1.051431586
mode_invent,recall,10,center,376,-14.29122713,0.09196189902,,0.7012698969
mode_invent,recall,10,center,377,5.221639348,5.57307208,,0.5983742425
mode_invent,recall,10,center,378,4.572255141,-6.030517954,,0.8375243601
mode_invent,recall,10,center,379,2.28055647,-8.069594028,,1.693234437
mode_invent,recall,10,center,380,-0.2386605648,-7.467625721,,0.6972832107
mode_invent,recall,10,center,381,14.70812182,-1.113768859,,1.002404851
mode_invent,recall,10,center,382,7.792841217,0.9182758409,,0.9495540041
mode_invent,recall,10,center,383,5.926691879,-5.534900206,,0.6076563824
mode_invent,recall,10,center,384,9.554017669,-0.6777727596,,0.9738203682
mode_invent,recall,10,center,385,0.08274589511,7.479941335,,0.7252982404
mode_invent,recall,10,center,386,1.490308229,-9.951860399,,1.673226164
mode_invent,recall,10,center,387,-14.6701417,-0.529156966,,0.812648525
mode_invent,recall,10,center,388,0.6635396232,8.606275476,,0.6657592205
mode_invent,recall,10,center,389,1.39519426,6.425967158,,1.383435461
mode_invent,recall,10,center,390,-7.249524991,-0.2932798643,,0.8138646869
mode_invent,recall,10,center,391,-0.6656252373,8.539568533,,0.9250549764
mode_invent,recall,10,center,392,-6.576993832,3.579940954,,1.600931249
mode_invent,recall,10,center,393,-8.370218489,-1.497770852,,0.7474468634
mode_invent,recall,10,center,394,-14.64891582,0.3715547638,,0.8060792328
mode_invent,recall,10,center,395,-5.344854504,-4.069954801,,1.09712534
mode_invent,recall,10,center,396,-0.1996547469,6.466668409,,1.028216524
mode_invent,recall,10,center,397,-6.412951106,4.737470025,,0.7280828553
mode_invent,recall,10,center,398,-15.21782516,0.435367195,,1.199797382
mode_invent,recall,10,center,399,-6.302086587,-7.634227066,,1.368969091
mode_invent,recall,10,center,400,14.6969228,-0.1114265687,,0.898700652
mode_invent,recall,10,center,401,-5.300016971,-5.551132705,,0.6412847966
mode_invent,recall,10,center,402,6.288508984,-5.618835502,,0.7091744092
mode_invent,recall,10,center,403,6.893056733,-5.23187146,,0.9454142414
mode_invent,recall,10,center,404,0.3920676234,8.409866918,,0.685023045
mode_invent,recall,10,center,405,4.200216507,-5.821490001,,0.9845654525
mode_invent,recall,10,center,406,5.39753776,-5.449307528,,0.611219959
mode_invent,recall,10,center,407,6.641305836,1.634114777,,1.351939687
mode_invent,recall,10,center,408,5.761242914,4.445536709,,0.6924933423
mode_invent,recall,10,center,409,-9.708886964,-0.2812872937,,1.194152153
mode_invent,recall,10,center,410,-0.08967541293,-8.718292086,,0.7433908674
mode_invent,recall,10,center,411,8.092113828,-0.6411757672,,0.5629604853
mode_invent,recall,10,center,412,0.5516582517,-8.724541818,,0.781393009
mode_invent,recall,10,center,413,5.618354024,-4.678015076,,0.5860355314
mode_invent,recall,10,center,414,2.571668883,6.992356807,,1.824506049
mode_invent,recall,10,center,415,7.53549223,-0.8398356978,,0.6836136222
mode_invent,recall,10,center,416,-7.215671678,-1.148099306,,1.00307948
mode_invent,recall,10,center,417,5.172497204,-5.686455533,,0.6791183606
mode_invent,recall,10,center,418,4.67817571,4.699529207,,0.7972083365
mode_invent,recall,10,center,419,-6.132477138,-7.75729449,,1.471930642
mode_invent,recall,10,center,420,-1.445478217,7.586965912,,0.9455868319
mode_invent,recall,10,center,421,8.148230636,-0.185759986,,0.7168754455
mode_invent,recall,10,center,422,12.22603131,-0.4637862918,,1.767171702
mode_invent,recall,10,center,423,0.7984376405,8.555865512,,0.5707818957
mode_invent,recall,10,center,424,5.578106388,-6.544224125,,0.9368232555
mode_invent,recall,10,center,425,6.28807062,-6.235783231,,0.7740704079
mode_invent,recall,10,center,426,-6.826102652,-6.459040485,,1.034152842
mode_invent,recall,10,center,427,-6.551654708,0.2201800382,,1.152273564
mode_invent,recall,10,center,428,9.159247053,-0.4793363133,,0.7859635313
mode_invent,recall,10,center,429,6.595003589,-6.258358293,,0.9849020995
mode_invent,recall,10,center,430,7.842572631,2.48635026,,1.883141266
mode_invent,recall,10,center,431,-4.889705617,-6.158024625,,1.029976554
mode_invent,recall,10,center,432,-0.08481903903,-7.673776579,,0.5721090448
mode_invent,recall,10,center,433,9.21045759,-0.4891330917,,0.7447841655
mode_invent,recall,10,center,434,3.915535165,5.377212436,,1.020232895
mode_invent,recall,10,center,435,0.01538545716,-7.890462031,,0.5350613105
mode_invent,recall,10,center,436,1.316690136,8.316687078,,0.7735087154
mode_invent,recall,10,center,437,14.81291697,-1.101113694,,1.015623709
mode_invent,recall,10,center,438,0.8679014884,10.09621983,,1.835251501
mode_invent,recall,10,center,439,-4.883944959,-5.40329853,,0.7759155393
mode_invent,recall,10,center,440,-5.502866061,-3.86971201,,1.112653543
mode_invent,recall,10,center,441,-14.92718148,-0.111102358,,0.8651217437
mode_invent,recall,10,center,442,0.4602075929,8.744001108,,0.8603773716
mode_invent,recall,10,center,443,-8.437327906,0.3073213947,,0.8560540385
mode_invent,recall,10,center,444,5.378932768,-5.536383117,,0.6492833676
mode_invent,recall,10,center,445,-0.1320915404,-9.141593678,,1.027961839
mode_invent,recall,10,center,446,-14.02111359,0.8771515221,,1.26709143
mode_invent,recall,10,center,447,4.689835958,5.415762501,,0.677720336
mode_invent,recall,10,center,448,14.66478006,-1.069865107,,0.9589773651
mode_invent,recall,10,center,449,8.182638338,-1.060129819,,0.5960924327
mode_invent,recall,10,center,450,-4.522223749,-3.344032868,,1.863873101
mode_invent,recall,10,center,451,2.022255284,-8.219180678,,1.456478504
mode_invent,recall,10,center,452,6.397053378,-5.535856521,,0.6815686354
mode_invent,recall,10,center,453,5.758960146,-4.109097189,,0.9795311917
mode_invent,recall,10,center,454,-9.319179576,1.055294597,,1.39223669
mode_invent,recall,10,center,455,-5.705830245,-4.248313629,,0.9853814928
mode_invent,recall,10,center,456,0.1872333689,-8.672671995,,0.6656336496
mode_invent,recall,10,center,457,0.2771403768,-7.264032905,,0.6137308584
mode_invent,recall,10,center,458,-5.621090575,6.144892526,,0.6609758446
mode_invent,recall,10,center,459,5.135179074,3.522970349,,1.257256466
mode_invent,recall,10,center,460,0.9000235838,8.699159736,,0.6570701748
mode_invent,recall,10,center,461,14.14817838,0.06841056221,,1.000554949
mode_invent,recall,10,center,462,6.693150019,-6.113960975,,0.960608898
mode_invent,recall,10,center,463,-14.70653407,-0.1885498695,,0.7962061183
mode_invent,recall,10,center,464,-6.810902811,-1.387112904,,1.234897436
mode_invent,recall,10,center,465,6.848684242,-6.296107104,,1.103577675
mode_invent,recall,10,center,466,6.8992565,1.260061836,,1.050347909
mode_invent,recall,10,center,467,7.903109905,-1.300234364,,0.6856243266
mode_invent,recall,10,center,468,13.64126694,0.9310524309,,1.370150022
mode_invent,recall,10,center,469,1.192074193,-8.427098682,,0.9337873722
mode_invent,recall,10,center,470,6.063175009,-4.942769617,,0.7535211743
mode_invent,recall,10,center,471,5.012227756,6.011890325,,0.7525267657
mode_invent,recall,10,center,472,5.624976335,-6.19287866,,0.6791183606
mode_invent,recall,10,center,473,-0.4921479354,-7.932965518,,0.5896617834
mode_invent,recall,10,center,474,0.02985348696,-8.565489953,,0.5984326974
mode_invent,recall,10,center,475,7.574054892,1.113337238,,1.023155231
mode_invent,recall,10,center,476,-7.786172865,0.8850943666,,1.005292237
mode_invent,recall,10,center,477,-6.798177768,0.5888422596,,1.092164132
mode_invent,recall,10,center,478,2.270886313,7.174695968,,1.551203027
mode_invent,recall,10,center,479,6.465263843,5.338710276,,0.7455091132
mode_invent,recall,10,query,0,-7.69528292,-1.039984106,True,
mode_invent,recall,10,query,1,0.7504511958,-7.059435284,True,
mode_invent,recall,10,query,2,-7.607889438,4.354674743,True,
mode_invent,recall,10,query,3,5.784694653,-5.973096842,True,
mode_invent,recall,10,query,4,-8.016801158,-0.8530439276,True,
mode_invent,recall,10,query,5,6.536252224,-4.879062314,True,
mode_invent,recall,10,query,6,-7.933969302,1.127241207,True,
mode_invent,recall,10,query,7,0.4675093423,-8.859292463,True,
mode_invent,recall,10,query,8,6.025605034,-6.61573685,True,
mode_invent,recall,10,query,9,0.8784503013,-8.049925911,True,
mode_invent,recall,10,query,10,-5.841716613,-6.337783794,True,
mode_invent,recall,10,query,11,6.879395588,-5.811383732,True,
mode_invent,recall,10,query,12,5.228526427,-6.0089878,True,
mode_invent,recall,10,query,13,8.532309186,0.3654440644,True,
mode_invent,recall,10,query,14,-7.587267388,0.430821003,True,
mode_invent,recall,10,query,15,-3.515206649,-6.063269266,True,
mode_invent,recall,10,query,16,5.14461152,4.843081521,True,
mode_invent,recall,10,query,17,6.272833672,-4.527881957,True,
mode_invent,recall,10,query,18,-0.1139474577,-8.840156477,True,
mode_invent,recall,10,query,19,-8.824481216,0.6505927878,True,
mode_invent,recall,10,query,20,-4.913600078,6.200008518,True,
mode_invent,recall,10,query,21,-0.6655097073,-7.767838677,True,
mode_invent,recall,10,query,22,0.1166858091,-7.781311403,True,
mode_invent,recall,10,query,23,-4.785425472,5.880449798,True,
mode_invent,recall,10,query,24,6.335767813,5.724433319,True,
mode_invent,recall,10,query,25,-5.367734851,6.288142475,True,
mode_invent,recall,10,query,26,-7.114010069,-5.976525466,True,
mode_invent,recall,10,query,27,5.186481595,-6.295732098,True,
mode_invent,recall,10,query,28,7.724857749,1.494941311,True,
mode_invent,recall,10,query,29,4.791023134,6.625132604,True,
mode_invent,recall,10,query,30,3.973984478,-5.991739279,True,
mode_invent,recall,10,query,31,-5.494101184,-5.070631918,True,
mode_invent,recall,10,query,32,-4.94562767,6.450201485,True,
mode_invent,recall,10,query,33,-6.005579322,5.194502457,True,
mode_invent,recall,10,query,34,-4.798878368,5.465549925,True,
mode_invent,recall,10,query,35,-1.275686323,-9.133287214,True,
mode_invent,recall,10,query,36,4.737401963,-5.159693505,True,
mode_invent,recall,10,query,37,-5.514428513,6.347339604,True,
mode_invent,recall,10,query,38,-6.084106896,-5.498314558,True,
mode_invent,recall,10,query,39,-7.374409606,-0.3093465397,True,
mode_invent,recall,10,query,40,6.113629487,4.994928308,True,
mode_invent,recall,10,query,41,-6.019908096,-6.038592143,True,
mode_invent,recall,10,query,42,-6.852693895,-5.169881769,True,
mode_invent,recall,10,query,43,7.53059766,0.01249411873,True,
mode_invent,recall,10,query,44,6.137600908,-5.210323073,True,
mode_invent,recall,10,query,45,-4.991469141,-5.755339734,True,
mode_invent,recall,10,query,46,-0.423298312,-8.079718211,True,
mode_invent,recall,10,query,47,3.969519816,4.209741777,True,
mode_invent,recall,10,query,48,4.334154637,4.659607422,True,
mode_invent,recall,10,query,49,0.3997742267,-8.905479055,True,
mode_invent,recall,10,query,50,5.278691695,-4.357625952,True,
mode_invent,recall,10,query,51,-8.356263971,0.7375155685,True,
mode_invent,recall,10,query,52,4.723236569,5.451416692,True,
mode_invent,recall,10,query,53,-0.9500220549,-8.339033076,True,
mode_invent,recall,10,query,54,-4.816546112,-7.384174673,True,
mode_invent,recall,10,query,55,-5.222430606,-5.419118647,True,
mode_invent,recall,10,query,56,-8.594149956,-1.446057854,True,
mode_invent,recall,10,query,57,0.07212950771,7.470507291,True,
mode_invent,recall,10,query,58,5.889530461,5.678706395,True,
mode_invent,recall,10,query,59,7.258633141,-5.896209877,True,
mode_invent,recall,10,query,60,-6.680351742,5.836129884,True,
mode_invent,recall,10,query,61,5.876850933,-4.297666674,True,
mode_invent,recall,10,query,62,6.491965495,6.013725309,True,
mode_invent,recall,10,query,63,-4.193551358,-6.845617304,True,
mode_invent,recall,10,query,64,7.360248467,-0.9265759414,True,
mode_invent,recall,10,query,65,7.610190197,-1.376686148,True,
mode_invent,recall,10,query,66,6.292005196,5.434631552,True,
mode_invent,recall,10,query,67,-1.470806295,-9.015579081,True,
mode_invent,recall,10,query,68,0.3135138475,8.838126568,True,
mode_invent,recall,10,query,69,9.996730892,2.913862466,False,
mode_invent,recall,10,query,70,0.4144094333,7.01046188,True,
mode_invent,recall,10,query,71,-10.13204628,0.2677114623,True,
mode_invent,recall,10,query,72,-0.8129410953,-8.41535726,True,
mode_invent,recall,10,query,73,5.04475745,-5.797645136,True,
mode_invent,recall,10,query,74,6.72283448,-5.499805682,True,
mode_invent,recall,10,query,75,5.498219412,4.621200497,True,
mode_invent,recall,10,query,76,-1.674682945,7.513692091,True,
mode_invent,recall,10,query,77,5.603071699,-3.888924336,True,
mode_invent,recall,10,query,78,-5.526579728,-4.674114738,True,
mode_invent,recall,10,query,79,-6.156149848,4.471910483,True,
mode_invent,recall,10,query,80,7.034883238,-0.7252260645,True,
mode_invent,recall,10,query,81,2.128469732,-8.821386679,True,
mode_invent,recall,10,query,82,-4.818365046,4.753927071,True,
mode_invent,recall,10,query,83,-7.068426987,0.3849509661,True,
mode_invent,recall,10,query,84,-8.156637898,-0.04076252614,True,
mode_invent,recall,10,query,85,-0.6547876954,8.446072201,True,
mode_invent,recall,10,query,86,-6.11183773,-6.882460013,True,
mode_invent,recall,10,query,87,6.722062426,0.1725879177,True,
mode_invent,recall,10,query,88,9.579091256,0.1599916136,True,
mode_invent,recall,10,query,89,-5.775492576,5.942680389,True,
mode_invent,recall,10,query,90,-4.350852508,-5.437471748,True,
mode_invent,recall,10,query,91,7.589072769,1.10628871,True,
mode_invent,recall,10,query,92,8.428756438,1.535755992,True,
mode_invent,recall,10,query,93,-7.816765563,-1.224469032,True,
mode_invent,recall,10,query,94,-7.025013449,-4.005926317,True,
mode_invent,recall,10,query,95,9.723665721,-0.1795192133,True,
mode_invent,recall,10,query,96,-6.040041571,7.118298542,True,
mode_invent,recall,10,query,97,-9.107045682,-0.894727019,True,
mode_invent,recall,10,query,98,6.300181044,5.262249127,True,
mode_invent,recall,10,query,99,-0.00512186672,7.836557101,True,
mode_invent,recall,10,query,100,0.3375745488,9.407481861,True,
mode_invent,recall,10,query,101,0.0905849069,8.643938793,True,
mode_invent,recall,10,query,102,5.949827899,-0.04871840193,True,
mode_invent,recall,10,query,103,-0.8432302703,6.78118694,True,
mode_invent,recall,10,query,104,-8.878152367,-0.3341234407,True,
mode_invent,recall,10,query,105,0.9159025424,6.673607282,True,
mode_invent,recall,10,query,106,5.687485742,-6.141023683,True,
mode_invent,recall,10,query,107,-8.327673094,1.002757825,True,
mode_invent,recall,10,query,108,-7.461884563,1.337398107,True,
mode_invent,recall,10,query,109,-0.1545056792,7.304057388,True,
mode_invent,recall,10,query,110,-0.2238588169,-7.757503209,True,
mode_invent,recall,10,query,111,8.176573358,-1.084388072,True,
mode_invent,recall,10,query,112,-5.566364468,5.88508258,True,
mode_invent,recall,10,query,113,2.517474038,9.876844611,True,
mode_invent,recall,10,query,114,-8.853243351,-0.2873833615,True,
mode_invent,recall,10,query,115,-1.463442002,-8.590707014,True,
mode_invent,recall,10,query,116,-7.684394996,1.205853621,True,
mode_invent,recall,10,query,117,-0.7290838377,7.34585356,True,
mode_invent,recall,10,query,118,-7.804143279,-5.81952017,True,
mode_invent,recall,10,query,119,-6.719268661,5.127414822,True,
mode_invent,recall,10,query,120,-0.8768607782,7.905737446,True,
mode_invent,recall,10,query,121,6.242271609,-1.467045245,True,
mode_invent,recall,10,query,122,2.129247112,-9.287422581,True,
mode_invent,recall,10,query,123,-9.096785578,1.836913528,True,
mode_invent,recall,10,query,124,8.561921419,4.485287621,True,
mode_invent,recall,10,query,125,7.631751043,0.3415555509,True,
mode_invent,recall,10,query,126,1.728697644,-8.986857078,True,
mode_invent,recall,10,query,127,-0.2452778459,-7.222662424,True,
mode_invent,recall,10,query,128,8.434766074,-0.3761560712,True,
mode_invent,recall,10,query,129,-8.133822965,-1.374895808,True,
mode_invent,recall,10,query,130,-0.238173744,7.73361251,True,
mode_invent,recall,10,query,131,5.889024139,-6.212181468,True,
mode_invent,recall,10,query,132,-5.185315727,-4.644138432,True,
mode_invent,recall,10,query,133,5.812283577,6.008610658,True,
mode_invent,recall,10,query,134,-5.603698902,5.656938643,True,
mode_invent,recall,10,query,135,4.935296216,-5.340359988,True,
mode_invent,recall,10,query,136,5.559567651,-3.563685941,True,
mode_invent,recall,10,query,137,-4.083499347,-5.271007697,True,
mode_invent,recall,10,query,138,4.89379704,-6.769265721,True,
mode_invent,recall,10,query,139,6.847997203,5.919603475,True,
mode_invent,recall,10,query,140,6.136997653,3.912268263,True,
mode_invent,recall,10,query,141,-7.072561518,0.4544203382,True,
mode_invent,recall,10,query,142,4.546423565,5.185329442,True,
mode_invent,recall,10,query,143,-7.736282796,0.05246679836,True,
mode_invent,recall,10,query,144,5.364683064,-5.760342518,True,
mode_invent,recall,10,query,145,-5.908831628,-5.504291737,True,
mode_invent,recall,10,query,146,-6.528508027,-2.566658441,True,
mode_invent,recall,10,query,147,-5.893704514,5.833366671,True,
mode_invent,recall,10,query,148,5.952848239,5.284939668,True,
mode_invent,recall,10,query,149,-1.756721782,-7.672004516,True,
mode_invent,recall,10,query,150,9.727350214,-1.533861405,True,
mode_invent,recall,10,query,151,0.8638280137,-8.328525223,True,
mode_invent,recall,10,query,152,-0.06132434583,6.947101489,True,
mode_invent,recall,10,query,153,-5.991310422,-4.356809655,True,
mode_invent,recall,10,query,154,-7.417344758,1.732311605,True,
mode_invent,recall,10,query,155,1.177411889,8.439086679,True,
mode_invent,recall,10,query,156,7.400788776,-5.217861091,True,
mode_invent,recall,10,query,157,8.827988177,-0.2965709535,True,
mode_invent,recall,10,query,158,0.06654581586,-8.697423823,True,
mode_invent,recall,10,query,159,8.989583935,-1.178303623,True,
mode_invent,recall,10,query,160,0.7823503424,7.809348942,True,
mode_invent,recall,10,query,161,-4.485607156,-4.905985261,True,
mode_invent,recall,10,query,162,-3.836208092,6.387628941,True,
mode_invent,recall,10,query,163,-7.228894505,5.589901077,True,
mode_invent,recall,10,query,164,6.827992807,-0.5182798424,True,
mode_invent,recall,10,query,165,9.511228433,0.6375338109,True,
mode_invent,recall,10,query,166,-6.355784678,4.643136883,True,
mode_invent,recall,10,query,167,-5.624072157,4.4402941,True,
mode_invent,recall,10,query,168,4.985713972,5.968863721,True,
mode_invent,recall,10,query,169,1.155312036,-7.391238528,True,
mode_invent,recall,10,query,170,5.708710491,0.304366729,True,
mode_invent,recall,10,query,171,-7.927966427,0.4138902854,True,
mode_invent,recall,10,query,172,-4.040644568,-7.720092526,True,
mode_invent,recall,10,query,173,-6.247957675,6.247760572,True,
mode_invent,recall,10,query,174,6.418405601,1.475949048,True,
mode_invent,recall,10,query,175,0.3683566127,8.846583986,True,
mode_invent,recall,10,query,176,-0.5709436615,-7.18623631,True,
mode_invent,recall,10,query,177,-4.588382694,-5.423976229,True,
mode_invent,recall,10,query,178,5.891255142,5.927197489,True,
mode_invent,recall,10,query,179,-6.520199514,5.509325569,True,
mode_invent,recall,10,query,180,7.847477468,0.3833938644,True,
mode_invent,recall,10,query,181,0.9998242469,-9.058536082,True,
mode_invent,recall,10,query,182,-5.78186328,-4.175398702,True,
mode_invent,recall,10,query,183,7.256411771,-0.8222500173,True,
mode_invent,recall,10,query,184,8.202306192,0.8443851905,True,
mode_invent,recall,10,query,185,5.668280305,-4.327893659,True,
mode_invent,recall,10,query,186,0.8567939826,-7.158179933,True,
mode_invent,recall,10,query,187,6.210970751,-3.329201149,True,
mode_invent,recall,10,query,188,5.451692561,-7.660376542,True,
mode_invent,recall,10,query,189,-4.052599888,5.199154819,True,
mode_invent,recall,10,query,190,5.764734694,6.966404934,True,
mode_invent,recall,10,query,191,4.054594708,-6.908501464,True,
mode_invent,recall,10,query,192,-7.258132187,-6.45099054,True,
mode_invent,recall,10,query,193,6.096490856,6.181042092,True,
mode_invent,recall,10,query,194,8.276274179,-1.412765884,True,
mode_invent,recall,10,query,195,-7.966957686,5.711207835,True,
mode_invent,recall,10,query,196,-8.471776034,0.4593857717,True,
mode_invent,recall,10,query,197,0.7019536262,-7.861758568,True,
mode_invent,recall,10,query,198,6.416987335,-5.427642875,True,
mode_invent,recall,10,query,199,6.186918955,4.952180987,True,
mode_invent,recall,10,query,200,5.477242836,-5.460078153,True,
mode_invent,recall,10,query,201,0.8205284754,7.606258828,True,
mode_invent,recall,10,query,202,8.521167256,-0.2658387919,True,
mode_invent,recall,10,query,203,-5.774396417,6.486373292,True,
mode_invent,recall,10,query,204,-1.993060371,-9.296472328,True,
mode_invent,recall,10,query,205,4.174668852,3.32323813,True,
mode_invent,recall,10,query,206,4.978589809,6.406288149,True,
mode_invent,recall,10,query,207,5.371970183,-5.459064168,True,
mode_invent,recall,10,query,208,9.089217497,1.327686132,True,
mode_invent,recall,10,query,209,5.587716315,7.010440139,True,
mode_invent,recall,10,query,210,8.092126658,-0.8373982238,True,
mode_invent,recall,10,query,211,7.405599648,-1.480536513,True,
mode_invent,recall,10,query,212,-8.888133854,-0.3580166881,True,
mode_invent,recall,10,query,213,6.460439269,-3.936084418,True,
mode_invent,recall,10,query,214,6.617818485,0.3928274683,True,
mode_invent,recall,10,query,215,-9.040543939,0.4746970885,True,
mode_invent,recall,10,query,216,-5.7879409,3.825948424,True,
mode_invent,recall,10,query,217,-4.728557258,-6.261854962,True,
mode_invent,recall,10,query,218,-0.5339002384,-9.069752411,True,
mode_invent,recall,10,query,219,5.002570973,-5.228963809,True,
mode_invent,recall,10,query,220,-8.189244341,0.3286620023,True,
mode_invent,recall,10,query,221,6.018776103,6.977515905,True,
mode_invent,recall,10,query,222,5.314068099,-7.133712066,True,
mode_invent,recall,10,query,223,1.067222417,7.668511828,True,
mode_invent,recall,10,query,224,1.114592445,-7.616622887,True,
mode_invent,recall,10,query,225,7.86886247,0.348775894,True,
mode_invent,recall,10,query,226,-3.705841689,7.733834779,True,
mode_invent,recall,10,query,227,5.726235385,5.817044843,True,
mode_invent,recall,10,query,228,-4.580614092,-6.502515282,True,
mode_invent,recall,10,query,229,0.3330703726,-8.025862848,True,
mode_invent,recall,10,query,230,0.3139082115,-8.833368806,True,
mode_invent,recall,10,query,231,-7.246421743,-7.729837685,True,
mode_invent,recall,10,query,232,6.882615887,-0.4586752849,True,
mode_invent,recall,10,query,233,-0.2931915866,-6.062768838,True,
mode_invent,recall,10,query,234,9.10599337,-0.9620911163,True,
mode_invent,recall,10,query,235,8.347708452,-0.4070782364,True,
mode_invent,recall,10,query,236,-5.941218088,-5.4715286,True,
mode_invent,recall,10,query,237,6.276025366,5.317595766,True,
mode_invent,recall,10,query,238,1.063851533,6.858061774,True,
mode_invent,recall,10,query,239,-5.650515187,8.254527976,True,
mode_invent,recall,10,query,240,8.223079743,1.433214507,True,
mode_invent,recall,10,query,241,-5.565334071,-5.076077154,True,
mode_invent,recall,10,query,242,5.600071055,5.486446668,True,
mode_invent,recall,10,query,243,-6.436336646,6.087155608,True,
mode_invent,recall,10,query,244,-8.851537189,0.6655852363,True,
mode_invent,recall,10,query,245,6.742141254,6.023385657,True,
mode_invent,recall,10,query,246,-5.943102983,-5.20288867,True,
mode_invent,recall,10,query,247,-8.308673056,0.9355471255,True,
mode_invent,recall,10,query,248,-7.488260334,5.321246881,True,
mode_invent,recall,10,query,249,3.666042254,4.161793419,True,
mode_invent,recall,10,query,250,9.36386223,0.895184982,True,
mode_invent,recall,10,query,251,4.937374016,4.154350793,True,
mode_invent,recall,10,query,252,-2.964528838,7.456504492,False,
mode_invent,recall,10,query,253,2.420415012,8.434884271,True,
mode_invent,recall,10,query,254,-8.559572286,0.4650802095,True,
mode_invent,recall,10,query,255,4.095895896,5.359530887,True,
mode_invent,recall,10,query,256,5.756331723,5.570753598,True,
mode_invent,recall,10,query,257,6.447660371,6.001499476,True,
mode_invent,recall,10,query,258,-7.331673982,-0.6883722822,True,
mode_invent,recall,10,query,259,0.8978154084,-6.371063052,True,
mode_invent,recall,10,query,260,-0.9701495197,7.112304344,True,
mode_invent,recall,10,query,261,9.335784336,-0.1913439867,True,
mode_invent,recall,10,query,262,-4.253032857,-6.099389961,True,
mode_invent,recall,10,query,263,1.455045576,8.131485817,True,
mode_invent,recall,10,query,264,0.2582288233,-6.435281978,True,
mode_invent,recall,10,query,265,-8.361770477,-0.9411220959,True,
mode_invent,recall,10,query,266,-8.448564208,0.4523339506,True,
mode_invent,recall,10,query,267,-7.222613322,-5.019383347,True,
mode_invent,recall,10,query,268,-0.5387713176,9.147812661,True,
mode_invent,recall,10,query,269,-2.394260305,-8.786565775,True,
mode_invent,recall,10,query,270,-1.686468151,-8.826229466,True,
mode_invent,recall,10,query,271,-5.409188348,-5.836080875,True,
mode_invent,recall,10,query,272,-0.2533775689,-8.159184871,True,
mode_invent,recall,10,query,273,-5.453466009,4.648318208,True,
mode_invent,recall,10,query,274,-4.950004609,6.31952022,True,
mode_invent,recall,10,query,275,8.385037938,0.5565334428,True,
mode_invent,recall,10,query,276,-7.703581999,2.035073303,True,
mode_invent,recall,10,query,277,-5.743948421,-5.963937468,True,
mode_invent,recall,10,query,278,-6.41038183,-6.68911692,True,
mode_invent,recall,10,query,279,-9.244471788,-0.8887973132,True,
mode_invent,recall,10,query,280,-5.727534631,5.991149378,True,
mode_invent,recall,10,query,281,-5.605712191,4.891318972,True,
mode_invent,recall,10,query,282,-4.756669685,6.396266922,True,
mode_invent,recall,10,query,283,5.497205942,5.003938105,True,
mode_invent,recall,10,query,284,-5.108426329,-5.468880662,True,
mode_invent,recall,10,query,285,4.20872699,5.588873994,True,
mode_invent,recall,10,query,286,-7.737964188,-0.8996947865,True,
mode_invent,recall,10,query,287,5.846697642,4.202031764,True,
mode_invent,recall,10,query,288,6.99304035,6.904804235,True,
mode_invent,recall,10,query,289,-5.909371584,6.020308587,True,
mode_invent,recall,10,query,290,5.590078034,-1.15634766,True,
mode_invent,recall,10,query,291,5.363075329,-6.728987271,True,
mode_invent,recall,10,query,292,0.7143964826,-6.002703469,True,
mode_invent,recall,10,query,293,-1.176614719,7.162536596,True,
mode_invent,recall,10,query,294,-5.421405881,7.267970398,True,
mode_invent,recall,10,query,295,-1.222374313,8.249036122,True,
mode_invent,recall,10,query,296,-3.835555399,-7.308613398,True,
mode_invent,recall,10,query,297,6.718930793,-0.4236066065,True,
mode_invent,recall,10,query,298,-0.5205884129,8.812601288,True,
mode_invent,recall,10,query,299,-7.75834028,-1.77496206,True,
mode_invent,recall,10,query,300,-5.141443847,5.079315362,True,
mode_invent,recall,10,query,301,-6.725552783,-0.6275875364,True,
mode_invent,recall,10,query,302,-0.6366152831,8.541131611,True,
mode_invent,recall,10,query,303,-7.237073518,0.4480993639,True,
mode_invent,recall,10,query,304,6.314402683,0.5380344399,True,
mode_invent,recall,10,query,305,4.622546198,-5.421578138,True,
mode_invent,recall,10,query,306,-1.423734435,-7.553677852,True,
mode_invent,recall,10,query,307,-0.8065989043,-9.28263465,True,
mode_invent,recall,10,query,308,8.713820136,0.2416445217,True,
mode_invent,recall,10,query,309,-6.270831051,-4.2056754,True,
mode_invent,recall,10,query,310,-0.4406524216,8.032107674,True,
mode_invent,recall,10,query,311,5.925767697,5.037188315,True,
mode_invent,recall,10,query,312,6.127990543,-6.190306597,True,
mode_invent,recall,10,query,313,7.588361678,1.36264264,True,
mode_invent,recall,10,query,314,-1.040586053,5.587219669,True,
mode_invent,recall,10,query,315,-6.389063005,2.549327953,True,
mode_invent,recall,10,query,316,-0.4052692654,-9.936838041,True,
mode_invent,recall,10,query,317,-0.3104839762,-8.28622295,True,
mode_invent,recall,10,query,318,-0.189923841,-9.113388042,True,
mode_invent,recall,10,query,319,-7.420438858,0.5245073753,True,
mode_invent,recall,10,query,320,-7.151259869,6.356050981,True,
mode_invent,recall,10,query,321,7.709539231,-5.484893917,True,
mode_invent,recall,10,query,322,-5.994179412,-5.798857464,True,
mode_invent,recall,10,query,323,0.615256767,6.269328394,True,
mode_invent,recall,10,query,324,-5.492463547,-6.047318199,True,
mode_invent,recall,10,query,325,-3.809029237,-5.831026983,True,
mode_invent,recall,10,query,326,1.667887611,6.896259302,True,
mode_invent,recall,10,query,327,6.244113416,5.976254513,True,
mode_invent,recall,10,query,328,-0.8690472479,8.177396115,True,
mode_invent,recall,10,query,329,-4.444335413,5.333062545,True,
mode_invent,recall,10,query,330,6.308037351,-0.01756282648,True,
mode_invent,recall,10,query,331,-6.559277344,-5.999195188,True,
mode_invent,recall,10,query,332,-8.08158777,-1.705652216,True,
mode_invent,recall,10,query,333,6.384341661,0.4820668355,True,
mode_invent,recall,10,query,334,-8.522718696,-2.564744342,True,
mode_invent,recall,10,query,335,6.441698286,-5.384484494,True,
mode_invent,recall,10,query,336,-6.370729074,-6.973684461,True,
mode_invent,recall,10,query,337,-7.164192104,0.3493506226,True,
mode_invent,recall,10,query,338,8.039456532,6.077042848,True,
mode_invent,recall,10,query,339,6.044557391,-5.82378218,True,
mode_invent,recall,10,query,340,-4.840078382,6.281939451,True,
mode_invent,recall,10,query,341,1.251725009,7.478677081,True,
mode_invent,recall,10,query,342,-6.092261722,-6.13595742,True,
mode_invent,recall,10,query,343,6.447655971,-4.158479809,True,
mode_invent,recall,10,query,344,-0.4588404931,7.575226272,True,
mode_invent,recall,10,query,345,-7.685922776,-0.2457615,True,
mode_invent,recall,10,query,346,0.9520536531,-10.25177729,True,
mode_invent,recall,10,query,347,4.830149203,-6.439270583,True,
mode_invent,recall,10,query,348,3.336498237,-6.620492694,True,
mode_invent,recall,10,query,349,-6.572010365,-5.857958904,True,
mode_invent,recall,10,query,350,1.112965892,7.754939349,True,
mode_invent,recall,10,query,351,-1.03081372,7.943045459,True,
mode_invent,recall,10,query,352,-6.950826379,-0.9759588161,True,
mode_invent,recall,10,query,353,-0.9105748839,8.558548959,True,
mode_invent,recall,10,query,354,-8.221536116,0.6474846907,True,
mode_invent,recall,10,query,355,5.643207458,6.358517898,True,
mode_invent,recall,10,query,356,6.964921886,-0.01208465079,True,
mode_invent,recall,10,query,357,5.446164235,4.440963325,True,
mode_invent,recall,10,query,358,-1.563477948,-7.314250965,True,
mode_invent,recall,10,query,359,7.649047618,-1.022280282,True,
mode_invent,recall,10,query,360,5.560675313,6.784873107,True,
mode_invent,recall,10,query,361,-7.937592095,-7.153492939,True,
mode_invent,recall,10,query,362,4.733967808,7.118033116,True,
mode_invent,recall,10,query,363,8.282586983,0.7673172405,True,
mode_invent,recall,10,query,364,-1.140160919,-9.119535875,True,
mode_invent,recall,10,query,365,-5.209040533,5.71512858,True,
mode_invent,recall,10,query,366,0.5487388189,7.812329009,True,
mode_invent,recall,10,query,367,-7.721856274,0.1581190849,True,
mode_invent,recall,10,query,368,-7.222232611,0.8070082819,True,
mode_invent,recall,10,query,369,-7.276726244,-7.904122805,True,
mode_invent,recall,10,query,370,6.658599647,-4.469129156,True,
mode_invent,recall,10,query,371,6.97937698,-1.859835407,True,
mode_invent,recall,10,query,372,-5.557819428,-4.726016023,True,
mode_invent,recall,10,query,373,-3.859259727,-5.140556677,True,
mode_invent,recall,10,query,374,-0.3717166966,-8.893130622,True,
mode_invent,recall,10,query,375,5.668305541,-5.956118953,True,
mode_invent,recall,10,query,376,-6.671922155,7.7056099,True,
mode_invent,recall,10,query,377,-3.871685847,6.792902933,True,
mode_invent,recall,10,query,378,4.736003852,-4.801834925,True,
mode_invent,recall,10,query,379,0.6396264095,-7.557454376,True,
mode_invent,recall,10,query,380,6.906519517,-5.021483107,True,
mode_invent,recall,10,query,381,-7.259985764,0.6369062834,True,
mode_invent,recall,10,query,382,-5.316062841,3.87324312,True,
mode_invent,recall,10,query,383,5.740475327,5.100662291,True,
mode_invent,recall,10,query,384,-1.279840958,-6.318183381,True,
mode_invent,recall,10,query,385,1.728995341,9.3592206,True,
mode_invent,recall,10,query,386,5.912067666,7.00747937,True,
mode_invent,recall,10,query,387,-7.987946819,0.2027972769,True,
mode_invent,recall,10,query,388,-1.09347137,-7.603008696,True,
mode_invent,recall,10,query,389,0.06038592842,-9.302652117,True,
mode_invent,recall,10,query,390,-0.05119711182,7.920270436,True,
mode_invent,recall,10,query,391,7.454415416,-4.762640921,True,
mode_invent,recall,10,query,392,8.011445439,0.2487873098,True,
mode_invent,recall,10,query,393,0.0442123781,-8.202913985,True,
mode_invent,recall,10,query,394,-1.082427197,-8.151051878,True,
mode_invent,recall,10,query,395,-6.402952506,4.406538711,True,
mode_invent,recall,10,query,396,0.5112218145,8.39126466,True,
mode_invent,recall,10,query,397,-1.786707511,-8.122684637,True,
mode_invent,recall,10,query,398,6.652555635,6.716077988,True,
mode_invent,recall,10,query,399,1.025836843,8.038913207,True,
mode_invent,recall,10,query,400,-6.501899577,4.573155422,True,
mode_invent,recall,10,query,401,0.3446049048,8.379280034,True,
mode_invent,recall,10,query,402,-4.369523138,6.7568339,True,
mode_invent,recall,10,query,403,5.524625593,4.412648371,True,
mode_invent,recall,10,query,404,-5.975960847,-5.439623055,True,
mode_invent,recall,10,query,405,-8.202083245,-0.5778941081,True,
mode_invent,recall,10,query,406,-7.747115185,-0.5039577414,True,
mode_invent,recall,10,query,407,5.028788166,-5.345401415,True,
mode_invent,recall,10,query,408,5.254861669,5.900958638,True,
mode_invent,recall,10,query,409,-5.383650227,4.517425248,True,
mode_invent,recall,10,query,410,5.175613126,7.094631189,True,
mode_invent,recall,10,query,411,4.494774737,-7.773508698,True,
mode_invent,recall,10,query,412,3.795009096,5.685964196,True,
mode_invent,recall,10,query,413,8.030917278,-0.1176108554,True,
mode_invent,recall,10,query,414,1.214189829,-10.67283443,True,
mode_invent,recall,10,query,415,-7.604066126,1.561438202,True,
mode_invent,recall,10,query,416,-6.784635014,5.277047738,True,
mode_invent,recall,10,query,417,-0.7528919172,-8.894346046,True,
mode_invent,recall,10,query,418,5.330592244,-4.229368966,True,
mode_invent,recall,10,query,419,-6.162613325,-0.335939225,True,
mode_invent,recall,10,query,420,7.561914464,5.692430726,True,
mode_invent,recall,10,query,421,1.753691027,7.90670135,True,
mode_invent,recall,10,query,422,5.787912076,-5.291379777,True,
mode_invent,recall,10,query,423,-2.47800057,6.508139824,False,
mode_invent,recall,10,query,424,4.94958972,-4.687856379,True,
mode_invent,recall,10,query,425,-6.018686787,-6.146604432,True,
mode_invent,recall,10,query,426,-4.74825289,5.687939837,True,
mode_invent,recall,10,query,427,0.2785759145,8.013985222,True,
mode_invent,recall,10,query,428,-5.320271123,6.081820147,True,
mode_invent,recall,10,query,429,3.719887317,-4.990281581,True,
mode_invent,recall,10,query,430,4.67483483,-7.099153385,True,
mode_invent,recall,10,query,431,-0.05841124386,8.083981003,True,
mode_invent,recall,10,query,432,-6.350360414,-4.825822392,True,
mode_invent,recall,10,query,433,-6.999029416,-6.063797998,True,
mode_invent,recall,10,query,434,-6.241728384,5.610266979,True,
mode_invent,recall,10,query,435,5.935718534,4.6489613,True,
mode_invent,recall,10,query,436,0.7242826775,8.063002368,True,
mode_invent,recall,10,query,437,3.764907996,-7.61544569,True,
mode_invent,recall,10,query,438,-0.01231929293,7.779032682,True,
mode_invent,recall,10,query,439,5.553434136,5.628871793,True,
mode_invent,recall,10,query,440,5.882414089,-4.70920464,True,
mode_invent,recall,10,query,441,-6.76795915,4.484882657,True,
mode_invent,recall,10,query,442,-1.093323858,8.288916667,True,
mode_invent,recall,10,query,443,1.244947379,-8.431339438,True,
mode_invent,recall,10,query,444,3.155154405,-7.360847112,True,
mode_invent,recall,10,query,445,-0.8330367228,7.442271113,True,
mode_invent,recall,10,query,446,-6.065242877,-5.618273127,True,
mode_invent,recall,10,query,447,7.688253669,1.049339611,True,
mode_invent,recall,10,query,448,-6.332871555,-6.519172209,True,
mode_invent,recall,10,query,449,6.135729788,-7.192496319,True,
mode_invent,recall,10,query,450,0.3896917053,8.102553184,True,
mode_invent,recall,10,query,451,-5.804296739,7.245130357,True,
mode_invent,recall,10,query,452,7.377792555,2.060298171,True,
mode_invent,recall,10,query,453,5.4314228,4.379837805,True,
mode_invent,recall,10,query,454,-7.930080419,-1.0762452,True,
mode_invent,recall,10,query,455,-0.7517558478,8.3970333,True,
mode_invent,recall,10,query,456,0.5555820887,7.3778323,True,
mode_invent,recall,10,query,457,0.987405145,-6.842492242,True,
mode_invent,recall,10,query,458,-6.563698243,0.5294134071,True,
mode_invent,recall,10,query,459,1.363428712,6.119201572,True,
mode_invent,recall,10,query,460,-0.3179065486,7.132994744,True,
mode_invent,recall,10,query,461,-5.537628388,5.08540503,True,
mode_invent,recall,10,query,462,-8.166157842,1.88217488,True,
mode_invent,recall,10,query,463,7.830280204,0.4137923172,True,
mode_invent,recall,10,query,464,-5.889123579,-5.581140962,True,
mode_invent,recall,10,query,465,-5.650837569,-5.208530184,True,
mode_invent,recall,10,query,466,9.165307536,1.647393998,True,
mode_invent,recall,10,query,467,5.966474331,6.246401136,True,
mode_invent,recall,10,query,468,-6.807718759,-5.744730992,True,
mode_invent,recall,10,query,469,6.597143714,-4.790885611,True,
mode_invent,recall,10,query,470,5.868463982,6.543248209,True,
mode_invent,recall,10,query,471,-5.16608754,-4.456547991,True,
mode_invent,recall,10,query,472,0.289359157,7.644301684,True,
mode_invent,recall,10,query,473,8.335841257,-2.930594376,False,
mode_invent,recall,10,query,474,-5.273968513,2.008441424,True,
mode_invent,recall,10,query,475,-1.723463407,-7.548231399,True,
mode_invent,recall,10,query,476,-5.179324912,4.494425469,True,
mode_invent,recall,10,query,477,7.287897958,1.370540989,True,
mode_invent,recall,10,query,478,5.172824118,-3.413933937,True,
mode_invent,recall,10,query,479,-0.001919853176,-7.591963823,True,
